{"category":"TV","brand":"TOSHIBA","model":"1377","type":1,"version":"1.0","create_date":1695021554925,"protocol":"TOSHIBA","map_code":[{"key":"MUTE","name":"MUTE","code":"+4610-4544+596-1636+594-504+592fG-1634EfGfGfGfE-1632EfGfGhEfG-524GfGfGfGfGhEfGhEfGfGfGhEhEfGhEfGhEhEhE","mapping_code":"7_20_9_2425366743","state":1},{"key":"INPUT","name":"INPUT","code":"+4610-4562+596-1648+594-504+592fG-1634EfGfGfGfGhEfGfE-1632EfGfGfGfGfGhEfGhEhEfGfGfGhEfGhEfGfGhEhEhE","mapping_code":"7_26_9_2425378983","state":1},{"key":"LAST","name":"LAST","code":"+4606-4518+596-1640+594-504+592fG-1632EfGfGfGfG-1634EfGfGiEfGfGfGfGiEiEfGiEiEfGfGfGfGfGiEfGfGiEiGiE","mapping_code":"7_27_9_2425411623","state":1},{"key":"POWER","name":"POWER","code":"+4588-4538+594-1634C-504+592eFdCeFeFeFeFdCeFeFdCeFeFeFeFdCdCeFdCeFeFeFeFeF-506FdCeFdCdCdCdC","mapping_code":"7_11_9_2425409583","state":1},{"key":"0","name":"0","code":"+4634-4534+596-1636+594-504+592fG-1634EfGfGfGfGhEfGfGhEfGfGfGfGhEfGfGhEfGfGfGfGfGhEhEfGhEhEhEhE","mapping_code":"7_9_9_2425393263","state":1},{"key":"1","name":"1","code":"+4588-4538+594-1634C-504+592eFdCeFeFeFeFdCeFeFdCeFeFeFeFeFeFeFeFeFeFeFeFdCdCdCdCdCdFdFdC","mapping_code":"7_0_9_2425356543","state":1},{"key":"2","name":"2","code":"+4584-4534+596-1636+594-504+592fG-1634EfGfGfGfGhEfGfGhEfGfGfGfGhEfGfGfGfGfGfGfGfGhEhEhEhEhEhEhE","mapping_code":"7_1_9_2425389183","state":1},{"key":"3","name":"3","code":"+4664-4562+596-1636+594-504+592fG-1634EfGfGfGfGhEfGfGhEfGfGfGfGfGhEfGfGfGfGfGfGhEfGhEhEhEhEhEhG","mapping_code":"7_2_9_2425372863","state":1},{"key":"4","name":"4","code":"+4584-4538+596-1636+594-504+592fG-1634EfGfGfGfGhEfGfGhEfGfGfGfGhEhEfGfGfGfGfGfG-506GfGhEhEhEhEhEhE","mapping_code":"7_3_9_2425405503","state":1},{"key":"5","name":"5","code":"+4610-4514+596-1636+594-504+592fG-1634EfGfGfGfGhEfGfGhEfGfGfG-506GfGiGhEfGfGfGfGfGhEhEfGhGhEhEhEhE","mapping_code":"7_4_9_2425364703","state":1},{"key":"6","name":"6","code":"+4686-4564+596-1644+594-504+592fG-1634EfGfGfGfGhEfGfGhEfGfGfGfGhEfGhEfGfG-506GfGiGfGhGiGhEhEhEhGhE","mapping_code":"7_5_9_2425397343","state":1},{"key":"7","name":"7","code":"+4606-4568+596-1644+594-504+592fG-1634EfGfGfGfGhEfGfGhEfGfGfGfG-506GhEhEfGfGfEfGfGhEfGfGhEhEhEhEhE","mapping_code":"7_6_9_2425381023","state":1},{"key":"8","name":"8","code":"+4588-4540+596-1634+594-504+592fGdEfGfGfGfGdEfGfGdEfGfGfGfGdEdGdG-506GfGhGfGhGfGhGfGdEdEdEdEdC","mapping_code":"7_7_9_2425413663","state":1},{"key":"9","name":"9","code":"+4638-4552+596-1636+594-504+592fG-1634EfGfGfGfGhEfGfGhEfGfGfGfGfGfGfGhEfGfGfGfGhEhEhEfGhEhEhGhE","mapping_code":"7_8_9_2425360623","state":1},{"key":"MENU","name":"MENU","code":"+4616-4576+596-1644+594-504+592fG-1634EfGfGfGfGhEfGfGhEfGfGfGfGhEhEfGfGhEhEfGfGfGfGhEhG-506GfGhEhE","mapping_code":"7_51_9_2425408563","state":1},{"key":"UP","name":"UP","code":"+4608-4514+596-1636+594-504+592fG-1634EfGfGfGfGhEfGfGhEfGfGfGfGfGfG-506GfE-1632EfGfGfGhEhGhEhEfGhEhGhE","mapping_code":"7_16_9_2425358583","state":1},{"key":"DOWN","name":"DOWN","code":"+4610-4514+596-1636+594-504+592fG-1634EfGfGfGfGhEfGfGhEfGfGfG-506GhEfGfGfGhGiGfGfGfGhGhEhEfGhEhGhE","mapping_code":"7_17_9_2425391223","state":1},{"key":"LEFT","name":"LEFT","code":"+4584-4534+596-1636+594-504+592fG-1634EfGfGfGfGhEfGfGhEfGfGfGfGfGhEfGfGhEfG-506GfGhEfGhEhEfGhEhEhE","mapping_code":"7_18_9_2425374903","state":1},{"key":"RIGHT","name":"RIGHT","code":"+4588-4538+594-1634C-504+592eFdCeFeFeFeFdCeFeFdCeFeFeFeFdCdCeFeFdF-506FeFgFeFeFdCdCeFdCdCdC","mapping_code":"7_19_9_2425407543","state":1},{"key":"ENTER","name":"ENTER","code":"+4608-4518+596-1636+594-504+592fG-1634EfGfGfGfGhEfGfGhEfG-506GfGfGfGhEfGhEhEfGhEfGhGiGhEfGiGhEfGhE","mapping_code":"7_90_9_2425379493","state":1}],"_id":"VzlVuaE8k6w1sreI"}
