{"category":"TV","brand":"TOSHIBA","model":"1417","type":1,"version":"1.0","create_date":1695005647338,"protocol":"TOSHIBA","map_code":[{"key":"0","name":"0","code":"+9176-4552+596-508C-506C-1640CdCd+594dCeCdG-1642CfCdGfChChCfCfCdGdCdGdG-1662CdCdGdChChChChCdGhChChC-41796+9212-2246+598","mapping_code":"3_16_4_551487735","state":1},{"key":"1","name":"1","code":"+9210-4554+598-510+594-508E-1640+596fEfEfHfEfE-1642HiHfEgHiH-1644EiHgHgHfH-522EfHgHfEfEfEfHgHgHgHfEiHgHgH-41778+9240-2270C","mapping_code":"3_17_4_551520375","state":1},{"key":"2","name":"2","code":"+9204-4540+596-508+594dE-1642CdEdCdEdCdE-1640CfCdCgCgCgCgCfCdCgCdEdEfCdEdCdEfCdEfCfCdEfCgCfC-41816+9212-2230+598","mapping_code":"3_18_4_551504055","state":1},{"key":"3","name":"3","code":"+9202-4552+596-508+594dE-1640CdEdEdCdEdCfCfCdE-1642CgCgCfCfCfCfCdEdEgCdCdEdEdEdEgCgCdEgCgCgC-41796+9186-2236C","mapping_code":"3_19_4_551536695","state":1},{"key":"4","name":"4","code":"+9234-4570+598-508+596d+594-1640EdEdFdEdFdEgEgEdF-1642EhEhEhEgEdFdEgEdFhEdFdFdFgEhEdEgEdFhEhEhE-41778+9186-2258E","mapping_code":"3_20_4_551495895","state":1},{"key":"5","name":"5","code":"+9492-4574+600-518+596-508+594-1640EfEfGfEfGfEhEhE-506E-1642EjEhEhEhEhEfGjEfGjEfGfGfEfGjEfGhEfGjEhEhE-41756+9212-2248E","mapping_code":"3_21_4_551528535","state":1},{"key":"6","name":"6","code":"+9206-4556+596-508+594dE-1642CdEdCdEdCdE-1640CfCdCgCgCfCfCfC-506CgCfCdEfCdEdEdEfCdEdEfCdEfCfCfC-41816+9212-2232C","mapping_code":"3_22_4_551512215","state":1},{"key":"7","name":"7","code":"+9224-4558+598-508C-504+594-1642+596dHdFdHdFdFgH-1640HdFgHgHgHiHiHiHgHgHdHiHdFdFdFdHdFdHiHdFgHgHgH-41838+9240-2258C","mapping_code":"3_23_4_551544855","state":1},{"key":"8","name":"8","code":"+9210-4552+598-510+594-508+596-1640GfEfEfEfGfE-1642GiGfEiG-1644+592iGiGiGfEfEfEiGiGfGfEfGhGhGiGfGfEiGiGiG-41790+9186-2234G","mapping_code":"3_24_4_551491815","state":1},{"key":"9","name":"9","code":"+9204-4538+596-508Cd+594-1642CdCdEdCdEdC-1640CgCdEfCgCgCgCfCfCdCdEfCfCdEdEdEdEfCfCdEdEfCgCgC-41830+9212-2234+598","mapping_code":"3_25_4_551524455","state":1},{"key":"POWER","name":"POWER","code":"+9236-4542+598-510+594-508+596-1640GfEfGfEfGfEhG-1642GfGhGhGhGiGiGfGfG-506GhGfEfEfEfGhGhGiGfGhGhGhGiG-41794+9212-2240C","mapping_code":"3_8_4_551489775","state":1},{"key":"MENU","name":"MENU","code":"+9250-4560+598-510+594-508+596-1640GfEfGfEfGfE-1642GiGfEhGiGiGiGhGhGhGfEfEfEfGhGfEfEfEiGiGiGhGfEiG-41760+9184-2278C","mapping_code":"3_67_4_551535165","state":1},{"key":"UP","name":"UP","code":"+9206-4552+598-508+596d+594-1642E-506EdEdFdFdE-1640EiEdEiEiEiEiEiEdEdFdFdFdFdFiEdEiEiEiEiEgEgEdFgE-41826+9214-2254C","mapping_code":"3_64_4_551486205","state":1},{"key":"DOWN","name":"DOWN","code":"+9202-4568+598-516+596-506E-1640E-508+594hIhEhIhEgE-1642EhIjEjEjEgEgEgEhIhIhIhEhIjEhIhIjEgEjEgEgEhIjE-41780+9210-2230E","mapping_code":"3_65_4_551518845","state":1},{"key":"LEFT","name":"LEFT","code":"+9232-4554+600-510+596-508+594-1640EfEfGfEfGfEhEhEfG-1642EhEhEhEhEhEiEiEfGfGfGfGfGfGfEfGiEiEiEhEhE-41776+9212-2238E","mapping_code":"3_7_4_551542815","state":1},{"key":"RIGHT","name":"RIGHT","code":"+9210-4550+598-510+594-508+596-1640GfEfEfEfEfE-1642GhGfEiGiGiGiGhGfEiGiGfEfEfEfEfEhGfEfEhGiGiGiGiG-41802+9212-2242C","mapping_code":"3_6_4_551510175","state":1},{"key":"VOLUME_UP","name":"VOLUME UP","code":"+9198-4534+598-510+594-508+596-1640GfEfGfEfEfE-1642GiGfGhGiGiGiGiGfGhGfEfEfEfEfEfGhGfEiGiGhGhGiGiG-41886+9210-2248C","mapping_code":"3_2_4_551502015","state":1},{"key":"VOLUME_DOWN","name":"VOLUME DOWN","code":"+9232-4580+598-510+594-508+596-1640GfEfGfEfGfEhG-1642GfEhGhGhGiGiGiGhGfEfEfEfEfC-504EfEfEiGiGhGhGhGiG-41756+9208-2236G","mapping_code":"3_3_4_551534655","state":1},{"key":"MUTE","name":"MUTE","code":"+9206-4538+598-510+594-508+596-1640GfEfEfEfEfGhGhGfGhGhGhG-1642GiG-1646+592fEfEiGfEfEfEfEfEhGiGfEiGhGiGiG-41826+9212-2238G","mapping_code":"3_9_4_551522415","state":1},{"key":"CHANNEL_UP","name":"CHANNEL UP","code":"+9232-4552+598-508+596d+594-1642EdFdFdFdFdE-1640EhEdEhEhEgEhEgEdFdFdEdFdFdFdEdFgEgEgEgEgEhEhEhE-41798+9186-2262+600","mapping_code":"3_0_4_551485695","state":1},{"key":"CHANNEL_DOWN","name":"CHANNEL DOWN","code":"+9210-4548+598-510+594-508+596-1640GfEfGfEfGfE-1642GiGfEhGhGiGiGiGiGfEfEfEfEfEfGfEfEiGiGiGhGhGiGiG-41794+9236-2270C","mapping_code":"3_1_4_551518335","state":1},{"key":"YELLOW","name":"YELLOW","code":"+9228-4574+598-518+622-508+596-1640GfGf+594fGfIfGhGhGfI-1642GjGhGhGhGhGhGfIfGfIjGhGfIfGfIjGjGhGfIfIjG-41816+9214-2234G","mapping_code":"3_99_4_551536185","state":1},{"key":"GREEN","name":"GREEN","code":"+9210-4550+598-510+596-506E-1642E-508Eh+594hEfEhE-1640EgEhIgEjEjEgE-1664EgEhEfEhEjEjEgEhEhIgEgEgEfEhIhEjE-41794+9234-2246C","mapping_code":"3_113_4_551521905","state":1},{"key":"BLUE","name":"BLUE","code":"+9236-4554+600-510+596-508+594-1642E-506EfGfEfGfE-1640EhEfEjEjEjEjEhEhEfEfGfEfGhEhEfEfGhEhEhEjEfGfEjE-41808+9212-2240+598","mapping_code":"3_97_4_551519865","state":1}],"_id":"m4hLkYLfTKzK8Z9o"}
