{"category":"TV","brand":"TOSHIBA","model":"1457","type":1,"version":"1.0","create_date":1695006171640,"protocol":"TOSHIBA","map_code":[{"key":"0","name":"0","code":"+9308-4578+608-518+604-516EfEfEfEfE-1668EfE-1666+606hIhIgEgEgEfEhIfEfEfEfEfEfEfEfEgIhIgEgEgEgEgEgI-41824+9290-2276I","mapping_code":"3_0_64_50135295","state":1},{"key":"1","name":"1","code":"+9288-4634+608-530+604-516EfEfEfEfE-1666+606fE-1668EiEiHgHgHgHfEiHgHfEfE-518EfEjEfEfEfEiHgEiHgHgHiEiE-41762A-2272H","mapping_code":"3_1_64_50167935","state":1},{"key":"2","name":"2","code":"+9330-4602+606-518+604-516EfEd+602fEfE-1668EfE-1666ChEhEhEhEhCfEhEfEiCfEfEfEfEfEfEiCfEhEhEhCiCiCiC-41764+9290-2274E","mapping_code":"3_2_64_50151615","state":1},{"key":"3","name":"3","code":"+9340-4602+608-520+604-516EfEfEfEfE-1666+606fE-1668EiHgHgHgHgHfEiHgHgHfEfEfEfEfEfEfEfEgHiEiEiEiEiH-41764+9290-2276H","mapping_code":"3_3_64_50184255","state":1},{"key":"4","name":"4","code":"+9314-4594+608-518+604-516EfEfEfEfE-1668EfE-1666+606hIhIgEgEgEfEgEfEfEhIfEfEfEfEfEgEgIfEgEgEgEgIhI-41800+9290-2288I","mapping_code":"3_4_64_50143455","state":1},{"key":"5","name":"5","code":"+9340-4598+608-518+604-516EfEfEfEfE-1666+606fE-1668HgHgHgHgHiEfEgHgHfEiHfEfEfEfEdEfEiHfEiEiEiEiEiH-41770+9262-2310C","mapping_code":"3_5_64_50176095","state":1},{"key":"6","name":"6","code":"+9338-4598+608-518+604-516EfEdEfEfE-1666+606fEgHgHgHgH-1668EiEfEiEfEiHgHfEfEfEfEdEiEfEfEiEiEiEiHgH-41768+9286-2270H","mapping_code":"3_6_64_50159775","state":1},{"key":"7","name":"7","code":"+9306-4580+606-518+604-516EfEfEfEfE-1668CfE-1666ChCgEgEgEgEfEgEgEgEgEdEfEfEfEfEfEfEfEgEgEgChCgE-41782+9316-2290C","mapping_code":"3_7_64_50192415","state":1},{"key":"8","name":"8","code":"+9314-4602+608-518+604-516EfEfEdEfE-1668+606fEgEgEgH-1666EgHiHfEgEfEfEfEiHfEfEfEfEiHgEgEfEiHiHiHgE-41796+9290-2274H","mapping_code":"3_8_64_50139375","state":1},{"key":"9","name":"9","code":"+9312-4578+608-520+604-516EfEfEfEfE-1668+606fEgEgH-1666HiHiHiHfEgHiHfEfEgHfEfEfEfEfEgEgEfEiHiHgEgE-41768+9288-2274H","mapping_code":"3_9_64_50172015","state":1},{"key":"POWER","name":"POWER","code":"+9310-4580+606-516+604-518EdEdEdEdE-1666CdE-1668CgCgCgCgChEdEgCdEhEdEdEhEdEdEdEgCdEhEhEdEhEhEhE-41832+9290-2276C","mapping_code":"3_18_64_50153655","state":1},{"key":"PLAY","name":"PLAY","code":"+9340-4602+608-518+604-516EfEdEfEfE-1666+606fEfE-1668EiEiEiEiHfEiEiEfEgHgHfEiHfEfEfEgHfE-520+602iEfC-1664HgH-42982+9292-2272C","mapping_code":"3_45_48704_41792587","state":1},{"key":"PAUSE","name":"PAUSE","code":"+9302-4580+606-516+604dEdEdEdEdE-1666CdE-1668EgEgEgCfCfCdEgEdEdEdEdEgEdEfCdEgEgCfCfCdEgE-518EgE-41822+9292-2276E","mapping_code":"3_80_64_50137845","state":1},{"key":"MENU","name":"MENU","code":"+9314-4616+606-518+604-516EfEfEfEfE-1670+602fE-1666+608-1664CiC-1668ElElCfElElElCfElElEfElCfEfEfElEfEfElCfElE-41764+9288-2270C","mapping_code":"3_91_64_50190885","state":1},{"key":"UP","name":"UP","code":"+9306-4578+606-516+604dEdEdEdEdE-1666CdE-1668CfCfCfCgEgEdEfCfCgEdEgCfCdEdEdEdEdEgEdEdEgEgEgC-41828+9290-2274C","mapping_code":"3_27_64_50190375","state":1},{"key":"DOWN","name":"DOWN","code":"+9288-4592+606-516+604dEdEdEdEdE-1668CdEfEfEfEfC-1666CgCdEfEfEfCgCgCgCdEdEdEdEdEdEdEdEgCgCfE-41826A-2284C","mapping_code":"3_31_64_50198535","state":1},{"key":"LEFT","name":"LEFT","code":"+9312-4584+606-518+604-516EfEfEfEfE-1668EfEgEgEgEgEgC-1666CfEgEfEhCgEgEgEfEfEfEhCfEfEfEfEhChCgE-41782+9264-2278E","mapping_code":"3_30_64_50165895","state":1},{"key":"RIGHT","name":"RIGHT","code":"+9288-4598+608-518+604-516EfEfEfEfE-1668EfE-1666+606hIgEgEgEgEdEgEfEhIfEgEgEfEfEfEhIfEhEdEfEgIhIhI-41828+9290-2276I","mapping_code":"3_26_64_50157735","state":1},{"key":"ENTER","name":"ENTER","code":"+9280-4600+606-518+604-516EfEfEfEfE-1668EfE-1666Ch+610-1664EgEgEgEfEhCgEfEfEfEfEgEfEfEfEgChChChCfEhChC-41822+9290-2280C","mapping_code":"3_33_64_50168955","state":1},{"key":"PICTURE_MODE","name":"PICTURE MODE","code":"+9276-4602+604-516CdCdCdCdCdC-1668CdC-1666+606eCeCeCeCeGdCfGeCdCdCdCfGdCdCdCdCfGfGfGdCeGfGfG-41786+9264-2274+608","mapping_code":"3_17_64_50169975","state":1},{"key":"YELLOW","name":"YELLOW","code":"+9310-4578+608-514+604-516EfEfEfEfE-1666+606fE-1668EiEiHgHgHgHfEiHfEiEfEgHfEfEgHfEiEfEiEfEiHgHfEiE-41794+9288-2298+628","mapping_code":"3_74_64_50156205","state":1},{"key":"RED","name":"RED","code":"+9312-4578+606-516+604dEdEdEdEdE-1668EdEfC-1666CgCfEfEfEdEgCdEdEdEfEdEdEfEdEfEfEfEdEgCfEdEfC-41786+9316-2286+608","mapping_code":"3_72_64_50139885","state":1},{"key":"BLUE","name":"BLUE","code":"+9310-4618+608-530+604-516EfEfEfEfE-1668EfE-1666+606gEgEgEgEgIfEgEgEgIfEfEhIhIhIfE-518EfEgIhIfEfEfEgE-41764+9288-2270I","mapping_code":"3_115_64_50187825","state":1},{"key":"GREEN","name":"GREEN","code":"+9310-4576+608-518+604-516EfEfEfEdE-1668EfE-1666+606hIgEgEgEgEfEgEgEfEfEgEfE-520+600gEfC-512EgEgEfEgEgEfEhI-41824+9290-2280I","mapping_code":"3_73_64_50172525","state":1}],"_id":"jsWpjDC9M8N9rdQQ"}
