{"category":"TV","brand":"TOSHIBA","model":"2645","type":1,"version":"1.0","create_date":1695020141647,"protocol":"TOSHIBA","map_code":[{"key":"MUTE","name":"MUTE","code":"+9188-4550+596-506+592-504EfEfEfEfE-1632+594fEgHgHgHgHgHgHfEgHfEfEfEfEgHfEfEfE-1634HgHgHgHfEiEiHgH-41568+9146-2242H","mapping_code":"3_16_64_50137335","state":1},{"key":"INPUT","name":"INPUT","code":"+9164-4512+596-506+592-504EfEfEfEfE-1632+594fEgHgHgHgHgHgHfEgHfEfEgHfE-1634HfEfEfEgHgHfHgHfEgHiHgH-41600+9198-2222C","mapping_code":"3_20_64_50145495","state":1},{"key":"PLAY","name":"PLAY","code":"+9164-4518+596-526+588-504+592fGfGfGfG-1632+594fGfGhIhIhIhIhIfGhIhIfGhIhIfGhIfGfGfGhIfGfGhIfG-1634IhI-42756+9172-2218C","mapping_code":"3_45_48704_41792587","state":1},{"key":"INFO","name":"INFO","code":"+9160-4516+594-504+592dEdEdEdEdC-1632CdEfCfCfCfCfCfCdEfCdEfCfCdE-1634CdEdEdEfCdEdEfCdEfCfCfC-41566+9146-2250+596","mapping_code":"3_22_64_50161815","state":1},{"key":"EXIT","name":"EXIT","code":"+9168-4512+596-506+592-504EfEfEfEfE-1632+594fEgE-1634HgHgHgHgHfEgHgHgHfEfEfEfEgHfEfEfEgHgHgHgHfEgH-41570A-2226H","mapping_code":"3_67_64_50184765","state":1},{"key":"PAUSE","name":"PAUSE","code":"+9144-4530+596-506+592-504EfEfEfEfE-1632+594fEgHgHgHgHgHgHfEg+598-500EfEfEfEgHfEgHfEgHgHgHgHfEgHfE-1634E-41592+9146-2222H","mapping_code":"3_80_64_50137845","state":1},{"key":"RED","name":"RED","code":"+9166-4522+596-506+592-504EfEfEfEfE-1632+594fEgHgHgHgHgHgHfEgHfEfEfEgHfEfEgHfEgHgHgHfEgHgHfEgH-41604+9192-2222C","mapping_code":"3_72_64_50139885","state":1},{"key":"GREEN","name":"GREEN","code":"+9156-4512+596-506+592-504EfEfEfEfE-1632+594fEg+622-1634HgHgHgHgHfEgHgHfEfEgHfEfEgHfEfEgHgHfEgHgHfEjH-41634+9174-2228H","mapping_code":"3_73_64_50172525","state":1},{"key":"BLUE","name":"BLUE","code":"+9196-4546+596-506+592-504EfEfEfEfE-1632+594fEgHgHgHgHgHgHfEgHgHgHfEgHfEfEgHfEfEfEgHfEgHgHfE-1634H-41554+9174-2252H","mapping_code":"3_75_64_50188845","state":1},{"key":"YELLOW","name":"YELLOW","code":"+9162-4550+596-508+592-504EfEfEfEfE-1632+594fEgHgHgHgHgHgHfEgHfEgHfEgHfEfEgHfEgHfEgHfEgHgHfEgH-41596+9148-2242H","mapping_code":"3_74_64_50156205","state":1},{"key":"PICTURE_MODE","name":"PICTURE MODE","code":"+9196-4578+596-506+592-504EfEfEfEfE-1632+594fEgHgHgHgHgHgHfE-1634HgHfEfEgHgHfEiHfEfEgHgHfEfEgHfEgH-41554+9174-2246C","mapping_code":"3_89_64_50174565","state":1},{"key":"ENTER","name":"ENTER","code":"+9164-4510+596-506+592-504EfEfEfEfE-1632+594fEgHgHgHgHgHgHfEgHgHfEfEfEfEgHfEfEfEgHgHgHgHfEgHgH-41624+9172-2220H","mapping_code":"3_33_64_50168955","state":1},{"key":"0","name":"0","code":"+9160-4512+596-506+592-504EfEfEfEfE-1632+594fEgHgHgHgHgHgHfEgHfEfEfEfEfEfEfEfEgHgHgHgHgHgHgHgH-41634+9172-2224H","mapping_code":"3_0_64_50135295","state":1},{"key":"1","name":"1","code":"+9168-4516+598-506+592-504EfEf+594fEfE-1632GfEhGhGhGhGhGhGfEhGhGfEfEfEfEfEfEfEfEhGhGhG-1634GhGhGhG-41560+9172-2228G","mapping_code":"3_1_64_50167935","state":1},{"key":"2","name":"2","code":"+9196-4534+596-506+592-504EfEfEfEfE-1632+594fEgHgHgHgHgHgHfE-1634EfEgHfEfEfEfEfEfEgHfEgHgHgHgHgHgH-41564+9146-2252C","mapping_code":"3_2_64_50151615","state":1},{"key":"3","name":"3","code":"+9186-4536+596-506+592-504EfEfEfEfE-1632+594fEgHgHgHgHgHgHfEgHgHgHfEfEfEfEfC-500EfEfEgHgHgHgHgHgH-41568+9170-2226H","mapping_code":"3_3_64_50184255","state":1},{"key":"4","name":"4","code":"+9164-4574+596-518+592-504EfEfEfEfE-1632+594fEgHgHgHgHgHgHfEgHfEfEgHfEfEfEfEfEgHgHfEgHgHgHgHgH-41568+9172-2224H","mapping_code":"3_4_64_50143455","state":1},{"key":"5","name":"5","code":"+9166-4520+596-526C-520+594-506+592-504HiHiH-1632FiHjFjFjFjFjFjFiHjFjFiHjFiHiHiHiHiHiHjFiHjFjFjFjFjF-41558+9146-2250C","mapping_code":"3_5_64_50176095","state":1},{"key":"6","name":"6","code":"+9220-4576+596-518+592-504EfEfEf+618-502E-1632+594fEiJiJiJiJiJiJfEiJfEiJiJfEfEfEfEfEiJfEfE-1634JiJiJ-1636+590iJ-41554+9144-2252J","mapping_code":"3_6_64_50159775","state":1},{"key":"7","name":"7","code":"+9156-4514+596-506+592-504EfEfEfEfE-1632+594fEgHgHgHgHgHgHfEgHgHgHgC-502EfEfEfEfEfEfEfEgHgHgH-1634EjH-41620+9172-2224H","mapping_code":"3_7_64_50192415","state":1},{"key":"8","name":"8","code":"+9194-4538+596-506+592-504EfEfEfEfE-1632C-502Eg+594gIgIgIgIgIfEgIfEfEfEgIfEfEfEfEgIgIgIfEgIgIgIgI-41560+9146-2258C","mapping_code":"3_8_64_50139375","state":1},{"key":"9","name":"9","code":"+9140-4532+596-506+592-504EfEfEfEfE-1632+594fEgH-1634HgHgHgH-1636+590fEgHgHfEfEgHfEfEfEfEfEgHgHfEgHgHgHgH-41644+9172-2228H","mapping_code":"3_9_64_50172015","state":1},{"key":"POWER","name":"POWER","code":"+9198-4538+596-506+592-504EfEfEfEfE-1632+594fEgHgHgHgHgHgHfEgHfEgHfEfEgHfEfEfEgHfEgHgHfEgHgHgH-41554+9170-2234H","mapping_code":"3_18_64_50153655","state":1},{"key":"MENU","name":"MENU","code":"+9144-4532+594-504+592dEdEdEdEdE-1632CdEfCfCfCfCfCfCdEfCfCfCdEfCfCdE-1634EdEdEdEfCdEdEfCdEfC-41628+9172-2222C","mapping_code":"3_91_64_50190885","state":1},{"key":"UP","name":"UP","code":"+9160-4558+596-506+592-504EfEfEfEfE-1632+594fEgHgHgHgHgHgHfEgHgHfEfEg+598-1628HfEfEfEfEgHgHfEfEgHgHgH-41564+9146-2252C","mapping_code":"3_25_64_50174055","state":1},{"key":"DOWN","name":"DOWN","code":"+9164-4514+594-504+592dEdEdEdEdE-1632CdEfCfCfCfCfCfCdEfCfCdEfC-1634CfCdEdEdEdEfCdEdEdEfCgEgC-41632+9174-2220C","mapping_code":"3_29_64_50182215","state":1},{"key":"LEFT","name":"LEFT","code":"+9164-4518+596-506+592-504EfEfEfEfE-1632+594fEgHgHgHgHgHgHfEgHfEgHfEfEfEfEgHfEgHfEgHgHgHgHfEgH-41624+9172-2218C","mapping_code":"3_66_64_50152125","state":1},{"key":"RIGHT","name":"RIGHT","code":"+9160-4510+596-506+592-504EfEfEfEfE-1632+594fEgHgHgHgHgHgHfE-1634HfEfEfEfEfEfEgHfEgHgHgHiHgHgHfEgH-41672+9172-2236H","mapping_code":"3_64_64_50135805","state":1},{"key":"VOLUME_UP","name":"VOLUME UP","code":"+9164-4514+596-506+592-504EfEfEfEfE-1632+594fEgHgHgHgHgHgHfEgHfEgHfEgHgHfEfEfEgHfEgHfEfEgHgHgH-41620+9172-2218C","mapping_code":"3_26_64_50157735","state":1},{"key":"VOLUME_DOWN","name":"VOLUME DOWN","code":"+9160-4560+596-532C-512+592-504FgFgFgF-1632+594gFhIhIhIhIhIhIgFhIgFhIhIhIhIgFgFgFhIgFgFgFgFhIhIhI-41626+9222-2218+618","mapping_code":"3_30_64_50165895","state":1},{"key":"CHANNEL_UP","name":"CHANNEL UP","code":"+9168-4528+596-512+592-504EfEfEfEfE-1632+594fEgHgHgHgHgHgHfEgH-1634HgHfEgHiEfEfEfEfEfEgHfEfEgHgHgH-41554+9146-2248H","mapping_code":"3_27_64_50190375","state":1},{"key":"CHANNEL_DOWN","name":"CHANNEL DOWN","code":"+9166-4514+594-504+592dEdEdEdEdE-1632CdEfCfCfCfCfCfCdEfCf+598-1628CfCfCfCdEdEdEdEdEdCdEdE-1634EiCfC-41592+9168-2216+596","mapping_code":"3_31_64_50198535","state":1}],"_id":"DWCTuuxKQyhEduAo"}
