{"category":"TV","brand":"TOSHIBA","model":"3065","type":1,"version":"1.0","create_date":1695019437349,"protocol":"TOSHIBA","map_code":[{"key":"0","name":"0","code":"+9160-4514+594-504+592dEdEdE-1632CdEfCdEfCfCfCfCdEfCdEfCdEfCfCdCdEdEdEdEfCdEdE-1682CfCfCfCfC-41578+9146-2222C","mapping_code":"3_6_80_183853215","state":1},{"key":"1","name":"1","code":"+9192-4528+596-506+592-504EfE-502+594-1632HfEiHfC-1634HiHiHiHfEiHfEiHiHfEiHiHfEfEfEfEfEjHfEfEiHiHiHiH-41592+9146-2220H","mapping_code":"3_13_80_183873615","state":1},{"key":"2","name":"2","code":"+9164-4514+596-506+592-504EfEfE-1632+594fEgHfHgHgHgHgHfEgHfEgHfEgHgHgHfEfEfEfEgHfEfEfEgHgHgHgH-41588+9172-2256C","mapping_code":"3_14_80_183857295","state":1},{"key":"3","name":"3","code":"+9158-4510+596-506+592-504EfEfE-1632+594fEgHfEgHgHgHgHfEgHfEgHgHgHgHgHfEfEfEd+590fEfEfEfEgHgHgHgH-41592+9146-2222H","mapping_code":"3_15_80_183889935","state":1},{"key":"4","name":"4","code":"+9160-4514+596-506+592-504EfEfE-1632+594fEgHfHgHgHgHgHfEgHfEgHfEfEgHgHgHfEfEfEgHgHfEfEfEgHgHgH-41592+9146-2224H","mapping_code":"3_28_80_183843015","state":1},{"key":"5","name":"5","code":"+9158-4514+594-504+592dEdEdE-1632CdEfCdEfCfCfCfCdEfCdEfCfCdEfCfCfCdEdEdEdE-1634EdEdEdEfC-1674CfC-41598+9146-2222C","mapping_code":"3_29_80_183875655","state":1},{"key":"6","name":"6","code":"+9164-4514+596-506+592-504EfEfE-1632+594f+622-1646HfEgHgHgHgHfEgHfEgHfEgHgHgHgHfEfEfEgHfEfEfEfEgHgHgH-41582+9148-2220H","mapping_code":"3_30_80_183859335","state":1},{"key":"7","name":"7","code":"+9164-4516+594-504+592dEdEdE-1632CdEfCdEfCfCfCfCdEfCdEfCfCfCfCfCfCdEdEdEdEdEdEdEdEfCfCfC-41572+9146-2242+596","mapping_code":"3_31_80_183891975","state":1},{"key":"8","name":"8","code":"+9166-4514+598-506+592-504EfEf+594-1632GfEhGfEhGhGhGhGfEhGfEhGfEfEhGfEfEfEfEfEhGhGfE-1634GhGhGhGhG-41594+9148-2222G","mapping_code":"3_4_80_183836895","state":1},{"key":"9","name":"9","code":"+9156-4514+596-506+592-504EfEfE-1632+594fEgHfEgHgHgHgHfEgHfEgHgHfEgHfEfEfEfEfEfEgHfEgHgHgHgHgH-41588+9148-2224C","mapping_code":"3_5_80_183869535","state":1},{"key":"POWER","name":"POWER","code":"+9164-4512+596-506+594-504+592fGfG-1632EfGhEfGhE-1638+588hEhEfGhEfGhEhEhEhEfGhEfGfGfGfGfGfGhEfGhEhE-1634E-41584+9146-2222E","mapping_code":"3_23_80_183887895","state":1},{"key":"MUTE","name":"MUTE","code":"+9192-4540+596-506+592-504EfEfE-1632+594fEgHfEgHgHgHgHfEgHfEgHgHgHfEgHfEfEfH-502EfEfEgHfEgHgHgHgH-41598+9146-2222H","mapping_code":"3_11_80_183881775","state":1},{"key":"INPUT","name":"INPUT","code":"+9158-4514+596-506+592-504EfEfE-1632+594fEgHfEgHgHgHgHfEgHfEgHgHfEfEgHfEfEfEfEfEgHgHfEgHgHgHgH-41582+9146-2220H","mapping_code":"3_9_80_183865455","state":1},{"key":"LAST","name":"LAST","code":"+9140-4566+596-516+592-504EfEfE-1632+594fEgHfEgHgHgHgHfEgHfEgHfEfEgHgHfEfEfEfEgHgHfEfEgHgH-1634HgH-41570+9144-2244C","mapping_code":"3_12_80_183840975","state":1},{"key":"DISPLAY","name":"DISPLAY","code":"+9166-4514+594-504+592dEdEdE-1632CdEfCdEfCfCfCfCdEfCdEfCdEdEdEdEfCdEdEdE-1634CfCfCfCdEgCfCfC-41574+9146-2222C","mapping_code":"3_16_80_183830775","state":1},{"key":"MENU","name":"MENU","code":"+9156-4538+596-516+592-504EfEfE-1632+594fEgHfEgHgHgHgHfE-1634HfEgHfEgHgHgHgHfEgHfEgHfEfEfEfEgHfEgH-41586+9148-2232H","mapping_code":"3_94_80_183859845","state":1},{"key":"UP","name":"UP","code":"+9160-4514+594-504+592dEdEdE-1632CdEfCdEfCfCfCfCdEf+596-502EfCdEdEfCdEfCdEdEdEfC-1634EdEfCdEiCfCfC-41582+9146-2222C","mapping_code":"3_20_80_183838935","state":1},{"key":"DOWN","name":"DOWN","code":"+9158-4514+596-506+592-504EfEfE-1632+594fEgHfEgHgHgH-1636+590fEgHfEgHfEgHfEfEfEfEgHfEgHfEgHgHgHgHfE-1634H-41584+9146-2246C","mapping_code":"3_66_80_183845565","state":1},{"key":"LEFT","name":"LEFT","code":"+9162-4510+596-506+592-504EfEfE-1632+594fEgHfEgHgHgHgHfEgHfEgHgHfEgHgHgHfEgHfEfEgHfEfEfE-1634HfEgH-41586+9172-2228H","mapping_code":"3_93_80_183876165","state":1},{"key":"RIGHT","name":"RIGHT","code":"+9166-4524+596-512+592-504EfEfE-1632+594fEgHfEgHgHgHgHfEgHfEgHfEfEgHgHgHfEgHfEgHgHfEfEfEgHfEgH-41612+9172-2228C","mapping_code":"3_92_80_183843525","state":1},{"key":"VOLUME_UP","name":"VOLUME UP","code":"+9142-4536+596-504+592dEdEdE-1632+594dEfGdEfGfGfGfGdEfGdEfGdEfGdEdEfGdEdEdEfGdEfG-1634GdEfGfGfG-41580+9148-2228G","mapping_code":"3_18_80_183847095","state":1},{"key":"VOLUME_DOWN","name":"VOLUME DOWN","code":"+9164-4514+594-504+592dEdEdE-1632CdEfCdEfCfCfCfCdEfCdEfCfCdEfCdEfCdEdEdEdEfE-506E-1634CdEfCfCfC-41596+9146-2222C","mapping_code":"3_21_80_183871575","state":1},{"key":"CHANNEL_UP","name":"CHANNEL UP","code":"+9164-4512+596-506+592-504EfEfE-1632+594fEgHfEgHgHgHgHfEgHfE-1634HgHfEfEgHgHfEfEfEfEgHgHfEfEgHgHgH-41598+9146-2228H","mapping_code":"3_25_80_183867495","state":1},{"key":"CHANNEL_DOWN","name":"CHANNEL DOWN","code":"+9166-4510+596-506+592-504EfEfE-1632+594fEgHfEgHgHgHgHfEgHfEgHfEfEfEgHgHfEfEfEgHgHgHfEfE-1634HgHgH-41582+9146-2238C","mapping_code":"3_24_80_183834855","state":1}],"_id":"rJNUc4spqmJk7Hlo"}
