{"category":"TV","brand":"TOSHIBA","model":"4395","type":1,"version":"1.0","create_date":1695005217101,"protocol":"TOSHIBA","map_code":[{"key":"1","name":"1","code":"+9198-4538+598-512+594-504E-506+592gEgHgE-1636EgEiEiEiEiEiEiEgEiEiEiEgEfEgHgEgHgEgHgEiEiEiEiE-1638EjE-41712+9186-2236C","mapping_code":"3_3_64_50184255","state":1},{"key":"POWER","name":"POWER","code":"+9206-4526+594-506+592dCdEdCdEdC-1636CdEf+596fGfCfCfCfCdE-1638CfCdEfCdCdEdC-504CdCiCfCdCfCfCfCfCfC-41726+9186-2238C","mapping_code":"3_5_64_50176095","state":1}],"_id":"5sHeaanclJgLxQfQ"}
