{"category":"TV","brand":"TOSHIBA","model":"4396","type":1,"version":"1.0","create_date":1695008579715,"protocol":"TOSHIBA","map_code":[{"key":"0","name":"0","code":"+9170-4528+596-506+592-504EfEfEfEfE-1632+594fEgHgHgHgHgHgHfEgHfEgHfEgHfEfEfEfEgHfE-1634HfEgHiEgHiH-41628+9172-2224H","mapping_code":"3_10_64_50155695","state":1},{"key":"1","name":"1","code":"+9170-4524+596-506+592-504EfEfEfEfE-1632+594fEgHgHgHgHgHgHfEgHfEgHfEfEfEfEfEfEgHfEgHgHgHgHgH-1634E-41626+9172-2228H","mapping_code":"3_2_64_50151615","state":1},{"key":"3","name":"3","code":"+9190-4562+596-506+592-504EfEfEfEfE-1632+594fEgHgHgHgHgHgHfEgHgHgHfEfEfEfEfEfEfEfEgH-1634EgHgHgHgH-41558+9168-2226H","mapping_code":"3_3_64_50184255","state":1},{"key":"4","name":"4","code":"+9170-4522+596-506+592-504EfEfEfEfE-1632+594fEgHgHgHgHgHgHfEgHfEfEgHfEfEfEfEfEgH-1634HfEgHgHgH-1638+590gH-41594+9146-2222H","mapping_code":"3_4_64_50143455","state":1},{"key":"5","name":"5","code":"+9172-4528+596-506+592-504EfEfEfEfE-1632+594fEgHgHgHgHgHgHfEgHgHfEgHfEfEfEfEfEfEgHfE-1634EiHgHgHgH-41646A-2236H","mapping_code":"3_5_64_50176095","state":1},{"key":"6","name":"6","code":"+9218-4532+596-506+592-504EfEfEfEfE-1632+594fEgHgHgHgHgHgHfEgHfEgHgHfEfEfEfEfEgHfEfEg+598-1628H-1634HgHgH-41564+9170-2226H","mapping_code":"3_6_64_50159775","state":1},{"key":"7","name":"7","code":"+9170-4524+598-506+592-504EfEfE-548EfE-1632+594fEhIhIhIhIhIhIfEhIhIhIhIfEfEfEfEfEfEfEfEhIhC-1628IhIhI-41592+9146-2228I","mapping_code":"3_7_64_50192415","state":1},{"key":"8","name":"8","code":"+9156-4516+596-506+592-504EfEfEfEfE-1632+594fEgHgHgHgHgHgHfEgHfEfEfEgHfEfEfEfE-1634HgHgHfEiHgHgHgH-41628+9174-2224H","mapping_code":"3_8_64_50139375","state":1},{"key":"9","name":"9","code":"+9170-4538+596-512+592-504EfEfEfEfE-1632+594fEgHgHgHgHgHgHfEgH-1634HfEfEgHfEfEfEfEfEgHgHfEgHgHgHgH-41582+9148-2222H","mapping_code":"3_9_64_50172015","state":1},{"key":"PLAY","name":"PLAY","code":"+9170-4606+622-520+592-504EfEfEfEfE-1634+594fEfEgH-1632HiHiHiHfEgHiHfEiHi+596-502EiHfEfEfEgHfEfEgHfEiHgE-42770+9172-2224J","mapping_code":"3_45_48704_41792587","state":1},{"key":"MUTE","name":"MUTE","code":"+9170-4614+596-518+592-504EfEfEfEfE-1632+594fEgHgHgHgHgHgHfEgHfEfEfEfEgHfEfEfEgHgHgHgHfEgHgHgH-41584+9146-2244H","mapping_code":"3_16_64_50137335","state":1},{"key":"RED","name":"RED","code":"+9148-4522+596-504+592dEdEdEdEdE-1632+594dEfGfGfGfGfGfGdE-1634GfGdEfGdEfGfGfGdEdEfGdEfGdEdEdEfG-41584+9146-2222C","mapping_code":"3_117_64_50179665","state":1},{"key":"YELLOW","name":"YELLOW","code":"+9168-4522+594-504+592dEdEdEdEdE-1632CdEfCfCfCfCfCfCdEfCdEdEfCdEfCfCfCdEfCfCdEfCdEdEdEfC-41582+9146-2220C","mapping_code":"3_116_64_50147025","state":1},{"key":"GUIDE","name":"GUIDE","code":"+9144-4526+596-506+592-504EfEfEfEfE-1632+594fEgHgHgHgHgHgHfEgHfEgHgHfEgHgHgHfEgHfEfEgHfEfEfEgH-41590+9174-2248C","mapping_code":"3_118_64_50163345","state":1},{"key":"INFO","name":"INFO","code":"+9162-4526+594-504+592dEdEdEdEdE-1632CdEfCfCfCfCfCfCdE-1634CdEdEfCfCfCdEdEdEfCfCdEdEdEfCfCfC-41582+9198-2262+596","mapping_code":"3_28_64_50149575","state":1},{"key":"POWER","name":"POWER","code":"+9170-4530+598-506+592-504EfEfEfEfE-1632+594fEgHgHgHgHgHgHfEgHfEgHfEfEgHfEfEfEgHfEgHgHfEgHgH-1634E-41560+9172-2226H","mapping_code":"3_18_64_50153655","state":1},{"key":"MENU","name":"MENU","code":"+9174-4530+596-506+592-504EfEfEfEfE-1632+594fEgHgHgHgHgHgHfEgHfEfEfEfE-1634EiHgHfEgHgHgHgHfEfH-502EgH-41600+9172-2242C","mapping_code":"3_112_64_50138865","state":1},{"key":"UP","name":"UP","code":"+9166-4526+594-504+592dEdEdEdEdE-1632CdEfCfCfCfCfCfCdEfCdEfCfCfCfCfCdEdEfCdEdEdEdEdEfCfC-41624+9172-2218C","mapping_code":"3_62_64_50166915","state":1},{"key":"DOWN","name":"DOWN","code":"+9172-4522+596-506+592-504EfEfEfEfE-1632+594fEgHgHgHgHgHgHfEgHgHgHgHgHgHgHfEfEfEfEfEfEfEfEgHgH-41578+9148-2218H","mapping_code":"3_63_64_50199555","state":1},{"key":"LEFT","name":"LEFT","code":"+9170-4524+594-504+592dEdEdEdEdE-1632CdEfCfCfCfCfCfCdEfCfCfCfCfCfCdEfCdEdEdEdEdEdE-1634EdEfC-41628+9174-2230C","mapping_code":"3_95_64_50199045","state":1},{"key":"RIGHT","name":"RIGHT","code":"+9166-4512+596-506+594-504+592fGfGfGfG-1632EfGhEhEhEhEhEhEfGhEhEh+598-500GhEhEfGhEfGfGfGhEfGfGhEfG-1634E-41620+9172-2220E","mapping_code":"3_91_64_50190885","state":1},{"key":"ENTER","name":"ENTER","code":"+9192-4534+596-506+592-504EfEfEfEfE-1632+594fEgHgHgHgHgHgHfEgH-1634HfEgHgHgHiHfEfEfEgHfEfEfEfEgHgH-41616+9172-2220H","mapping_code":"3_61_64_50183235","state":1},{"key":"VOLUME_UP","name":"VOLUME UP","code":"+9198-4548+596-504+592dEdEdEdEdE-1632+594dEfGfGfGfGfGfGdEfGdEfGdEfGfGdEdEdEfGdEfGdEdEfGfGfG-41564+9144-2250G","mapping_code":"3_26_64_50157735","state":1},{"key":"VOLUME_DOWN","name":"VOLUME DOWN","code":"+9170-4528+596-506+592-504EfEfEfEfE-1632+594fEgHgHgHgHgHgHfEgHfEgHgH-1634HgHfHfEfEgHfEfEfEfEgHgHgH-41564+9168-2224H","mapping_code":"3_30_64_50165895","state":1},{"key":"CHANNEL_UP","name":"CHANNEL UP","code":"+9170-4528+596-506+592-504EfEfEfEfE-1632+594fEgHgHgHgHgHgHfEgHgHgHfEgHgHfEfEfEd+590fEgHfEfE-1634H-1648HgH-41634+9172-2218C","mapping_code":"3_27_64_50190375","state":1},{"key":"CHANNEL_DOWN","name":"CHANNEL DOWN","code":"+9192-4530+596-504+592dEdEdEdEdE-1632+594dEfGfGfGfGfGfGdEfGfGfGfGfGfGdEdEdEdEdEdEdEdEfGfGfG-41630+9170-2220C","mapping_code":"3_31_64_50198535","state":1}],"_id":"7IvJMWlEqMdpRvZN"}
