{"category":"TV","brand":"TOSHIBA","model":"5713","type":1,"version":"1.0","create_date":1694767300634,"protocol":"TOSHIBA","map_code":[{"key":"0","name":"0","code":"+9098-4484+592-504+588-500E-502EfEfEgE-1622EfEhEhEhEhEhEhEfEhEgEgEfEgEfEgEfEgEhEhEhEhEhEhEhEhE-41392+9128-2216+590","mapping_code":"3_0_64_50135295","state":1},{"key":"1","name":"1","code":"+9086-4480+592-504+588-500E-502EfEfEgE-1622EfEhEhEhEhEhEhEfEhEhEfEgEfEgEfEfEgEfEhEhEhEhEhEhEhE-41318+9102-2200E","mapping_code":"3_1_64_50167935","state":1},{"key":"2","name":"2","code":"+9100-4582+616-508+588-502E-500EfEgEfE-1622EgEhEhEhEhEhEhEf+586hEgEhEfEgEfEgEfEgEhEfEhEhEhEhEhEhE-41334+9078-2228E","mapping_code":"3_2_64_50151615","state":1},{"key":"3","name":"3","code":"+9098-4486+588-502Cd+586dCdC-500CdC-1622CfCgCgCgCgCgCgCfCgCgCgCdCfCdCfCdCfCdCdCgCgCgCgCgCgC-41320+9076-2220C","mapping_code":"3_3_64_50184255","state":1},{"key":"4","name":"4","code":"+9090-4482+592-504+586-502+588fG-500GfGhG-1622GhGiGiGiGiGiGiGhGiGfGfEiGhGfGhGfGhGiGiGhGiGiGiGiGiG-41306+9078-2220G","mapping_code":"3_4_64_50143455","state":1},{"key":"5","name":"5","code":"+9096-4486+592-502+588d+586dEdE-500EdE-1622EgEhEhEhEhEhEhEgEhEhEgEhEgEdEgEdEgEdEhEdEhEhEhEhEhE-41334+9104-2206+590","mapping_code":"3_5_64_50176095","state":1},{"key":"6","name":"6","code":"+9098-4480+592-504+588-500E-502EfEgEg+586-1622EfEiEiEiEiEiEi+590-498EiEgEiEiJfEgEfEgEfEiEgEfEiEiEiEiEiE-41332+9100-2196E","mapping_code":"3_6_64_50159775","state":1},{"key":"7","name":"7","code":"+9086-4480+592-504+588-500E-502EgEfEgE-1622Eg+586hEhEhEhEhEhEfEhEhEhEhEgEfEgEfEgEgIgEgEhEhEhEhEhE-41314+9100-2198E","mapping_code":"3_7_64_50192415","state":1},{"key":"8","name":"8","code":"+9072-4506+588-502CdC-500CdCeCdC-1622CdCfCfCfCfCfCf+590eCfCeCdCeCfCdCdCeCdCfCfCfCdCfCfCfCfC-41328+9076-2268C","mapping_code":"3_8_64_50139375","state":1},{"key":"9","name":"9","code":"+9072-4508+592-502+588dE-500EdEfEdE-1622EdEgEgEgEgEgEgEd+586gEgEdHdEgEdEfEdEdEfEgEgEfEgEgEgEgE-41314+9102-2200E","mapping_code":"3_9_64_50172015","state":1},{"key":"POWER","name":"POWER","code":"+9098-4482+590-502+588dE-500EdEfEdE-1622EdEgEgEgEgEgEgEdEgEfEgEfEdEgEd+586dEdEgEfEgEgEfEgEgEgE-41334+9102-2208C","mapping_code":"3_18_64_50153655","state":1},{"key":"MENU","name":"MENU","code":"+9098-4484+588-500C-502CeCdCeCdC-1622CdCfCfCfCfCfCfCeCfCfCfCdCfCfCdCf+590dCe+586eCfCeCdCfCdCfG-41420+9126-2210C","mapping_code":"3_91_64_50190885","state":1},{"key":"UP","name":"UP","code":"+9098-4486+588-500C-502Ce+586eCeCdC-1622CdCgCgCgCgCgCgCeCgCgCeCdCgCgCeCdCeCdCgCgCdCeCgCgCgC-41316+9100-2202C","mapping_code":"3_25_64_50174055","state":1},{"key":"DOWN","name":"DOWN","code":"+9096-4486+588-500C-502CeCdCeCdC-1622CeCfCfCfCfCfCfCeCfCfCeCfCfCfCdCeCdCeCfCeCdCeCfCfCfC-41302+9076-2254C","mapping_code":"3_29_64_50182215","state":1},{"key":"RIGHT","name":"RIGHT","code":"+9098-4482+592-502+588dE-500EdEdEfE-1622EdEgEgEgEgEgEgEdEgEdEfEdEfEdEd+586gEfEgEgEgEgEgEgEfEgE-41316+9102-2200E","mapping_code":"3_64_64_50135805","state":1},{"key":"LEFT","name":"LEFT","code":"+9328-4488+588-502C-500CdCeCdC-504+586-1622CeChChChChChChCeChCdChCdCeCdCeChCeChCdChCh+590hChCeChC-41318+9100-2198C","mapping_code":"3_66_64_50152125","state":1},{"key":"ENTER","name":"ENTER","code":"+9098-4482+592-502+588dE-500EdEd+586dE-1622EdEhEhEhEhEhEhEdEhEhEdEfEdEfEhEfEdEfEhEhEhEhEdEhEhE-41334+9100-2202E","mapping_code":"3_33_64_50168955","state":1},{"key":"VOLUME_UP","name":"VOLUME UP","code":"+9102-4490+588-500C-502CdCeCdCeC-1622CeCfCfCfCfCfCfCdCfCdCfCdCfCfCdCeCdCfCdCfCeCdCfCfCfC-41316+9078-2218C","mapping_code":"3_26_64_50157735","state":1},{"key":"VOLUME_DOWN","name":"VOLUME DOWN","code":"+9098-4484+588-502C-500CdCdCeCdC-1622CeCfCfCfCfCfCfCeCfCeCfCfCfCfCdCeCdCfCeCdCdCeCfCfCfC-41322+9100-2200+592","mapping_code":"3_30_64_50165895","state":1},{"key":"CHANNEL_UP","name":"CHANNEL UP","code":"+9072-4506+588-500C-502CdCeCeCdC-1622CeCfCfCfCfCfCfCeCfCfCfCdCfCfCdCeCdCeCdCfCdCeCfCfCfC-41302+9078-2216C","mapping_code":"3_27_64_50190375","state":1},{"key":"CHANNEL_DOWN","name":"CHANNEL DOWN","code":"+9086-4486+588-500C-502CdCeCdCeC-1622CeCfCfCfCfCfCfCe+586fCfCfCfCfCfCeCdCeGeCeCdCeCdCfCfCfC-41318+9102-2200C","mapping_code":"3_31_64_50198535","state":1},{"key":"MUTE","name":"MUTE","code":"+9098-4482+592-502+588dE-500EfEd+586dE-1622EdEhEhEhEhEhEhEdEhEfEdEfEfEhEdEfEdEhEhEhEhEdEhEhEhE-41364+9106-2216E","mapping_code":"3_16_64_50137335","state":1},{"key":"INPUT","name":"INPUT","code":"+9098-4484+588-500C-502CdCeCdCeC-1622CeCfCfCfCfCfCfCeCfCdCdCfCeCfCdCdCeCfCfCeCfCdCfCfCfC-41362+9130-2254+590","mapping_code":"3_20_64_50145495","state":1},{"key":"REWIND","name":"REWIND","code":"+9098-4482+594-500+588dE-502EdEfEdE-1622EdEfEgEgEgEgEgEdEgEdEfEgEdEgEdEgEdEgEgEfEgEfEgEfEgE-42450+9102-2200E","mapping_code":"3_84_48704_41757397","state":1},{"key":"PLAY","name":"PLAY","code":"+9098-4484+588-500C-502CeCdCeCdC-1622CdCe+586fCfCfCf+590fCdCfCeCfCeCdCfCdCfCeCfCeCfCfCeCfCdCfC-42460+9100-2202C","mapping_code":"3_82_48704_41765557","state":1},{"key":"FAST_FORWARD","name":"FAST FORWARD","code":"+9098-4484+588-500CdC-502CdCeCdC-1622CdCeCfCfCf+590fCfCdCfCfCdCfCdCfCeCfCeCdCfCdCfCdCfCeCfC-42430+9078-2218C","mapping_code":"3_85_48704_41790037","state":1},{"key":"STOP","name":"STOP","code":"+9098-4486+588-500C-502CdCeCdCdC-1622CeCdCfCfCfCfCfCeC-1624+586fCeCdCeCfCeCfCdCdCfCfCfCdCfCdCfC-42446+9102-2198C","mapping_code":"3_81_48704_41781877","state":1},{"key":"SETTING","name":"SETTING","code":"+9098-4484+588-500C-502CeCdCeCdC-1622CeCfC-1626+586fCfCfCfCeCfCfCfCdCeCdCeCfCeCdCeCfCfCfCfCdCfC-41330+9106-2210C","mapping_code":"3_67_64_50184765","state":1},{"key":"INFO","name":"INFO","code":"+9090-4482+590-504+588-500EfEfEfE-502E-1622EfEhEhEhEhEhEhEfEhEgEhEhEfEhEgEfEgEhEgEfEhCfEhEhEhE-41306+9104-2254C","mapping_code":"3_22_64_50161815","state":1},{"key":"LAST","name":"LAST","code":"+9154-4530+592-502+588dE-500EdEfEdE-1622EfEgEgEgEgEgEgEfEgEfEgEdEfEgEfEgEfEgEd+590-1630EgEfEgEdEgE-41316+9076-2220E","mapping_code":"3_82_64_50154165","state":1},{"key":"NEXT","name":"NEXT","code":"+9090-4482+592-502+588dE-500EdEfEdE-1622EdEfEgEgEgEgEgEdEgEdEgEgEdEgEdEgEfEgEfEfEgEfEgEfEgE-42434+9130-2258+590","mapping_code":"3_86_48704_41773717","state":1}],"_id":"gzjqTn30Ul4pTb2C"}
