{"category":"TV","brand":"ACTION","model":"5165","type":1,"version":"1.0","create_date":1694750154464,"protocol":"ACTION","map_code":[{"key":"POWER","name":"POWER","code":"+9084-4484+588-506+586-1624EfE-502EgEgEgEfE-1622EhE-504EfEiEhEhEgEgEfEiEgE-1628+582iEgEiEhEgEfEfEiEfEfEfE-41348+9112-2210E","mapping_code":"3_18_27526_1641433271","state":1},{"key":"0","name":"0","code":"+9080-4484+588-506+586-1624EfE-502EgE-504EgEfE-1622EfEgEfEhEiEiEgEhEgEhEgEgEgEhEgEfEiCiEiEiEiEfEfE-41288+9062-2234C","mapping_code":"3_0_27526_1641414911","state":1},{"key":"1","name":"1","code":"+9084-4486+588-506+586-1624E-1622E-502E-504EhEiEgEfEfEhEfEhEgEfEhEfEiEhEiEiEhEiEhEiEgEfEfEfEgEgEfE-41318+9090-2356C","mapping_code":"3_1_27526_1641447551","state":1},{"key":"2","name":"2","code":"+9078-4484+586-502C-1622CeCdCdCdCdC-1624CfCeCdCfCdCfCfCdC-504CeCgCdCdCdCgCdCfCdCfCeCeCeCfCfC-41310+9090-2232+588","mapping_code":"3_2_27526_1641431231","state":1},{"key":"3","name":"3","code":"+9084-4486+588-512+586-1622EfE-504E-502EgEhE-1624EfEfEhEfEhEiEfEhEiEfEhEgEhEgEgEhEgEhEiEfEfEfEiEfE-41310+9090-2218C","mapping_code":"3_3_27526_1641463871","state":1},{"key":"4","name":"4","code":"+9084-4484+586-504C-1622CeCdC-502CfCdCeCeC-1624CdCeCdCeCeCdCfCdCeCdCfCdCfCfCeCgCfCgCgCeCeCeC-41310+9088-2238+588","mapping_code":"3_4_27526_1641423071","state":1},{"key":"5","name":"5","code":"+9088-4482+588-506+586-1622E-1624E-502EhEhE-504EfEfEgEiEgEiEfEgEiEfEiEfEhEhEiEhEiEhEgEiEgEgEfEfEgE-41306+9116-2234C","mapping_code":"3_5_27526_1641455711","state":1},{"key":"6","name":"6","code":"+9114-4504+588-504+586-1622E-1642E-502EdEhEdEfEfEfEhE-1624EhEiEiE-506+584hEiEiEhEdEhEdEhEfEhEhEfEiEiEiEfE-41290+9086-2202C","mapping_code":"3_6_27526_1641439391","state":1},{"key":"7","name":"7","code":"+9088-4482+588-506+586-1624EfE-502E-504+590-498EhE-1622EfEfEgEfEhEkEfEhEfEfEkEgEhEgEhEhEgEhEgEfEkEkEkEfE-41298+9116-2226C","mapping_code":"3_7_27526_1641472031","state":1},{"key":"8","name":"8","code":"+9088-4496+588-508+586-1622EfE-504E-502EgEhE-1624EfEfEhEfEhEiEfEhEgEgEhEiEgEhEhEgEfEfEiEgEfEfEiEiE-41312+9140-2242C","mapping_code":"3_8_27526_1641418991","state":1},{"key":"9","name":"9","code":"+9082-4490+588-506+586-1622EfE-502E-504EgEhEfEfE-1624EgEfEhEfEfEgEiEhEgEiEgEhEgEhEgEiEiEhEfEiEiEiE-41308+9086-2218C","mapping_code":"3_9_27526_1641451631","state":1},{"key":"UP","name":"UP","code":"+9084-4506+588-508+586-1622EfE-502E-504EhEgE-1624EiEfEgEfEgEiEfEgEhEgEgEiEiEgEgEgEiEiEfEgEhEfEfEiE-41312+9090-2220C","mapping_code":"3_24_27526_1641421031","state":1},{"key":"DOWN","name":"DOWN","code":"+9080-4482+588-506+586-1622EfE-504E-502EgEhE-1624EiEiEhEfEgEfEfEhEhEhEiEgEfEg+584gEhEfEfEhEiEgEfEfEfE-41308+9088-2212C","mapping_code":"3_20_27526_1641425111","state":1},{"key":"ENTER","name":"ENTER","code":"+9088-4484+588-506+586-1624E-1622E-502E-504EhEhEgEfEgEhEfEhEfEfEhEfEfEfEhEfEiEiEhEiEhEiEgEiEgEgE-1626+582-41316+9612-2258C","mapping_code":"3_23_27526_1641474071","state":1},{"key":"VOLUME_UP","name":"VOLUME UP","code":"+9088-4482+588-506+586-1622CfE-502E-504EgEhE-1624EiEiEgEiEhEfEiEhEfEiEgEiEiEhEhEgEhEgEiEgEhEfEfEiE-41312A-2212C","mapping_code":"3_27_27526_1641469991","state":1},{"key":"VOLUME_DOWN","name":"VOLUME DOWN","code":"+9088-4482+588-506+586-1622E-1624E-502EhEhE-504EfEfEgEiEfEiEfEfEiEfEfEgEfEfEhEiEiEhEiEhEiEhEfEfEfE-41334+9116-2260C","mapping_code":"3_31_27526_1641478151","state":1},{"key":"CHANNEL_UP","name":"CHANNEL UP","code":"+9088-4488+588-506+586-1622EfE-504E-502EgEhEfEfEfEgEfEhEfEfEhEhEfEgEfE-1624EgEhEhEiEgEfEgEhEiEfEfE-41346+9114-2208E","mapping_code":"3_26_27526_1641437351","state":1},{"key":"CHANNEL_DOWN","name":"CHANNEL DOWN","code":"+9088-4494+588-514+586-1622EfE-502EgEgEgEfEfE-1624EgEfEgEfEfEgE-504EfEfEfEfEiEgEiEfEgEiEgEiEfEfEfE-41242+9112-2220C","mapping_code":"3_30_27526_1641445511","state":1}],"_id":"KXYPzaEr05ciye1O"}
