{"category":"TV","brand":"TOSHIBA","model":"1397","type":1,"version":"1.0","create_date":1695006897002,"protocol":"TOSHIBA","map_code":[{"key":"0","name":"0","code":"+4616-4522+596-1634+594-1632EfE-504+592gHgHgHgHfEfEfEgHgHgHgHgHfEgHgHgHdEgHgHgHgHfEfEfEgHdHdEfE-48422+4596-4508EgH","mapping_code":"7_17_7_3772811383","state":1},{"key":"1","name":"1","code":"+4620-4566+596-1646+594-1632EfE-504+592gHgHgHgH-1634EfEfEgHgHgHgHgHgHgHfEgHgHgHgHgHfEfEgHfEiEfEfEfE-48392+4596-4528C-506H","mapping_code":"7_4_7_3772784863","state":1},{"key":"2","name":"2","code":"+4614-4524+596-1634+594-1632EfE-504+592gHgHgHgHdEfEfEgHgHgHgHgHfEgHfEgHgHgHgHgHgHfEgHfEdHdEfEfE-48434+4646-4514C-506H","mapping_code":"7_5_7_3772817503","state":1},{"key":"3","name":"3","code":"+4620-4534+596-1634+594-1632EfE-504+592gHgHgHgHfEfEfEgHgHgHgHgHgHfEfEgHgHgHgHgHfEgHgHfEfEfEfEfE-48442+4596-4514C-506H","mapping_code":"7_6_7_3772801183","state":1},{"key":"4","name":"4","code":"+4620-4524+596-1634+594-1632EfE-504+592gHgHgHgHfEfEfEgHgC-500HgHgHgHgHgHfEgHgHgHgHdEfEfEgHdEfEfEfE-48502+4622-4558C-512H","mapping_code":"7_8_7_3772780783","state":1},{"key":"5","name":"5","code":"+4618-4514+596-1634+594-1632EfE-504+592gHgHgHgHfEfEfEgHgHgHgHgHdEgHgHfEgHgHgHgHgHfEfEgHfEfEfEfE-48446+4622-4516C-506H","mapping_code":"7_9_7_3772813423","state":1},{"key":"6","name":"6","code":"+4616-4524+596-1634+594-1632EfE-506+590-504+592iJiJiJfEdEfEiJiJiJiJiJiJfEiJfEiJiJiJiJfEiJfEiJdJdEfEfE-48462+4622-4516CgJ","mapping_code":"7_10_7_3772797103","state":1},{"key":"7","name":"7","code":"+4620-4528+596-1638+594-1632EfE-504+592gHgHgHgHfEfEfEgHgHgHgHgHgHgHfEfEgHgHgHgHfEfEgHgHfEfE-1636HfE-48454+4622-4510C-506H","mapping_code":"7_12_7_3772788943","state":1},{"key":"8","name":"8","code":"+4620-4526+596-1634+594-1632EfE-504+592gHgHgHgHfEfEfEgHgHgHgHgHfEgHfEfEgHgHgHgHgHdEgHgHfEfEfEfE-48468+4622-4516C-506H","mapping_code":"7_13_7_3772821583","state":1},{"key":"9","name":"9","code":"+4618-4524+596-1634+594-1632EfE-504+592gHgHgHgHfEfEfE-508+590gHgHgHgHgHfEfEfEgHgHgHgHfEgHgHgHfEfEdHdE-48458+4622-4514C-506H","mapping_code":"7_14_7_3772805263","state":1},{"key":"POWER","name":"POWER","code":"+4618-4538+596-1634+594-1632EfE-504+592gHgHgHgHfEfEfEgHgHgHgHgHgHfEgHgHgHgHgHgHfEgHfEfEfEfEfEfE-48414+4596-4566C-518H","mapping_code":"7_2_7_3772793023","state":1},{"key":"MENU","name":"MENU","code":"+4612-4520+596-1634+594-1632EfE-504+592gHgHgHgHfEfEfEgHgHgHgHgHgHfEgHfEfEgHgHgHdHgHfEgHgHfEfEfE-48458+4648-4534C-506H","mapping_code":"7_26_7_3772799143","state":1},{"key":"UP","name":"UP","code":"+4620-4522+596-1634+594-1632EfE-504+592gHgHgHgHfEfEdEgHgHgHgHgHgHfEgHgHfEgHgHgHfEgHfEfEgHdHdEfE-48450A-4506C-506H","mapping_code":"7_18_7_3772795063","state":1},{"key":"LEFT","name":"LEFT","code":"+4642-4550+596-1634+594-1632EfE-504+592gHgHgHgHfEfEfEgHgHgHgHgHfEfEgHfEgHgHgHgHgHgHfEgHfEdHdEfE-48442+4622-4532C-506H","mapping_code":"7_11_7_3772829743","state":1},{"key":"DOWN","name":"DOWN","code":"+4616-4524+596-1634+594-1632EfE-504+592gHgHgHgHfEfEfEgHgHgHgHgHgHgHgHgHfEgHgHgHdEfEfEfEgHdHdEfE-48450+4622-4526C-510H","mapping_code":"7_16_7_3772778743","state":1},{"key":"RIGHT","name":"RIGHT","code":"+4580-4536+596-1634+594-1632EfE-504+592gHgHgHgHfEfEfEgHgHgHgHgHfEfEfEgHgHgHgHgHgHgHgHfEfEfEdEfE-48462+4622-4506C-506H","mapping_code":"7_7_7_3772833823","state":1},{"key":"MUTE","name":"MUTE","code":"+4616-4526+594-1632CdCdC-504+592eFeFeFeFdCdCdCeFeFeFeFeFdC-1634FgCdCeFeFeFeFeFeFeFeFdCdCdCdC-48424+4648-4540+596-506F","mapping_code":"7_15_7_3772837903","state":1},{"key":"GREEN","name":"GREEN","code":"+4664-4538+596-1634+594-1632EfE-504+592gHgHgHgHfEfEfEgHgHgHgHgHgHgHfEgHdEgHgHgHfEfEgHfEgHdHfEdE-48412+4618-4520EgH","mapping_code":"7_20_7_3772786903","state":1},{"key":"BLUE","name":"BLUE","code":"+9170-4538+596-506+592-504E-1636+590fEfEfEfEfE-1634+594iJfEiJiJiJiJiJfEfEfEiJiJfEfEfEiJiJiJfEfEiJiJiJ-41648+9172-2226+598","mapping_code":"3_24_4_551491815","state":1}],"_id":"BbwvnLNmfV1FhlFU"}
