{"category":"TV","brand":"TOSHIBA","model":"1402","type":1,"version":"1.0","create_date":1695003334691,"protocol":"TOSHIBA","map_code":[{"key":"0","name":"0","code":"+9244-4562+596-506+592dE-504EfEfEdE-1634+594fEgHgHgHgHgHgEfEgHfEdEfEdEfEdEfEdEgHgHgEgEgEgHgHgH-41576+9172-2242H","mapping_code":"3_0_64_50135295","state":1},{"key":"1","name":"1","code":"+9158-4542+596-506+592-504EfEfEfEdE-1634EfEg+594gHgHgHgHgEfEgHgHfEfEfEdEfEfEfEdEgHgHgHgEgEgEgE-41650+9172-2232H","mapping_code":"3_1_64_50167935","state":1},{"key":"2","name":"2","code":"+9430-4594+596-508+592-504E-506EfEgEfE-1634+594fEhIhEhEhIhIhIfEhEgEhIfEfEfEgEfEgEhIfEhEhIhIhIhIhI-41596+9170-2234I","mapping_code":"3_2_64_50151615","state":1},{"key":"3","name":"3","code":"+9160-4522+594-506+592dE-504EfEfEfE-1634CfEgEgEgCgCgCgCfEgCgCgCfEdEfEfEfEfEfEfEgEgCgCgCgCgE-41648+9172-2234C","mapping_code":"3_3_64_50184255","state":1},{"key":"4","name":"4","code":"+9166-4540+596-506+592dE-504EfEfEdE-1634+594fEgHgHgHgHgHgHfEgHfEfEgHfEdEfEdEfEgEgHfEgEgEgEgHgH-41652+9172-2228H","mapping_code":"3_4_64_50143455","state":1},{"key":"5","name":"5","code":"+9170-4554+596-530+592-508E-504EgEgEgE-1634+594gEhEhEhIhIhIhIgEhIhIgEhEgEgEgEgEgE-506EhIgEhIhIhIhEhE-41586+9166-2224I","mapping_code":"3_5_64_50176095","state":1},{"key":"6","name":"6","code":"+9378-4614+618-506+592-504EfEfEfEfE-1634+594fEgHgHgHgEgEgHfEgHfEgHgHfEfEfEfEfEgHfEfEgHgHgHgHgH-41592+9170-2230H","mapping_code":"3_6_64_50159775","state":1},{"key":"7","name":"7","code":"+9170-4540+596-506+592-504EfEfEfEfE-1634+594fEgHgHgHgHgHgHfEgHgHgHgEfEfEfEfEfEfEfEfEgHgEgHgHgH-41610+9146-2230H","mapping_code":"3_7_64_50192415","state":1},{"key":"8","name":"8","code":"+9172-4528+594-504+592dEdEdEdEdE-1634CdEfCfCfCfCfCfCdEfCdEdEdEfCdEdEdEdEfCfEfEdEfCfCfEfE-41608+9146-2224+596","mapping_code":"3_8_64_50139375","state":1},{"key":"9","name":"9","code":"+9166-4534+596-506+592-504EfEfEfEfE-1634+594fEgHgHgHgHgHgHfEgHgHfEfEgHfEfEfEfEfEgHgHfEgHgHgHgH-41658+9196-2228C","mapping_code":"3_9_64_50172015","state":1},{"key":"POWER","name":"POWER","code":"+9164-4530+596-506+592-504EfEfEfEfE-1634+594fEgHgHgHgHgHgHfEgHfEgHfEfEgHfEfEfEgHfEgHgHfEgHgHgH-41642+9172-2232H","mapping_code":"3_18_64_50153655","state":1},{"key":"PLAY","name":"PLAY","code":"+9216-4548+596-506+592-504+594-502EfEfEfE-1634GfEiGiGiGiGiGiGfEiGfEfEfEfEiGiGfEfEiGiGiGiGfEfEiEiG-41586+9170-2230+590","mapping_code":"3_48_64_50138355","state":1},{"key":"PAUSE","name":"PAUSE","code":"+9166-4580+596-518+592-504EfEfEfEfE-1634+594fEgC-1632HgHgHgHgHfEgHgHfEgHfEgHgHfEfEfEgHfEgEfEfEgEgH-41596+9168-2224H","mapping_code":"3_53_64_50179155","state":1},{"key":"STOP","name":"STOP","code":"+9184-4570+596-514+592-504EfEfEfEfE-1634+594fEgHgHgHgHgHgHfEgHgHfEfEfEgHgHfEfEfEgHgEgHfEfEgHgH-41576+9172-2246H","mapping_code":"3_49_64_50170995","state":1},{"key":"BACK","name":"BACK","code":"+9168-4520+594-504+592dEdEdEdEdE-1634CdEfCfCfCfCfCfCdEfCfCfCfCdEfCdEdEdEdEdC-502EfCdEfCfCfC-41642+9172-2228C","mapping_code":"3_23_64_50194455","state":1},{"key":"UP","name":"UP","code":"+9162-4538+596-506+592-504EfEfEfEfE-1634+594fEgHgHgHgHgHgHfEgHfEgHfEfEfEfEfEgHgHfEgHgH-1632HgEgEfE-41596+9168-2234H","mapping_code":"3_130_64_50151870","state":1},{"key":"DOWN","name":"DOWN","code":"+9162-4548+596-512+592-504EfEfEfEfE-1634+594fEgHgHgHgHgHgHfEgHgHgHfEfEfEfEfEgHfEfEgHgHgHgHgHfE-41626+9172-2236C","mapping_code":"3_131_64_50184510","state":1},{"key":"LEFT","name":"LEFT","code":"+9170-4536+596-506+592-504EfEfEfEfE-1634+594fEgHgHgHgH-1632HgEfEgHgHfEgHgHgHfEfEfEfEgHfEfEfEgHgHgH-41646+9172-2230H","mapping_code":"3_29_64_50182215","state":1},{"key":"RIGHT","name":"RIGHT","code":"+9166-4536+594-504+592dEdEdEdEdE-1634CdEfCfCfCfCfCfCdEfCfCdEdEfCfCdEdEdEdEfCfCdEdEfCfEfE-41632+9146-2264+596","mapping_code":"3_25_64_50174055","state":1},{"key":"MENU","name":"MENU","code":"+9166-4560+596-514+592-504EfEfEfEfE-1634+594fEgHgHgHgHgHgHfEgHfEfEfEfEfEfEfEgHgHgHgHgEgHgHgHfE-41594A-2228H","mapping_code":"3_128_64_50135550","state":1},{"key":"VOLUME_UP","name":"VOLUME UP","code":"+9168-4536+596-506+592-504EfEfEfEfE-1634+594fEgHgHgHgHgHgHfEgHfEgHfEgHgHfEfEfEgHfE-1650HfEfEgHgHgH-41640+9172-2222C","mapping_code":"3_26_64_50157735","state":1},{"key":"VOLUME_DOWN","name":"VOLUME DOWN","code":"+9162-4574+596-512+592-504EfEfEfEfE-1634+594fEgH-1632HgHgHgHgEfEgHfEgHgHgHgHfEfEfEg+598-500EfEfEfEgHgHgH-41632+9174-2232C","mapping_code":"3_30_64_50165895","state":1},{"key":"MUTE","name":"MUTE","code":"+9166-4532+594-504+592dEdEdEdEdE-1634CdEfCfCfCfCfCfCdEfCdEdEdEdEfCdEdEdEfCfCfCfCdEfCfCfC-41652+9168-2220C","mapping_code":"3_16_64_50137335","state":1},{"key":"CHANNEL_UP","name":"CHANNEL UP","code":"+9162-4536+594-504+592dEdEdEdEdE-1634CdEfCfCfCfCfCfEdEfCfCfCdEfCfCdEdEdEdEdEfCdEdEfCfCfC-41652+9174-2226C","mapping_code":"3_27_64_50190375","state":1},{"key":"CHANNEL_DOWN","name":"CHANNEL DOWN","code":"+9170-4536+594-504+592dEdEdEdEdE-1634CdEfCfCfEfCfCfCdEfEfCfCfCfCfCdEdEdEdEdEdEdEdEfCfCfC-41614+9174-2224C","mapping_code":"3_31_64_50198535","state":1}],"_id":"dRJLrfmf85EjxwPc"}
