{"category":"TV","brand":"TOSHIBA","model":"1477","type":1,"version":"1.0","create_date":1695007244058,"protocol":"TOSHIBA","map_code":[{"key":"0","name":"0","code":"+9192-4538+596-510+592-504E-1634+594fEfEfEfEfEgHgHfEgHgHgHgHgHfEfEfEfEgHfEfEfEgHgHgHgHfEgHgHgH-41594+9146-2218C","mapping_code":"3_16_4_551487735","state":1},{"key":"1","name":"1","code":"+9170-4534+594-504+592dE-1634CdEdEdEdEdEfCfCdEfCfEfCf+598-1630CfCdEdEdEfCdEdEdEdE-1638+590fCfCdEfEfCfC-41650+9172-2232+596","mapping_code":"3_17_4_551520375","state":1},{"key":"2","name":"2","code":"+9162-4536+594-504+592dE-1634CdEdEdEdEdEfCfCdEfCfCfCfEfCdEfCdEd+596-1628CdEdEdEfCdEfCfCdEfCfEfE-41660+9172-2232C","mapping_code":"3_18_4_551504055","state":1},{"key":"3","name":"3","code":"+9170-4534+596-506+592-504E-1634+594fEfEfEfEfEgHgHfEgHgHgHgHgHgHgHfEfEgHfEfEfEfEfEgHgHfE-1632HgHgH-41620+9198-2240C","mapping_code":"3_19_4_551536695","state":1},{"key":"4","name":"4","code":"+9194-4536+596-506+592-504E-1634+594fEfEfEfEfEgHgHfEgHgHgHgHgHfEfEgHfEgHfEfEfEgHgHfEgHfEgH-1642HgH-41626+9174-2240C","mapping_code":"3_20_4_551495895","state":1},{"key":"5","name":"5","code":"+9168-4536+596-506+592-504E-1632+594fEfEfEfEfE-1634HiHfEiHiHiHiHiHiHfEiHfEiHfEfEfEfEiHfEiHfEiHiHiH-41644+9172-2230H","mapping_code":"3_21_4_551528535","state":1},{"key":"6","name":"6","code":"+9170-4532+594-504+592dE-1634CdEdEdEdEdEfCfCdEfCfCfCfCfCdEfCfCdEfCdEdEdEfCdEdEfCdEfCfCfC-41600+9148-2256+596","mapping_code":"3_22_4_551512215","state":1},{"key":"7","name":"7","code":"+9192-4520+596-506+592-504E-1634+594fEfEfEfEfEgHgHfEgHgHgHgHgHgHgHgHfEgHfEfEfEfEfEfEgHfEgHgHgE-41604+9198-2240C","mapping_code":"3_23_4_551544855","state":1},{"key":"8","name":"8","code":"+9170-4538+596-506+592-504E-1636+590fEfEfEfEfE-1634+594iJfEiJiJiJiJiJfEfEfEiJiJfEfEfEiJiJiJfEfEiJiJiJ-41648+9172-2226+598","mapping_code":"3_24_4_551491815","state":1},{"key":"9","name":"9","code":"+9170-4542+596-506+592-504E-1634+594fEfEfEfEfEgHgHfEgHgHgHgHgHgHfEfEgHgHfEfEfEfEgHgHfEfEgHgHgH-41594+9174-2236C","mapping_code":"3_25_4_551524455","state":1},{"key":"POWER","name":"POWER","code":"+9162-4536+596-506+592-504E-1634+594fEfEfEfEfEgH-1632HfEgHgHgHgHgHfEfEfEgHfEfEfEfEgHgHgHfEgHgHgHgH-41604+9146-2222H","mapping_code":"3_8_4_551489775","state":1},{"key":"MENU","name":"MENU","code":"+9170-4534+594-504+592dE-1634CdEdEdEdEdEfCfCdEfCfCfEfCfCfCfCdEdEdEdEfCdEdEdEfCfCfCfCdEfC-41656+9172-2234C","mapping_code":"3_67_4_551535165","state":1},{"key":"UP","name":"UP","code":"+9170-4536+596-506+592-504E-1634+594fEfEfEfEfEgH-1632HfEgHgHgEgHgHfEfEfEfEfEfEfEfEgHgHgHgHgHgHgHgH-41604+9248-2242C","mapping_code":"3_0_4_551485695","state":1},{"key":"DOWN","name":"DOWN","code":"+9168-4518+594-504+592dE-1634CdEdEdEdEdEfCfCdEfCfCfCfCfCfEdEdEdEdEdEdEdEdEfCfCfCfCfCfCfC-41650+9172-2230C","mapping_code":"3_1_4_551518335","state":1},{"key":"LEFT","name":"LEFT","code":"+9168-4518+594-504+592dE-1634CdEdEdEdEdEfCfCdEfCfCfCfCfCfCfCdEdEdEdEdEdEdEdEfCfCfCfCfCfC-41614A-2214+596","mapping_code":"3_3_4_551534655","state":1},{"key":"RIGHT","name":"RIGHT","code":"+9166-4520+594-506+592-504E-1634CfEfEfEfEfEgCgCfEgEgCgCgCgCfE-1632CfEfEfEfEfEfEgCfEgCgCgCgEgCgC-41646+9172-2226C","mapping_code":"3_2_4_551502015","state":1},{"key":"MUTE","name":"MUTE","code":"+9170-4528+596-506+592-504E-1634+594fEfEfEfEfEgHgHfEgHgHgHgHgHgHfEfEgHfEfEfEfEfEgHgHfEgHgHgHgH-41624+9174-2228C","mapping_code":"3_9_4_551522415","state":1},{"key":"GREEN","name":"GREEN","code":"+9194-4554+596-506+592-504E-1634+594fEfEfEd+590fEgHgHfEgHgHgHgHgHgHfEfEfEgHgHgHfEfEgHgHgHfEfEfEgH-41582+9148-2256C","mapping_code":"3_113_4_551521905","state":1},{"key":"RED","name":"RED","code":"+9188-4560+596-506+592-504E-1634+594fEfEfEfEfEgHgHfEgHgH-1632HgHgHfEgHfEfEgHgHgHfEgHfEgHgHfEfEfEgH-41592+9170-2230H","mapping_code":"3_114_4_551505585","state":1},{"key":"YELLOW","name":"YELLOW","code":"+9184-4518+596-506+592-504E-1634+594fEfEfEfEfEgHgHfEgHgHgHgHgHgHgHfEfEfE-1636+590gHfEfEfEgHgHgHfEfEgH-41656+9174-2234H","mapping_code":"3_99_4_551536185","state":1}],"_id":"rSKekmrVBwaIRJCW"}
