{"category":"TV","brand":"TOSHIBA","model":"1492","type":1,"version":"1.0","create_date":1695007608218,"protocol":"TOSHIBA","map_code":[{"key":"0","name":"0","code":"+9210-4548+598-510+596-508Ef+594fEfGfE-1640EfEhEhE-1642EiEhEhEfGiEfGfEfGfEfE-506EfEfGiEiEhEhEiEiE-1644GhE-41836+9240-2260C","mapping_code":"3_0_64_50135295","state":1},{"key":"1","name":"1","code":"+9202-4552+596-508+594dCdEdCdEdC-1640CdE-1642CgCgCfCfCfCdEgCfCdEdC-506CdEdCdEdCdCf+600-1638CfCgCgCgCgC-41762+9186-2242C","mapping_code":"3_1_64_50167935","state":1},{"key":"2","name":"2","code":"+9256-4558+598-508+596-506EdEd+594dEfE-1642EdE-1640EiEiEiEhEhEdEiEdGhEdEdGdEdGdEdGhEfEiEhEhEhEhEiE-41764+9208-2238E","mapping_code":"3_2_64_50151615","state":1},{"key":"3","name":"3","code":"+9226-4576+598-508+596d+594dEdFdEdF-1642EdE-1640EgEgEgEgEhE-506EgEgEhEdEdFdEdFdEdFdEdFgEgEhEhEhEgE-41762+9186-2250E","mapping_code":"3_3_64_50184255","state":1},{"key":"4","name":"4","code":"+9208-4548+598-510+596-508+594fEfGfEfG-1642EfE-1640EiEhEhEhEiE-506EhEfEjEiEfEjEfGfEfGhEiEfGhEhEhEhEiE-41828+9212-2242E","mapping_code":"3_4_64_50143455","state":1},{"key":"5","name":"5","code":"+9202-4604+598-522+596-506E-508+594gEgHgE-1640EgH-1642EjEiEiEiEjEgEiEiEgHjEgEgHgEgHgEgHjEgEiEiEjEjEjE-41804+9208-2230E","mapping_code":"3_5_64_50176095","state":1},{"key":"6","name":"6","code":"+9206-4552+596-508+594dCdEdCdEdC-1640CdE-1642CgCfCfCfCfCdCfCdEgCgCdCdEdCdEdCfCdEdCfCfCfCgCgC-41806+9208-2230C","mapping_code":"3_6_64_50159775","state":1},{"key":"7","name":"7","code":"+9202-4554+600-510+596-536E-508E-506EgEhE-1642EgEiEiEiE-1640EjEiEgEjEiEiEiEg+594gEgKgEgKgEgEgKiEiEjEjEiE-41858+9212-2244E","mapping_code":"3_7_64_50192415","state":1},{"key":"8","name":"8","code":"+9234-4558+598-508+596-506Ed+594dEdGdE-1640EdEhEhEhEhEhE-1642EdEhEdGdEdGiEfEdGdEdGiEiEhEdGiE-1658EhEiE-41762+9186-2254E","mapping_code":"3_8_64_50139375","state":1},{"key":"9","name":"9","code":"+9238-4570+598-508+596-506Ed+594dEdGdE-1640EdG-1642EhEhEhEhEhEdGiEhEdGdEhEdGdEdGdEdGiEiEdEiEiEiEiE-41760+9186-2256E","mapping_code":"3_9_64_50172015","state":1},{"key":"POWER","name":"POWER","code":"+9258-4554+598-508+594d+596dEdFdEdF-1640FdE-1642FhFgFgFgFgFdEhFdEhFdFdEhFdFdEdFgFdEhFhFdEhFhFhF-41760+9186-2254F","mapping_code":"3_18_64_50153655","state":1},{"key":"PLAY","name":"PLAY","code":"+9200-4538+598-510+596-508Ef+594fEfGfE-1640EfGfE-1642EiEhEhEhEfEhEhEfEhEiEfEhEfEfGfEhEfGfGiEfEhEiE-42932+9238-2278C","mapping_code":"3_45_48704_41792587","state":1},{"key":"MENU","name":"MENU","code":"+9206-4550+596-508CdC-506Cd+594dCdF-1642CdC-1640ChCgCgCgC-1646+592dCgCgCgCdChChCdFgCeCdCeCgCdFdCgCdChC-41832+9212-2238C","mapping_code":"3_91_64_50190885","state":1},{"key":"UP","name":"UP","code":"+9210-4554+598-508+596d+594dEdFdE-506E-1642EdE-1640EiEiEhEhEhEdFhEhEhEdEiEhEdFdEdFdFdFhEdFdFhEiEiE-41824+9214-2236E","mapping_code":"3_27_64_50190375","state":1},{"key":"DOWN","name":"DOWN","code":"+9202-4546+600-510+594-508+596fEfGfEfG-1640GfE-1642GhGhGhGhGhGfEiGhGhGhGhGiGfGfEfEfGfEfEfEfEiGiGiG-41832+9214-2240G","mapping_code":"3_31_64_50198535","state":1},{"key":"LEFT","name":"LEFT","code":"+9206-4552+600-508+596d+594dEdFdEdF-1642EdE-1640EhEgEgEgEgEdEhC-504EhEhEhEhEdFdEdFgEdEdFdEdFgEgEhE-41822+9212-2238E","mapping_code":"3_30_64_50165895","state":1},{"key":"RIGHT","name":"RIGHT","code":"+9204-4546+598-510+596-506E-508+594gEgHgE-1640EgH-1642EiEiEiEiEiEgHjEgHjEgEiEiEgHgEgHjEgHjEgEgHjEjEjE-41828+9236-2254C","mapping_code":"3_26_64_50157735","state":1},{"key":"ENTER","name":"ENTER","code":"+9210-4558+598-508+596dE-506Ed+594dEdG-1642EfE-1640EhEhEiEhEiEdGhEhEdGdGdEdEiEdGdEdGhEhEhEiEdGhEhE-41780+9184-2246E","mapping_code":"3_33_64_50168955","state":1},{"key":"MUTE","name":"MUTE","code":"+9202-4538+598-508+596d+594dEdFdEdE-1640EdF-1642EgEgEhEhEgEdFhEdEdEdFdEgEdFdEdEgEgEhEhEdFhEhEhE-41808+9184-2258+1048","mapping_code":"3_16_64_50137335","state":1},{"key":"GREEN","name":"GREEN","code":"+9228-4578+598-510+596-506E-508EfEgEfE-1640EgEhEhEhEhEhE-1642EgEhEhEg+594gEhEgEfEiEgEgJiEiEgEiEiEgJiE-41808+9184-2246E","mapping_code":"3_73_64_50172525","state":1},{"key":"BLUE","name":"BLUE","code":"+9208-4552+598-508+596d+594dEdFdEdF-1642EdE-1640EhEhEgEgEgE-506EhEgEgEdEhEdEiEhEdFdEdFgEiEhEgEdEhE-41802+9184-2246E","mapping_code":"3_75_64_50188845","state":1},{"key":"RED","name":"RED","code":"+9210-4546+598-508+596-506EdEfEd+594d+650-1642EfEiEiEiE-1640EjEjEdGiEdEdGdEiEdGdEiEdEjEjEjEdEjEjEdGiE-41828+9212-2234C","mapping_code":"3_72_64_50139885","state":1},{"key":"YELLOW","name":"YELLOW","code":"+9234-4584+598-508+596d+594dEdFdEdF-1642E-506E-1640EiEgEgEgEiEhEgEdEiEdFgEdEdFgEdEiEdEiEdFgEgEdEiE-41762+9210-2238E","mapping_code":"3_74_64_50156205","state":1},{"key":"SLEEP","name":"SLEEP","code":"+9198-4538+596-506C-508CdCe+594eCeF-1642CeC-1640ChCgCgCgCgCdChCgCgCgCgChCeFgCeCeFeCeFeCeFgCeChC-41822+9212-2234+598","mapping_code":"3_95_64_50199045","state":1},{"key":"PICTURE_MODE","name":"PICTURE MODE","code":"+9232-4576+598-508+594d+596-506FdFgFdF-1640FdEhF-1642FiFiFiFhFdEiFiFdFdEdFhFdEdFdEdFhFhFiFdFhFhFiF-41760+9208-2256F","mapping_code":"3_17_64_50169975","state":1}],"_id":"PRNaNRDg8f0HotOf"}
