{"category":"TV","brand":"TOSHIBA","model":"2000487","type":1,"version":"1.0","create_date":1694766970942,"protocol":"TOSHIBA","map_code":[{"key":"POWER","name":"POWER","code":"+9048-4476+588-498C-1642C-492CfCfC-494CfCfCeCg+586eCeCeCeCeCgHgH-1644HiHgCgHgHiHgHiHgHgHeCeCeCgHiH-41354+9000-2260C","mapping_code":"3_70_32002_1086218909","state":1},{"key":"MENU","name":"MENU","code":"+9048-4480+588-494C-1642C-492CfCfCd+586dCfCeCdGeCeCeCeCeCdGeCdCeGdCdGdG-1644GdGdCeCdGeCeCeCdGhG-41330+9052-2202C","mapping_code":"3_69_32002_1086235229","state":1},{"key":"UP","name":"UP","code":"+9048-4474+588-494C-1642C-492CfCd+586dCfCdGeCdGeCeCeCeCeCdGdCdGdGeCdGdG-1644CdGeCeCeCdGeCeCdGhG-41364+8998-2258C","mapping_code":"3_72_32002_1086198509","state":1},{"key":"DOWN","name":"DOWN","code":"+9024-4472+588-496C-1642C-492CfCfC-494+586gCfCeCfCeCeCeCeCeCgHeC-498+582eC-1644HgHgCeCgHgHkHgHgCeHkCgHeC-41284+9036-2194C","mapping_code":"3_77_32002_1086239309","state":1},{"key":"LEFT","name":"LEFT","code":"+9020-4478+588-492C-1642CdC-494CdCdCdCf+586-1644GfCeCeCeGhCeCdCdCeCeCeCfGfGhGfGhGfCfGfGhGhGfGhG","mapping_code":"3_78_32002_1086222989","state":1},{"key":"RIGHT","name":"RIGHT","code":"+9032-4476+588-492C-1642C-494CdCdCdCf+586fCeCdCeCeCeCeCeCdCeCfGfG-1644CdCfGeCfGfGhCeGfCeCeCfGeC-41276+9036-2194C","mapping_code":"3_73_32002_1086231149","state":1},{"key":"ENTER","name":"ENTER","code":"+9032-4474+588-498C-1642C-492C-494+586gCfCgHgHe+590-490CeCeCeHeC-1644HgCfCeCgHeCgHgHkCfCeCgHeCgHkHkHgHkH-41292+9012-2226C","mapping_code":"3_74_32002_1086214829","state":1},{"key":"VOLUME_DOWN","name":"VOLUME DOWN","code":"+9024-4476+588-492C-1642CdCdC-494CdCdCdCeCf+586eCeCeCeCeCfG-1644+590-490CfGeCeCfGfGfCfGeCeCfGfGhGhGhG-41308+9036-2200C","mapping_code":"3_25_32002_1086232679","state":1},{"key":"VOLUME_UP","name":"VOLUME UP","code":"+9032-4472+588-498C-1642C-492CfC-494CfCfCfCeCg+586eCeCeCeCeCgHgCfCeCeCfCgHgCgHeCeCgHgH-1644CeHiHiC-41284+8966-2356C","mapping_code":"3_12_32002_1086206159","state":1},{"key":"MUTE","name":"MUTE","code":"+9024-4476+588-492C-1642CdC-494CdCdCf+586fCeCdCeCeCeCeCeCdCfGfG-1644GhGfGfCeCfGeCeCfGfCeGhGfCeC-41362+9052-2208C","mapping_code":"3_76_32002_1086206669","state":1},{"key":"PLAY","name":"PLAY","code":"+370-788+490-1642+588dEdEdEdE-492EdEdEfEdEdEfEdEfE-494+586gEdEfEfEdEgHdE","mapping_code":"-1_0_0_3977043512","state":1},{"key":"REWIND","name":"REWIND","code":"+9028-4478+588-492C-1642C-494CdCdCdCf+586fCeCdCeCeCeCeCeCdCfGeCeCfG-1644GfCdCfGhGfGfGhCfGeCeCeC-41302+9034-2202C","mapping_code":"3_22_32002_1086220439","state":1},{"key":"STOP","name":"STOP","code":"+9032-4476+588-496C-1642C-492CfC-494+586gCfCgHeCgHeCeCeCeCeCgH-1644HiHgCeCeCgHeCgHgHgHiCgHgHiHgHiH-41282+8966-2258C","mapping_code":"3_91_32002_1086249509","state":1}],"_id":"zjW63hzxRGqlWfGV"}
