{"category":"TV","brand":"TOSHIBA","model":"4381","type":1,"version":"1.0","create_date":1695019766009,"protocol":"TOSHIBA","map_code":[{"key":"MUTE","name":"MUTE","code":"+9144-4532+596-506+592-1632+594-504EhEhEhEfGhEhEhEhEhEhEhEfGfGfGfGhEhE-1634GhEhEhEhEhEfGfGhEfGfGfG-46114+9146-2230G","mapping_code":"3_19_49218_1107544119","state":1},{"key":"INPUT","name":"INPUT","code":"+9152-4510+596-506+592-1632+594-504EhEhEhEfGhEhEhEhEhEhEhEfGfGfGfGfGfGhEhEhEhEhEhEhEhEfGfGfGfG-46160+9174-2234C","mapping_code":"3_15_49218_1107554319","state":1},{"key":"INFO","name":"INFO","code":"+9164-4514+594-504+592-1632CdEdEdEdEfCdEdEdEdEdEdEdEfCfCfCdEf+598-500EdEfCdEdEdEfCdEfCfCdEfCfC-46110+9148-2222C","mapping_code":"3_37_49218_1107534939","state":1},{"key":"SLEEP","name":"SLEEP","code":"+9164-4512+596-506+592-1632+594-504EhEhEhEfGhEhEhEhEhEhEhEfGfGhEhEhEfGfGhEfGhEfGfGfGhEhEfGhEfG-46108+9146-2222G","mapping_code":"3_88_49218_1107499749","state":1},{"key":"EXIT","name":"EXIT","code":"+9160-4514+594-504+592-1632CdEdEdEdEfCdEdEdEdEdEdEdEfCfCdEdEdEdE-1634CdEfCdEfCfCfCfCdEfCdEfC-46106+9148-2222+596","mapping_code":"3_80_49218_1107495669","state":1},{"key":"LAST","name":"LAST","code":"+9164-4514+594-504+592-1632CdEdEdEdEfCdEdEdEdEdEdEdE-1674CfCfCdEdEfCfCdEfCdEdEfCfCdEdEfCdEfC-46124+9146-2228C","mapping_code":"3_89_49218_1107532389","state":1},{"key":"RED","name":"RED","code":"+9166-4514+594-504+592-1632CdEdEdEdEfCdEdEdEdEdEdEdEfCfCdEdEdE-1634CdEdEfCdEfCfCgCdEfCfCdEfC-46120+9148-2224C","mapping_code":"3_72_49218_1107497709","state":1},{"key":"GREEN","name":"GREEN","code":"+9160-4512+596-506+592-1632+594-504EhEhEhEfGhEhEhEhEhEhEhEfGfGfGhEhEfGhEhEfGhEhEfGfGhE-1634EiGhEfG-46090+9142-2242G","mapping_code":"3_73_49218_1107530349","state":1},{"key":"BLUE","name":"BLUE","code":"+9164-4512+596-506+592-1632+594-504EhEhEhEfGhEhEhEhEhEhEhEfGfGfGfGfGhEhEhEfGhEhEhEhE-1634GfGfGhEfG-46114+9146-2228G","mapping_code":"3_71_49218_1107550749","state":1},{"key":"YELLOW","name":"YELLOW","code":"+9166-4514+594-504+592-1632CdEdEdEdEfCdEdEdEdEdEdEdEfCfCdE-1634CfCdEdEdEf+596-502EfCdEdEfCfCfCdEfC-46178+9172-2222H","mapping_code":"3_70_49218_1107518109","state":1},{"key":"PICTURE_MODE","name":"PICTURE MODE","code":"+9164-4514+594-504+592-1632CdEdEdEdEfCdEdEdEdEdEdEdE-1634CfCdEfCfCfCdEdEgCdEfCdEdEdEfCfCdEfC-46122+9146-2224C","mapping_code":"3_78_49218_1107522189","state":1},{"key":"GUIDE","name":"GUIDE","code":"+9164-4514+596-506+592-1632+594-504EhEhEhEfGhEhEhEhEhEhEhEfGfGfGhE-1634GhEfGhEhEhEhEfGhEfGhEiEiGfG-46142+9172-2224G","mapping_code":"3_21_49218_1107535959","state":1},{"key":"0","name":"0","code":"+9156-4514+594-504+592-1632CdEdEdEdEfCdEdEdEdEdEdEdEfCfCdEfCdEfCdEdEdEdEfCdEfCdEfCfC-1634CfC-46116+9148-2222+596","mapping_code":"3_10_49218_1107513519","state":1},{"key":"1","name":"1","code":"+9164-4512+596-506+592-1632+594-504EhEhEhEfGhEhEhEhEhEhEhEfGfGfGhEhEhEhEhEhEhEhEfGfG-1634GfGfGfGfG-46124+9146-2234G","mapping_code":"3_1_49218_1107525759","state":1},{"key":"2","name":"2","code":"+9162-4530+596-510+592-1632+594-504EhC-508EhEfGhEhEhEhEhEhEhEfGfGhEfGhEhEhEhEhEhEfGhEfGfGfGfGfG-1634G-46094+9146-2216G","mapping_code":"3_2_49218_1107509439","state":1},{"key":"3","name":"3","code":"+9162-4550+596-504+592-1632+594dEdEdEdEfGdEdEdEdEdEdEdEfGfGfGfGdEdEdEdEdEdEdEdEfGfGfGfGfGfG-46098+9174-2224G","mapping_code":"3_3_49218_1107542079","state":1},{"key":"4","name":"4","code":"+9168-4518+596-506+592-1632+594-504EhEhEhEfGhEhEhEhEhEhEhEfGfGhEhEfGhEhEhEhEhE-1634GfGhEfGfGfGfGfG-46098+9146-2234G","mapping_code":"3_4_49218_1107501279","state":1},{"key":"5","name":"5","code":"+9164-4516+592-504C-1632+594dCdCdCdCeFdCdCdCdCdCdCdC-1634FeFeFd+596-1628FdCdCdCdCdCdCeFdCeFeFgCgFeF-46158+9172-2222H","mapping_code":"3_5_49218_1107533919","state":1},{"key":"6","name":"6","code":"+9160-4514+594-504+592-1632CdEdEdEdEfCdEdEdEdEdEdEdEfCfCdEfCfCdEdEdEdEdE-1634CdEdEgCfCfCfCfC-46112+9146-2216C","mapping_code":"3_6_49218_1107517599","state":1},{"key":"7","name":"7","code":"+9136-4532+594-504+592-1632CdEdEdEdEfCdEdEdEdEdEdEdEfCfCfCfCfCdEdEdEdEdEdEdEdEfCfCfCfCfC-46112+9146-2222C","mapping_code":"3_7_49218_1107550239","state":1},{"key":"8","name":"8","code":"+9166-4520+596-506+592-1632+594-504EhEhEhEfGhEhEhEhEhEhEhEfGfGhEhEhEfGhEhEhEhEfGfGfGhEfGfGfGfG-46116+9170-2228G","mapping_code":"3_8_49218_1107497199","state":1},{"key":"9","name":"9","code":"+9166-4514+596-506+592-1632+594-504EhEhEhEfGhEhEhEhEhEhEhEfGfGfGhEhEfGhEhEhEhEhEfGfGhE-1634GfGfGfG-46108+9146-2222G","mapping_code":"3_9_49218_1107529839","state":1},{"key":"POWER","name":"POWER","code":"+9166-4542+596-506+592-1632+594-504EhEhEhEfC-502EhEhEhEhEhEhEfGfGhEfGhEhEfGhEhEhEfGhEfGfGhE-1634GfGfG-46110+9146-2222G","mapping_code":"3_18_49218_1107511479","state":1},{"key":"MENU","name":"MENU","code":"+9158-4514+594-504+592-1632CdEd+596-502EdEfCdEdEdEdEdEdEdEfCfCfCfCdEdEfCdEfCdEdEdE-1634CfCdEfCdEfC-46110+9146-2222C","mapping_code":"3_83_49218_1107544629","state":1},{"key":"UP","name":"UP","code":"+9144-4530+596-506+592-1632+594-504GhEhEhEfGhEhEhEhEhEhEhEfGfGd+590hEhEhEhEhEfGhEfGfG-1634EjGfGfGhEfG-46108+9194-2238C","mapping_code":"3_64_49218_1107493629","state":1},{"key":"DOWN","name":"DOWN","code":"+9198-4546+596-506+592-1632+594-504EhEhEhEfGhEhEhEhEhEhEhEfGfGhEhEfGhEhEhEfGhEfGfGhEfG-1634GfGhEfG-46094+9172-2226G","mapping_code":"3_68_49218_1107501789","state":1},{"key":"LEFT","name":"LEFT","code":"+9170-4528+594-504+592-1632CdEdEdEdEfCdEdEdEdEdEdEdEfCfCfCfCdEdEdEdEfCdEdEdEfCfCfCfCdEfC-46122+9148-2220+596","mapping_code":"3_67_49218_1107542589","state":1},{"key":"RIGHT","name":"RIGHT","code":"+9162-4526+596-506+592-1632+594-504EhEhEhEfGhEhEhEhEhEhEhEfGfGhEfGhEhEhEhEfGhE-1634GhEfGfGfGiGhEfG-46154+9174-2228C","mapping_code":"3_66_49218_1107509949","state":1},{"key":"ENTER","name":"ENTER","code":"+9170-4524+596-506+592-1632+594-504EhEhEhEfGhEhEhE-508+590hEhEhEfGfGhEfGhEhEfGhEfGhEfGhEfGfGhE-1634GhEfG-46150+9174-2224G","mapping_code":"3_82_49218_1107511989","state":1},{"key":"VOLUME_UP","name":"VOLUME UP","code":"+9166-4546+596-514+592-1632+594-504EhEhEhEfGhEhEhEhEhEhEhEfGfGhEfGfGhEfGhEhEhEfGhEhEfGhEfGfGfG-46156+9146-2240C","mapping_code":"3_22_49218_1107519639","state":1},{"key":"VOLUME_DOWN","name":"VOLUME DOWN","code":"+9188-4544+596-504+592-1632+594dEdEdEdE-1634GdEdEdEdEdEdEdEfGfC-1630GfGfGdEfGdEdEdEdEdEdGfGdEfGhGfG-46086+9174-2232G","mapping_code":"3_23_49218_1107552279","state":1},{"key":"CHANNEL_UP","name":"CHANNEL UP","code":"+9166-4538+596-504+594-1632Ed+592dGdGdGfEdGdGdGdGdGdGdGfEfEfEfEdGfEfEdGdGdGdGdGfEdGdGfEfEfE-46148+9194-2226C","mapping_code":"3_27_49218_1107548199","state":1},{"key":"CHANNEL_DOWN","name":"CHANNEL DOWN","code":"+9216-4532+596-506+592-1632+594-504EhEhEhEfGhEhEhEhEhEhEhEfGfGfGfGfGfGfGhEhEhEhEhEhEhEhEfGfGfG-46090+9172-2244G","mapping_code":"3_31_49218_1107556359","state":1}],"_id":"w7JYSaV8lcXeN0hk"}
