{"category":"TV","brand":"TOSHIBA","model":"4388","type":1,"version":"1.0","create_date":1695004815391,"protocol":"TOSHIBA","map_code":[{"key":"POWER","name":"POWER","code":"+9162-4570+596-518+592-504EfEfEfEfE-1632+594fEgHgHgHgHgHgHfEgHfE-1634HfEfE-1636+590fEfEfEgHfEgHgHfEiHgHgH-41588+9148-2238H","mapping_code":"3_18_64_50153655","state":1},{"key":"0","name":"0","code":"+9172-4528+596-506+592-504EfEfEfEfE-1632+594fEgHgHgE-1634HgHgHfEiHfEfEfEfEfEfEfEfEiHgHgHgHgHgHgHgH-41624+9174-2220C","mapping_code":"3_0_64_50135295","state":1},{"key":"1","name":"1","code":"+9212-4534+596-506+592-504EfEfEfEfE-1632+594fEgHgHgHgHgHgHfE-1634EiHfEfEfEfEfEfEfEfEiHgHgHgHgHgHgH-41600+9174-2238H","mapping_code":"3_1_64_50167935","state":1},{"key":"2","name":"2","code":"+9170-4528+594-504+592dEdEdEdEdE-1632CdEfC-1634EgCfCfCfCdEfCdEfCdEdEdEdEdEdEfCdEfCfCfCfCfCfC-41628+9172-2222C","mapping_code":"3_2_64_50151615","state":1},{"key":"3","name":"3","code":"+9162-4574+596-518+592-504EfEfEfEfE-1632+594fEgHgHgHgHgHgHfEgHgHgHfEfEfEfEfEfEfEfEgHgH-1634EiEiHgH-41574+9168-2228H","mapping_code":"3_3_64_50184255","state":1},{"key":"4","name":"4","code":"+9160-4522+594-504+592dEdEdEdEdE-1632CdEfCfCfCfCfCfCdE-1634CdEdEgCdEdEdEdE-506EfCfCdEfCfCfCfCfC-41608+9146-2228C","mapping_code":"3_4_64_50143455","state":1},{"key":"5","name":"5","code":"+9168-4518+596-506+592-504EfEfEfEfE-1632+594fEgHgHgHgHgHgHfE-1634HgHfEgHfEfEfEfEfEfEgHfEgHgHgHgHgH-41612+9146-2226C","mapping_code":"3_5_64_50176095","state":1},{"key":"6","name":"6","code":"+9164-4514+594-504+592dEdEdEdEdE-1632CdEfCfCfCfCfCfCdEfCdEfCfCdEdEdEdEdEfCdEdEfC-1634CfCfCfC-41894+9172-2228+596","mapping_code":"3_6_64_50159775","state":1},{"key":"7","name":"7","code":"+9170-4580+596-514+592-504EfEfEfE-508+588-1632+594fEiJiJiJiJiJiJfEiJiJiJiJfEfEfEfEfEfEfEfEiJiJiJiJiJ-41598+9146-2228J","mapping_code":"3_7_64_50192415","state":1},{"key":"8","name":"8","code":"+9170-4526+596-506+592-504EfEfEfEfE-1632+594fEgHgHgH-1634HgHgHfEgHfEfEfEgHfEfEfEfEgHgHgHfEgHgHgHgH-41628+9174-2224H","mapping_code":"3_8_64_50139375","state":1},{"key":"9","name":"9","code":"+9170-4524+594-504+592dEdEdEdEdE-1632CdEfCfCfCfCfCfCdEfCfCdEdEfCdEdEdEdEdEfC-1634EdEfCfCfCfC-41646+9172-2234C","mapping_code":"3_9_64_50172015","state":1},{"key":"PLAY","name":"PLAY","code":"+9272-4588+596-506+592-504E-1632+594fEfEfEgHfEgHgHfEgHgHgHfEgHgHfEgHfEgHfEfEfEfEgHfEgHfEgHgHgH-41622+9174-2226H","mapping_code":"3_21_68_584951895","state":1},{"key":"MUTE","name":"MUTE","code":"+9170-4518+594-504+592dEdEdEdEdE-1632CdEfCfCfCfCfCfCdE-1634CdEdEdEdEgCdEdEdEfCfCgCfCdEfCfCfC-41616+9168-2230+596","mapping_code":"3_16_64_50137335","state":1},{"key":"INFO","name":"INFO","code":"+9190-4548+596-506+592-504EfEfEfEfE-1632+594fEgHgHgHgHgHgHfEgHfEfEgHgHgHfEfEfEgHgHfEfEfE-1634HgHgH-41582+9146-2218H","mapping_code":"3_28_64_50149575","state":1},{"key":"UP","name":"UP","code":"+9168-4524+596-506+592-504E-1632+594fEfEfE-1634HfEgHgHfEgHgHgHfEgHfEfEfEfEfEfEfEgHgHgHgHiHgHgHgHfE-41628+9172-2230H","mapping_code":"3_128_68_584909310","state":1},{"key":"DOWN","name":"DOWN","code":"+9170-4530+594-504+592dE-1632CdEdEdEfC-502EfCfCdEfCfCfCdEfCfCdEdEdEdEdEdEfCdE-1634EhCfCfCfCfCdE-41626+9172-2230C","mapping_code":"3_129_68_584941950","state":1},{"key":"LEFT","name":"LEFT","code":"+9170-4530+594-504+592dE-1632CdEd+596-502EfCdEfCfCdEfCfCfCdEfCfCdEdEdEfCdEfCdEdEfC-1634CfCdEfCdEfC-41592+9198-2238G","mapping_code":"3_81_68_584944245","state":1},{"key":"RIGHT","name":"RIGHT","code":"+9172-4526+596-506+592-504E-1632+594fEfEfE-1634HfEgHgHfEgHgHgHfEgHgHfEgHgHfEfEgHfEfEgHfEfEgHgHfEiH-41634+9174-2224H","mapping_code":"3_77_68_584954445","state":1},{"key":"MENU","name":"MENU","code":"+9186-4516+594-506+592-504EfEfEfEfE-1632CfEgCgCgCgCgCgCfEgCfEgCgC-1634EfEfEfEfEgCfEfEfEgCgCgCgC-41572+9144-2238C","mapping_code":"3_14_64_50163855","state":1},{"key":"VOLUME_UP","name":"VOLUME UP","code":"+9170-4524+594-504+592dEdEdEdEdE-1632CdEfCfCfCfC-1634CfCdEfCdEfCdEgCfCdEdEdEfCdEfCdEdEfCfCfC-41630+9174-2220+596","mapping_code":"3_26_64_50157735","state":1},{"key":"VOLUME_DOWN","name":"VOLUME DOWN","code":"+9192-4536+596-506+592-504EfEfEfEfE-1632+594fE-1634HgHg+598-1628HgHgHfEgHfEgHgHgHgHfEfEfEgHfEfEfEfEgHiHgH-41564+9146-2240H","mapping_code":"3_30_64_50165895","state":1},{"key":"CHANNEL_UP","name":"CHANNEL UP","code":"+9198-4544+596-506+592-504EfEfEfEfE-1632+594fEgHgHgHgHgHgHfEgHgHgHfEgHgHfEfEfEfEfE-1634HfEfEiHgHgH-41560+9172-2228H","mapping_code":"3_27_64_50190375","state":1},{"key":"CHANNEL_DOWN","name":"CHANNEL DOWN","code":"+9170-4530+594-504+592dEdEdEdEdE-1632CdEfCfCfCfCfCfCdEfCfCfCfCfCfCdEdEdEdEdEdEdEdE-1634EgCfC-41606+9172-2232+596","mapping_code":"3_31_64_50198535","state":1},{"key":"RECORD","name":"RECORD","code":"+9170-4526+596-506+592-504E-1632+594fEfEfEgHfE-1634HgHfEgHgHgHfEgHfEfEfEgHgHfEfEfEgHgHiHfEfEiHgHgH-41640+9174-2224C","mapping_code":"3_24_68_584915175","state":1}],"_id":"oiuxzjyVOKd3nKIN"}
