{"category":"TV","brand":"TOSHIBA","model":"4752","type":1,"version":"1.0","create_date":1695022816739,"protocol":"TOSHIBA","map_code":[{"key":"MUTE","name":"MUTE","code":"+4586-4596+596-1648+594-1634EfE-506+592gHgHgEgHfEfEfEgHgEgHgHgHfEfEfEfEgHgHgHgHgHgHgHgHfEfEfEfE-43368+4618-4518EfEfEfEgHgHgHgHgHfEfEfEgHgEgHgEgHfEfEfEfEgHgEgHgHgHgHgHgEfEfEfEfE","mapping_code":"7_15_7_3772837903","state":1},{"key":"INPUT","name":"INPUT","code":"+4608-4522+594-1634CdCdC-506+592eCeFeCeFdCdCdCeFeFeFeFeFdCeFeFeFeFeFeCeFeFdCdCdCdCdCdCdC-43358+4622-4526CdCdCdCeFeFeFeCeFdCdCdCeFeFeFeFeFdCeFeFeFeFeFeFeCeFdCdCdCdCdCdCdC","mapping_code":"7_1_7_3772809343","state":1},{"key":"INFO","name":"INFO","code":"+4614-4520+596-1636+594-1634EfE-506+592gEgHgEgHfEfEfEgHgHgHgHgEfEfEfEfEfEgHgHgEgHgEgHgEgHfEfEfE-43422+4622-4510CdEfEfEgHgHgHgHgHfEfEfEgHgHgHgHgHfEfEfEfEfEgHgHgHgHgEgHgEgHfEfEfE","mapping_code":"7_31_7_3772839943","state":1},{"key":"SLEEP","name":"SLEEP","code":"+4614-4520+594-1634CdCdC-506+592eFeFeCeFdCdCdCeFeCeFeCeFdCdCeCe+598-502FeFeCeFeCeFdCdCdCdCdCdC-43422+4622-4516+596-1636CdCdCeFeCeFeCeFdCdCdC-504CeFeCeFeCdCdCeFeCeFeCeFeCeFeCdCdCdCdCdCdC","mapping_code":"7_3_7_3772825663","state":1},{"key":"EXIT","name":"EXIT","code":"+4586-4542+596-1636+594-1634EfE-506+592gHgHgHgHfEfEfEgHgEgHgEgHfEgEfEfEgHfEgHgHgHfEgHgHfEgHfEfE-43428+4622-4516CdEfEfEgHgHgHgHgHfEfEfEgEgHgEgHgHfEgHfEfEgEfEgHgHgHfEgHgEfEgHfEfE","mapping_code":"7_45_7_3772822603","state":1},{"key":"LAST","name":"LAST","code":"+4590-4610+624-1640+594-1634EfE-506+592gEgHgEgHfEfEfEgEgHgHgHgEfEfEgHgHfEgEgHgHgHgHfEfEgH-1636HfEfE-43352+4596-4532+596fEfEfEgEgHgEgHgEfEfEfEgEgHgHgHgHfEfEgHgHfEgHgHgHgHgHfEfEgEfEfEfE","mapping_code":"7_19_7_3772827703","state":1},{"key":"PREVIOUS","name":"PREVIOUS","code":"+4590-4538+596-1636+594-1634EfE-506+592gHgHgEgHfEfEfEgHgHgHgHgHfEgHfEgHgHfEfEgHgEfEgHfEfEgHgHfE-43446+4622-4514CdEfEfEgHgHgEgHgHfEfEfEgHgEgHgEgHfEgHfEgHgHfEfEgHgHfEgHfEfEgEgHfE","mapping_code":"7_101_7_3772819033","state":1},{"key":"GREEN","name":"GREEN","code":"+4614-4518+596-1636+594-1634EfE-506Eg+592gEgHgEfEfEfEgHgEgHgEgHgEgHfEgEfEgHgEgEfEfEgHfEgHfEfEfE-43426+4622-4516EfEfEfEgHgEgHgEgHfEfEfEgEgHgHgHgEgHgEfEgHfEgEgHgHfEfEgHfEgHfEfEfE","mapping_code":"7_20_7_3772786903","state":1},{"key":"BLUE","name":"BLUE","code":"+4586-4542+596-1636+594-1634EfE-506+592gEgHgEgHfEfEfEgHgE-504HgHgEgHfEfEgHfEgEgHgHfEgHgHfEgHfEfEfE-43426+4622-4518CdEfEfEgHgHgEgHgEfEfEfEgEgHgEgHgEgHfEfEgEfEgHgEgHfEgHgHfEgEfEfEfE","mapping_code":"7_22_7_3772803223","state":1},{"key":"YELLOW","name":"YELLOW","code":"+4590-4542+596-1634+594dEdE-506Ef+592fEfGfEdEdEdEfGfGfGfEfGdEfEdEfGdEfGfEfGfEdEfGdEfGdEdEdE-43422+4620-4514EdEdEdEfEfGfEfGfEdEdEdEfGfGfGfEfGdEfGdEfGdEfGfGfGfGdEfGdEfEdEdEdE","mapping_code":"7_21_7_3772819543","state":1},{"key":"ENTER","name":"ENTER","code":"+4590-4538+596-1636+594-1634EfE-506+592gHgHgHgHfEfEfEgEgHgHgHgHgHfEgHfEfEgEgHgEfEgHfEgHgHfEfEfE-43436+4622-4528CdEfEfEgHgHgEgHgEfEfEfEgEgHgEgHgEgHfEgEfEfEgHgHgHfEgHfEgHgHfEfEfE","mapping_code":"7_26_7_3772799143","state":1},{"key":"0","name":"0","code":"+4620-4518+596-1636+594-1634EfE-504E-506+592hEhIhEfEfEfEhEhIhEhIhIfEhIhEhIfEhEhIhEhIfEfEfEhIfEfEfE-43362+4622-4520EfEfEfEhEhIhEhIhEfEfEfEhEhIhIhIhIfEhIhIhIfEhEhIhIhIfEfEfEhIfEfEfE","mapping_code":"7_17_7_3772811383","state":1},{"key":"1","name":"1","code":"+4606-4584+596-1644+594-1634EfE-506+592gEgHgHgHfEfEfEgEgHgEgHgHgHgHfEgHgEgHgHgHfEfEgEfEfEfEfEfE-43362+4596-4534C-1636EfEfEgHgHgHgHgEfEfEfEgEgHgEgHgEgHgElHgHgEgHgEgHfEfEgEfEfEfEfEfE","mapping_code":"7_4_7_3772784863","state":1},{"key":"2","name":"2","code":"+4614-4522+620-1632+594-1634EfE-506+592gE-504EgEiEfEfEfEgEgHgEgHgEfEgHfEgHgHgEgHgEgHfEgHfE-1638+590fEfEfE-43426+4622-4520EfEfEfEgHgEgHgEgHfEfEfEgEgHgEgHgEfEgHfEgEgHgHgHgEgHfEgEfEfEfEfEfE","mapping_code":"7_5_7_3772817503","state":1},{"key":"3","name":"3","code":"+4612-4516+598-1636+594-1634EfE-506+592gEgHgEgHfEfEfEgHgHgHgHgHgHfEfEgHgHgHgEgHfEgHgHfEfEfEfEfE-43416+4622-4512+596dEfEfEgHgEgHgEgHfEfEfEgHgHgHgHgHgHfEfEgEgHgEgHgEfEgHgHfEfEfEfEfE","mapping_code":"7_6_7_3772801183","state":1},{"key":"4","name":"4","code":"+4590-4540+594-1634CdCdC-506+592eCeFeFeCdCdCdCeCeFeFeFeFeCeFeC-1632CeFeFeFeFdCdCdCeFdCdCdCdC-43454+4642-4512CdCdCdCeCeCeFeCeFdCdCdCeFeFeFeFeCeFeFeFdCeFeCeFeFdCdCdCeFdCdCdCdC","mapping_code":"7_8_7_3772780783","state":1},{"key":"5","name":"5","code":"+4610-4516+598-1636+594-1634EfE-506+592gHgEgHgEfEfEfEgEgHgEgHgEfEgE-504HfEgHgEgHgHgHfEfEgHfEfEfEfE-43426+4622b+596dEfEfEgHgEgHgEgHfEfEfEgHgEgHgHgHfEgEgHfE-510+588gHgHgHgHfEfEgHfEfEfEfE","mapping_code":"7_9_7_3772813423","state":1},{"key":"6","name":"6","code":"+4590-4538+596-1634+594dEdE-504E-506+592gHgHgEdEdEdEgEgHgEgHgEgHdEgEdEgHgHgHgEdEgHdEgHdEdEdEdE-43430+4622-4522CdEdEdEgHgHgEgHgEdEdEdEgHgHgHgHgHgHdEgHdEgHgHgHgHdEgHdEgEdEdEdEdE","mapping_code":"7_10_7_3772797103","state":1},{"key":"7","name":"7","code":"+4640-4540+596-1636+594-1634EfE-506+592gEgHgEgHfEfEfEgHgHgHgHgHgHgHfEfEgHgHgHgHfEfEgEgHfEfEfEfE-43352+4596-4536C-1640EfEfEgHgEgHgEgHfEfEfEgHgHgEgHgEgHgEfEfEgHgHgHgHfEfEgEgHfEfEfEfE","mapping_code":"7_12_7_3772788943","state":1},{"key":"8","name":"8","code":"+4578-4538+596-1636+594-1634EfE-506+592gE-504EgHgEfEfEfEgEgHgEgHgHfEgHfEfEgEgHgEgH-508HfEgHgEfEfEfEfE-43386+4594-4518EfEfEfEgHgEgHgEgHfEfEfEgHgEgHgEgHfEgEfEfEgHgHgHgHgHfEgHgHfEfEfEfE","mapping_code":"7_13_7_3772821583","state":1},{"key":"9","name":"9","code":"+4586-4542+594-1634CdCdC-506+592eFeFeFeFdCdCdC-504CeFeCeFeCeFdCdCdCeFeFeFeFdCeFeFeFdCdCdCdC-43424+4622-4518+596-1636CdCdCeCeFeCeFeCdCdCdCeCeFeFeFeFeCdCdCdCeCeFeCeFdCeCeFeCdCdCdCdC","mapping_code":"7_14_7_3772805263","state":1},{"key":"POWER","name":"POWER","code":"+4576-4538+596-1636+594-1634EfE-506+592gHgHgHgHfEfEfEgEgHgEgHgEgHfEgEgHgEgHgEgHfEgEfEfEfEfEfEfE-43380+4596-4516EfEfEfEgEgHgEgHgHfEfEfEgHgEgHgEgHgEfEgHgHgHgEgHgHfEgHfEfEfEfEfEfE","mapping_code":"7_2_7_3772793023","state":1},{"key":"MENU","name":"MENU","code":"+4616-4520+596-1636+594-1634EfE-506+592gHgHgHgHfEfEfEgEgHgEgHgEgHgHgHfEgEfEfEgHfEfEfEgHfEgEgHfE-43422+4622-4512CdEfEfEgEgHgHgEgHfEfEfEgHgEgHgEgHgEgHgEfEgHfEfE-510+588fEfEfEgEfEgHgHfE","mapping_code":"7_104_7_3772782313","state":1},{"key":"UP","name":"UP","code":"+4612-4520+594-1634CdCdC-506Ce+592eCeFeCdCdCdCeFeCeFeCeFeFdCeCeFdCeFeCeFdCeFdCdCeFdCdCdC-43416+4616-4506CdCdCdCeFeFeFeFeCdCdCdCeCeFeFeFeFeCdCeFeFdCeCeFeFdCeCdCdCeCdCdCdC","mapping_code":"7_18_7_3772795063","state":1},{"key":"DOWN","name":"DOWN","code":"+4614-4516+596-1636+594-1634EfE-506Eg+592gEgHgEfEfEfEgHgHgHgEgHgEgHgEgHfEgEgHgEfEfEfEfEgEfEfEfE-43436+4622-4522EfEfEfEgEgHgEgHgEfEfEfEgEgHgEgHgHgHgHgHgHfEgHgEgHfEfEfEfEgHfEfEfE","mapping_code":"7_16_7_3772778743","state":1},{"key":"LEFT","name":"LEFT","code":"+4612-4520+596-1636+594-1634EfE-506+592gEgHgEgHfEfEfEgHgHgHgEgHfEfEgEfEgHgEgHgEgHgEfC-504HfEfEfEfE-43358+4618bEfEfEfEgEgHgHgHgHfEfEfEgHgEgHgHgHfEfEgEfEgHgEgHgEgHgEfEgHfEfEfEfE","mapping_code":"7_11_7_3772829743","state":1},{"key":"RIGHT","name":"RIGHT","code":"+4590-4588+596-1648+594-1634EfE-506+592gHgEgHgEfEfEfEgEgHgE-504EgHfEfEfEgEgHgHgEgHgEgHgEfEfEfEfEfE-43362+4596-4530CfEfEfEiEgHgEgHgEfEfEfEgHgEgHgEgHfEfEfEgHgEgHgEgHgHgEgHfEfEfEfEfE","mapping_code":"7_7_7_3772833823","state":1}],"_id":"qiIc2b3Ov4JWOg1h"}
