{"category":"TV","brand":"TOSHIBA","model":"5072","type":1,"version":"1.0","create_date":1695005305988,"protocol":"TOSHIBA","map_code":[{"key":"0","name":"0","code":"+9184-4532+598-508+594-504E-506Eg+592gEfE-1636EgEiEiEiEiEiE-1638EfEiEgEfEgHgEgHgEgHgEiEiEiEiEjEjEiEiE-41710+9186-2240+596","mapping_code":"3_0_64_50135295","state":1},{"key":"1","name":"1","code":"+9176-4540+596-506+592d+594dEdFdEdF-1636FdEgFgCgFgFgFgFdE-1638FgFdEdF-504FdEdFdEdFdEhFhFgFgFgFgFgF-41688+9160-2234F","mapping_code":"3_1_64_50167935","state":1},{"key":"2","name":"2","code":"+9206-4526+594-506C-504Cd+592dCdFdC-1636CdFg+596gCgCgCgCgCdF-1638CeCgCdCeCdFdCdCeCgCdFiCgCgCgCiCiC-41724+9186-2234+598","mapping_code":"3_2_64_50151615","state":1},{"key":"3","name":"3","code":"+9198-4538+598-512+594-504E-506+592gEgHgE-1636EgEiEiEiEiEiEiEgEiEiEiEgEfEgHgEgHgEgHgEiEiEiEiE-1638EjE-41712+9186-2236C","mapping_code":"3_3_64_50184255","state":1},{"key":"4","name":"4","code":"+9202-4526+594-506C-504Cd+592dCdCeC-1636CdCgCgCgCgCgCgCdCgCdFdCgCdCeCdFdCdF-1638ChCdCgChChChChC-41730+9186-2236C","mapping_code":"3_4_64_50143455","state":1},{"key":"5","name":"5","code":"+9206-4526+594-506+592dCdEdCdEdC-1636CdEf+596fGfCfCfCfCdE-1638CfCdEfCdCdEdC-504CdCiCfCdCfCfCfCfCfC-41726+9186-2238C","mapping_code":"3_5_64_50176095","state":1},{"key":"6","name":"6","code":"+9206-4522+598-508+592-506+594-504GfGfEfG-1636GfEiG-1638GiGiGiGiGfEjGhGiGiGfGfEfGfEfGiGfEfGiGiGiGiGjG-41730A-2222G","mapping_code":"3_6_64_50159775","state":1},{"key":"7","name":"7","code":"+9206-4526+594-506C-504CdCeCdCeC-1636CdCfCfCfCfCfCfCdCfCfCfCfCdCeCdCeCd+592dCdGdGfCfC-1638ChCfC-41680+9156-2238+596","mapping_code":"3_7_64_50192415","state":1},{"key":"8","name":"8","code":"+9184-4530+596-506+594d+592dEdFdEdF-1636C-504EgEgEgE-1638EgEgEdFgEdEdFdEgEdFdEdFdEgEgEgEdFiEgEgEgE-41732+9210-2230C","mapping_code":"3_8_64_50139375","state":1},{"key":"9","name":"9","code":"+9202-4568+598-508+594-506E-504Ef+592fEfH-1636+596gEiEiEiE-1638EkEiEfHiEkEfEfHkEfEfHfEfHfEiEiEfHkEiEiEiJ-41674+9186-2234E","mapping_code":"3_9_64_50172015","state":1},{"key":"POWER","name":"POWER","code":"+9218-4550+596-506C-502+594dF-504FdFgF-1636FdFhFhFhFhFhFhFdFhFdFhFd+592dFhFdIdFdI-1638FdFhFhFdIjFhFhF-41660+9186-2254F","mapping_code":"3_18_64_50153655","state":1},{"key":"PLAY","name":"PLAY","code":"+9232-4550+596-1638+594-506+592-1636C-504EfGfEhEfGfEhEfEhEhEhEfGdEdEfGhEfEhEfGfEfGfEhEfGdEiEhEhEhE-41660+9182-2232E","mapping_code":"3_21_69_2724046935","state":1},{"key":"STOP","name":"STOP","code":"+9206-4526+596-1638+594-506E-1636Ef+592fEfHgEfEfHdEfHgEgEgEfEgEfHfEgEfEgEfHfE-504EgEdEfEgEfHdEgEgE-41732+9186-2238E","mapping_code":"3_20_69_2724014295","state":1},{"key":"HOME","name":"HOME","code":"+9206-4522+598-508+594-504E-506EfEgEfE-1636EgEhEhEhEhEhE-1638EfEhEg+592gEgEfEgEfEgJiEhEhEhEhEhEiEiEgE-41708+9186-2240+596","mapping_code":"3_128_64_50135550","state":1},{"key":"UP","name":"UP","code":"+9206-4576+598-512+592-506+594-504GfGfEfG-1636GhGiG-1638GjGiGiGiGfEjGhGiGfGhGfGhGfEjGiGfEiGjGjGiGiGfE-41692+9186-2234+596","mapping_code":"3_130_64_50151870","state":1},{"key":"DOWN","name":"DOWN","code":"+9236-4548+596-506+594dE-504EdEfEdE-1636Ed+592-1638EgEgEgEgEgEdEgEgEgEdEfEdHdEdHi+598-502EdEgEgEgEgEgEdE-41662+9184-2236E","mapping_code":"3_131_64_50184510","state":1},{"key":"LEFT","name":"LEFT","code":"+9206-4530+596-506+594d+592dEdFdE-504E-1636EdEhEhEhEhEhEhCgEhEhEdF-1638EhEhEdFdEdFdEhEdFdEdFiEiEiE-41728+9186-2234E","mapping_code":"3_29_64_50182215","state":1},{"key":"RIGHT","name":"RIGHT","code":"+9204-4534+596-506+594dE-504Ed+592dEdG-1636EdEhEhEhEhE-1638EiEfEhEhEdEdGiEiEdEdGdEdGiEiEdEdGiEhEhE-41736+9186-2244C","mapping_code":"3_25_64_50174055","state":1},{"key":"VOLUME_UP","name":"VOLUME UP","code":"+9206-4526+594-504C-506CdCeCdCe+592-1638CdC-1636ChCgCgChChCeFhCeChCeFgChCdCeFeChCeFgCeFeChChChC-41686+9182-2216+596","mapping_code":"3_26_64_50157735","state":1},{"key":"VOLUME_DOWN","name":"VOLUME DOWN","code":"+9178-4528+594-506+592dCdEdCdEdC-1636CdEfC-1638CgCfCfCfCdCfCdEfCgCgCfCdEdCdEfCdCdEdCdEfCgCgC-41718+9186-2240C","mapping_code":"3_30_64_50165895","state":1},{"key":"CHANNEL_UP","name":"CHANNEL UP","code":"+9182-4562+598-516+594-506+592fEfGfEfG-1636EfEhEhEhEhEh+596-1634I-504EhEhEhEfEhEhIfEkEfGfEfG-1638EfEfGlEhEhE-41662A-2230E","mapping_code":"3_27_64_50190375","state":1},{"key":"CHANNEL_DOWN","name":"CHANNEL DOWN","code":"+9206-4562+598-516+594-506+592fEfGfC-500E-1636EfEiEiEiEiE-1638EiEfEiEiEjEiEjEiEfGfEfGfEfGfEfGfEiEiEiE-41670+9182-2230E","mapping_code":"3_31_64_50198535","state":1},{"key":"ENTER","name":"ENTER","code":"+9204-4524+598-508+592-506+594fEfGfEfG-1636GfE-1638GiGhGhGhGhGfEiGhGfEfGhGfEfGfEiGfG-1642+590hGfGhGhGhGfE-41720+9186-2226C","mapping_code":"3_137_64_50172270","state":1}],"_id":"Cw04j4RwgF73L1oa"}
