{"category":"TV","brand":"TOSHIBA","model":"842","type":1,"version":"1.0","create_date":1694768548605,"protocol":"TOSHIBA","map_code":[{"key":"0","name":"0","code":"+9206-4542+600-512+594-508EfEfE-1644EfEfEfEgEg+596-1642HiHfEiHiHiHfEfHiHiHfEfEfEfEiHgHfEfEiHiHiHgH-40880+9238-2242+598","mapping_code":"3_12_16_150417615","state":1},{"key":"1","name":"1","code":"+9206-4542+598-510+594-508EfEfE-1642+596fEfEfEgHgHgH-1644HfEiEiHgHgHfEiHgHfEfEfEfEfEgHfEfEiHgHgHgH-40822+9210-2278C","mapping_code":"3_13_16_150450255","state":1},{"key":"2","name":"2","code":"+9208-4542+596-508Cd+594dCdE-1642CdEdEdEfC-1644EgCfCdEgCfCfCdEfCfCfCdEdEdEdEfCdEdEdEgCfCfCgC-40872+9234-2228+598","mapping_code":"3_14_16_150433935","state":1},{"key":"3","name":"3","code":"+9206-4540+598-510+594-508EfEfE-1642+596fEfEfE-1644EiHgHgHfEgHgHgHiEiHgHgHfEfEfEfHfEfEfEfEgHgHgHiE-40820+9210-2224C","mapping_code":"3_15_16_150466575","state":1},{"key":"4","name":"4","code":"+9208-4542+598-510+594-508EfEfE-1644+596fEfEfEgH-1642HiHiHfEiHiHgHfEfEiHiHiHfEfEfEiHgEfEfEfEiHgHiH-40838A-2226C","mapping_code":"3_28_16_150419655","state":1},{"key":"5","name":"5","code":"+9198-4542+596-508+594dEdEdE-1642CdEdEdEfCfCfC-1644EdEfCgEgCfCdEfCfCfCdEdEdEdEgCdEdEdEgCfCfC-40870+9236-2232+598","mapping_code":"3_29_16_150452295","state":1},{"key":"6","name":"6","code":"+9208-4544+596-508+594dEdEdE-1642CdCdEdEfCfCfC-1644CdEgCfCfCdEgCfCfCfCdEdEdEfCdEdEdCdCfCfCfC-40822+9210-2224+598","mapping_code":"3_30_16_150435975","state":1},{"key":"7","name":"7","code":"+9194-4544+598-510+594-508EfEfE-1642+596fEfEfEgHgHgH-1644EfEgHiHgHgHgHgHiEiHfEfEfEfEfEfEfHfEgHgHgH-40886+9234-2232C","mapping_code":"3_31_16_150468615","state":1},{"key":"8","name":"8","code":"+9200-4542+596-508+594dEdEdE-1644CdEdE-512+590fC-1642CiCiCdEiCiCfEdEdEiCdEdEdEdEdEiCiCdEiCiCiCiCiC-40838+9210-2234+598","mapping_code":"3_4_16_150413535","state":1},{"key":"9","name":"9","code":"+9194-4542+598-510+594-508EfEfE-1642+596fEfEfEgH-1644HgHgHfEgHgHgHiEfEgHfEfEfEfEfEfHgHfEiHgHgHgHgC-40866+9210-2224C","mapping_code":"3_5_16_150446175","state":1},{"key":"POWER","name":"POWER","code":"+9198-4542+598-510+594-508EfEfE-1642+596fEfEfEgHgH-1644EiHfEiEiHgHgHgHiHfEgHfEfEfEfEfEfEgHfEiHgHgH-42226+9260-2274C","mapping_code":"3_23_16_150464535","state":1},{"key":"MENU","name":"MENU","code":"+9196-4542+596-508+594dEdEdE-1642CdEdEdEfC-1644EgCfCdEgEgCfCfCgEdEdEgCdEgCdEdEdEgEgCdEfCdEfC-40818+9208-2712+624","mapping_code":"3_83_16_150456885","state":1},{"key":"UP","name":"UP","code":"+9208-4542+598-510+594-508EfEfE-1642+596fEfEfEgHgH-1644HgHfEiEiHgHgHfEfEiEiHfEfEfEfEgHiC-506EfEgHgHgH-40880+9236-2232C","mapping_code":"3_25_16_150444135","state":1},{"key":"DOWN","name":"DOWN","code":"+9200-4540+598-510+594-508EfEfE-1642+596fEfEfEgH-1644EiHgHfEiHgHgHfEfEfEgHgHfEfEfEgHgHiHd+592fEgHgHgH-40834+9210-2228H","mapping_code":"3_24_16_150411495","state":1},{"key":"LEFT","name":"LEFT","code":"+9208-4540+598-510+594-508EfEfE-1644+596fEfEfEgEgH-1642HiHfEiHiHgEgHfEgEfEiHfEfEfEfEgHfEgHfEiHgEgH-40838+9210-2228H","mapping_code":"3_21_16_150448215","state":1},{"key":"RIGHT","name":"RIGHT","code":"+9206-4540+596-508+594dEdEdE-1642CdEdEdE-1644CfCfCgEdEfCfCgCdEgEdEdEgCdEdEdEgCdEgEgCdEgEgCfC-40850+9212-2226+598","mapping_code":"3_18_16_150423735","state":1},{"key":"ENTER","name":"ENTER","code":"+9208-4542+596-508+594dEdEdC-1642CdEdEdE-1644CfCfCfCdEfCfCfCdEdEfCdEdEdEgCdEgCfCdEgCfCfCdEfC-40836+9238-2268+598","mapping_code":"3_68_16_150414045","state":1}],"_id":"ISsBoCuDc0mrX10H"}
