{"category":"TV","brand":"TOSHIBA","model":"852","type":1,"version":"1.0","create_date":1695020788655,"protocol":"TOSHIBA","map_code":[{"key":"MUTE","name":"MUTE","code":"+9210-4560+598-508+596d+594dE-506EdFdFdFdE-1642EhEhEhEhEdFdEgEhEhEdEdFhEdEdFdFdFdFhEhEdFhEhEhE-40686+9234-2266C","mapping_code":"3_19_7936_16304183","state":1},{"key":"INPUT","name":"INPUT","code":"+9206-4556+598-516+596-508+594fEfGfEfG-524GfE-1642EiEiEiEiEfEfGfEiEiEiEiEiEiEiEiEfGfEfGfEfGfEfGfG-40642+9212-2244E","mapping_code":"3_255_7936_16318208","state":1},{"key":"LAST","name":"LAST","code":"+9202-4538+600-510+594-508+596fEfGfEfGfEfG-1642GhGhGhGhGfGfEfGhGfEfEhGhGfEhGfEfEhGhGfEfGhC-504EhG-40642+9210-2226G","mapping_code":"3_89_7936_16292453","state":1},{"key":"0","name":"0","code":"+9204-4538+598-510+594-508+596fEfGfEfGfEfG-1642GhGhGhGhGfGfEfGfEhGfGhGfEfGfEfGhGfEhGfEhGhGhGhG-40636+9186-2236G","mapping_code":"3_10_7936_16273583","state":1},{"key":"1","name":"1","code":"+9202-4542+596-508Cd+594dCdEdCdEdCdE-1642CfCfCfCfCdEdCdEfCdCdEdCdEdCdEdCdEfCfCfCfCfCfCfC-40682+9212-2248C","mapping_code":"3_1_7936_16285823","state":1},{"key":"2","name":"2","code":"+9210-4558+598-508+596dE-506EdEd+594dEfEdG-1642EhEhEhEhEdGdGdGdEhEdGdEdGdEdGdEhEdGhEhEhEhEhEhE-40656+9214-2252+620","mapping_code":"3_2_7936_16269503","state":1},{"key":"3","name":"3","code":"+9204-4540+598-510+596-508+594fEfGfEfGfEfG-1642EhEhEhEhEfGfEfGhEhEfEfGfEfGfEfGfEfGhEhEhEhEhEhE-40628+9210-2232E","mapping_code":"3_3_7936_16302143","state":1},{"key":"4","name":"4","code":"+9210-4542+596-508+594dCdEdCdEdCdEdC-1642CfCfCfCfCdCdEdCdEdCfCdEdCdEdCdEfCfCdEfCfCfCfCfC-40634+9182-2248C","mapping_code":"3_4_7936_16261343","state":1},{"key":"5","name":"5","code":"+9206-4540+600-510+596-506E-508+594gEgHgEgHgE-1642EiEiEiEiEgEgHgEiEgHiEgEgHgEgHgEgHiEgEiEiEiEiEiE-40656+9186-2248+598","mapping_code":"3_5_7936_16293983","state":1},{"key":"6","name":"6","code":"+9210-4542+596-508+594dCdEdCdEdC-506CdE-1642CgCgCgCgCdCdEdEdCgCgCdCdEdCdEdEgCdEd+600-1638CgCgCgCgC-40648+9182-2250C","mapping_code":"3_6_7936_16277663","state":1},{"key":"7","name":"7","code":"+9210-4538+600-510+594-508+596fEfGfEfGfEfG-1642GhGhGhGhGfGfEfGhGhGhGfEfEfEfEfEfEfEfGhGhGhGhGhG-40652+9186-2242G","mapping_code":"3_7_7936_16310303","state":1},{"key":"8","name":"8","code":"+9210-4542+596-506C-508+594eCeFeCeFeCeF-1642CgCgCgCgCeFeCeFeCeFeCgCeFeCeFeCgCgCgCeCgCgCgCgC-40696+9212-2252+598","mapping_code":"3_8_7936_16257263","state":1},{"key":"9","name":"9","code":"+9206-4546+596-508+594dCdEdCdEdCdEdE-1642CfCfCfCfCdCdEdCfCdEdCfCdEdCdEdCdEfCfCdEfCfCfCfC-40642+9234-2272C","mapping_code":"3_9_7936_16289903","state":1},{"key":"POWER","name":"POWER","code":"+9202-4542+596-508+594dCdEdCdEdC-506CdE-1642CgCgCgCgCdEdEdCdEgCdCdEgCdCdEdCgCdEgCgCdEgCgCgC-40686+9212-2242C","mapping_code":"3_18_7936_16271543","state":1},{"key":"MENU","name":"MENU","code":"+9210-4538+598-510+594-508+596fEfGfEfGfEfG-1642GhGhGhGhGfGfEfGhGhGfEfGhGfGhGfEfGfEhGhGfEhGfEhG-40648+9184-2244C","mapping_code":"3_83_7936_16304693","state":1},{"key":"UP","name":"UP","code":"+9206-4564+598-516+596-508+594fEfGfEfGfEfG-1642EhEhEhEhEfGfEfGhEhEfEhEhEfEfGfEfGfGhEfGfEhEhEhE-40628+9186-2234C","mapping_code":"3_27_7936_16308263","state":1},{"key":"DOWN","name":"DOWN","code":"+9202-4542+598-510+594-508+596fEfG-506GfGhGfE-1642GiGiGiGiGfEfGfEiGiGiGiGiGfGfEfEfEfEfEfEfEiGiGiG-40642+9184-2262G","mapping_code":"3_31_7936_16316423","state":1},{"key":"LEFT","name":"LEFT","code":"+9206-4542+596-508+594dCdEdCdEdCdEdC-1642CfCfCfCfCdCdEdCfCfCfCdEfCdEdCdEdCdEdCfCdEfCfCfC-40678+9212-2248+598","mapping_code":"3_23_7936_16312343","state":1},{"key":"RIGHT","name":"RIGHT","code":"+9202-4552+600-512+596-508+594fEfGfEfGfGfE-1642EhEhEhEhEfGfGfGfGhEhEfGhEfEfGfGhEfGfEhEfGhEhEhE-40638+9212-2236E","mapping_code":"3_22_7936_16279703","state":1},{"key":"ENTER","name":"ENTER","code":"+9206-4542+596-508Cd+594dCdEdEdEdEdC-1642CfCfCfCfCdEdEdCdEfC-506CdEfCdEfCdCfCdEfCfCdEfCdCfC-40700+9214-2244C","mapping_code":"3_82_7936_16272053","state":1}],"_id":"qrmGYJYmGYQaLDhi"}
