{"category":"TV","brand":"HISENSE","model":"10852","type":1,"version":"1.0","create_date":1695112991597,"protocol":"HISENSE","map_code":[{"key":"VOLUME_UP","name":"VOLUME UP","code":"+188-41048+9146-4482+608-490+604fG-488GhGhGhG-1612GhG-1614GiGiGiGiGjGf+602jGhGfGhGfGhGfGhGfGiGiGjGjGjGjGiGjG-41464C-2214+606","mapping_code":"-1_0_0_782327945","state":1},{"key":"0","name":"0","code":"+9142-4482+608-490+604-488EfEdEfEfE-1612EfE-1614EgEgEgEgEhEfEgEfEdEfEdEfEfEfEdEgEhEhEhEhEhEh+606gE-41382+9144-2218I","mapping_code":"3_0_64_50135295","state":1},{"key":"1","name":"1","code":"+9146-4498+606-490+604-488EfEfEfEfE-1612EfE-1614EhEhEhEgEgEfEhEhEfEfEdEfEfEfEdEfEhEhEgEgEgEgEhE-41484A-2218E","mapping_code":"3_1_64_50167935","state":1},{"key":"2","name":"2","code":"+9140-4522+606-500+604-488EfE-490EfEgE-1612EfE-1614EhEhEhEhEhEfEhEfEiEgEfEgEfEgEfEiEgEhEhEhEiEiEiE-41414+9142-2200+608","mapping_code":"3_2_64_50151615","state":1},{"key":"3","name":"3","code":"+9142-4496+606-494+604-488EfEfE-490EfE-1612EfE-1614EiEiEiEiEhEfEiEiEhEgEfEfEfEgEfEgEfEiEhEhEhEhEiE-41422+9118-2224C","mapping_code":"3_3_64_50184255","state":1},{"key":"4","name":"4","code":"+9144-4490+606-492+604-488EfEfEfEfE-1612EfE-1614EhEhEhEgEgEfEhE-490EfEhEiEfEiEfEfEhEhEiEgEgEhC-1610EhE-41394+9198-2252C","mapping_code":"3_4_64_50143455","state":1},{"key":"5","name":"5","code":"+9170-4534+606-490+604-488EfEfEfEfE-1614EdE-1612EhEgEgEgEhEfEgEgEfEhEfEdEfEdEfEdEhEfEgEhEhEhEhE-41414+9142-2202C","mapping_code":"3_5_64_50176095","state":1},{"key":"6","name":"6","code":"+9144-4500+606-490+604-488EfEfEfEfE-1612EfE-1614EhEhEhEhEgEfEhEdEgEhEdEfEfEfEdEgEfEdEgEgEgEhEhE-41472+9146-2214C","mapping_code":"3_6_64_50159775","state":1},{"key":"7","name":"7","code":"+9142-4498+606-504+604-488EfEfEfE-490E-1614EfE-1612EiEiEiEhEhEgEiEhEhEhEgEfEgEfEgEfEgEfEhEhEiEiEiE-41410+9118-2224C","mapping_code":"3_7_64_50192415","state":1},{"key":"8","name":"8","code":"+9172-4514+606-494+604-488EfEfEfE-490E-1612EfEhE-1614EhEhEhEiEgEhEfEgEfEiEgEfEgEfEiEiEiEfEiEiEiEiE-41402+9118-2220C","mapping_code":"3_8_64_50139375","state":1},{"key":"9","name":"9","code":"+9142-4488+606-494+604-488EfEfEfEfE-1614EfEgEgEgEg+602gE-1612EfEgEiE-490EfEgEjEfEjEfEjEiEgEjEiEiEiEgE-41400A-2200C","mapping_code":"3_9_64_50172015","state":1},{"key":"MUTE","name":"MUTE","code":"+9144-4496+608-490+604-488EfEfEfEfE-1612EfEgEgEgE-1614EhEhEdEgEfEdEfEdEgEfEdEfEhEhEgEgEfEgEgEgE-41480+9146-2218E","mapping_code":"3_16_64_50137335","state":1},{"key":"INPUT","name":"INPUT","code":"+9144-4484+608-494+604-488EfEfE-490EfE-1614EfE-1612EiEhEhEhEiEfEhEfEfEhEgEiEfEgEfEiEhEfEhEgEiEiEiE-41470+9146-2212+606","mapping_code":"3_20_64_50145495","state":1},{"key":"SLEEP","name":"SLEEP","code":"+9142-4528+608-496+604-488EfEfEfEfE-1612EfEgEgEgEgE-1614EhE-490EgEfEgEgEgEfEiEfEfEgEfEfEfEhEhEgEgE-41406+9120-2212E","mapping_code":"3_14_64_50163855","state":1},{"key":"EXIT","name":"EXIT","code":"+9132-4484+604-488CdCdCdCdCdC-1612C-514CeCeCeCeCeC-1614C-490CeCdChCeCeCgCgChCdCgCgCdCdChCdCgCeC-41472+9146-2206+608","mapping_code":"3_60_64_50150595","state":1},{"key":"LAST","name":"LAST","code":"+9172-4556+606-494+604-488EfEfEfE-490E-1612EfEhEhEhEhEhE-1614EfEhEfEgEhEhEfEgEfEgEhEhEgEfEiEiEhEhE-41458+9146-2210C","mapping_code":"3_12_64_50147535","state":1},{"key":"DISPLAY","name":"DISPLAY","code":"+9146-4500+606-494+604-490E-488EgEgEgE-1612EgEhEhEhEhEhEhEgEhEgE-1614EiEfEhEgEfEgEhEg+602fEhEgEiEiEhE-41394+9120-2214C","mapping_code":"3_22_64_50161815","state":1},{"key":"POWER","name":"POWER","code":"+9146-4502+606-490+604-488EfEfEfEfE-1612EfE-1614EhEhEhEgEgEfEhEdEgEfEfEgEfEfEfEgEfEgEhEfEgEgEgE-41482+9168-2204E","mapping_code":"3_18_64_50153655","state":1},{"key":"MENU","name":"MENU","code":"+9142-4506+606-496+604-488EfEfEfEfE-1612EfEgEgEgEgE-1614EgE-490EgEgEgEiEgEgEfEhEfEfEfEgEfEfEhEfEgE-41402+9198-2290C","mapping_code":"3_91_64_50190885","state":1},{"key":"UP","name":"UP","code":"+9130-4490+606-496+604-490E-488EgEgEfE-1612EgEhEhEhEhEhE-1614EgEhEgEgEgEiEiEfEgEfEhEhEiEfEgEiEiEiE-41386+9118-2220C","mapping_code":"3_24_64_50141415","state":1},{"key":"DOWN","name":"DOWN","code":"+9164-4538+606-490+604-488EfEfEfEfE-1612EfE-1614EgEgEgEgEgEfEgEfEfEgEgEgEfEdEfEhEgEfEfEfEgEhEhE-41394+9118-2224C","mapping_code":"3_28_64_50149575","state":1},{"key":"LEFT","name":"LEFT","code":"+9130-4482+606-492+604-488EfEfEfEfE-1614EfE-1612EgE-1652EgEgEhCfEhEgEfEhEhEgEfEfEfEfEhEfEfEfEhEhEhE-41410+9172-2236C","mapping_code":"3_29_64_50182215","state":1},{"key":"RIGHT","name":"RIGHT","code":"+9144-4490+606-494+604-488EfEfE-490EfE-1612EfE-1614EiEiEhEhEhEfEiEiEgEfEhEhEfEfEfEfEhEhEfEgEhEhEiE-41390+9120-2214C","mapping_code":"3_25_64_50174055","state":1},{"key":"ENTER","name":"ENTER","code":"+9142-4488+606-490+604-488EfEfEfEfE-1614EfE-1612EhEhEgEgEgEdEhEfEfEfEdEfEgEfEfEhEhEhEhEhEfEhEhE-41476+9146-2220C","mapping_code":"3_32_64_50136315","state":1},{"key":"CHANNEL_UP","name":"CHANNEL UP","code":"+9172-4514+606-490+604-488EfEdEfEdE-1612EfE-1614EhEgEgEgEgEfEgEgEgEfEhEhEfEdEfEdEfEhEdEfEhEhEgE-41418+9144-2216C","mapping_code":"3_27_64_50190375","state":1},{"key":"CHANNEL_DOWN","name":"CHANNEL DOWN","code":"+9144-4516+606-502+604-488EfEfEfEfE-1614E-490E-1612EgEgEgEgEgEfEgEgEgEgEgEiEfEfEfEfEhEfEhEfEgEiEiE-41406A-2214C","mapping_code":"3_31_64_50198535","state":1},{"key":"VOLUME_DOWN","name":"VOLUME DOWN","code":"+9142-4488+606-492+604-488E-490EfEgEfE-1614EfEhEhEhEhEhEhEfEhEgE-1612EiEhEhEgEfEfEiEfEgEfEgEiEiEhE-41452+9116-2230C","mapping_code":"3_30_64_50165895","state":1}],"_id":"9Jpd0B828s7WXFY4"}
