{"category":"TV","brand":"HISENSE","model":"11162","type":1,"version":"1.0","create_date":1695095327910,"protocol":"HISENSE","map_code":[{"key":"0","name":"0","code":"+9090-4492+604-490+602-486E-484EfEgEfEgEfE-1602EhEhEhEhEhEfEhEf+600fEfIfEfIfEfIfEhEhEhEhEhEhEhEhE-39948+9094-2208C","mapping_code":"3_0_48896_16580863","state":1},{"key":"1","name":"1","code":"+9092-4478+604-486+602-484EfEdEfEdEfEdE-1602EgEgEgEgEgEdEgEgEdEfEdEfEd+600dEdEfEgEgEgEgEgEgEgE-39938+9094-2204C","mapping_code":"3_1_48896_16613503","state":1},{"key":"2","name":"2","code":"+9092-4458+604-488C-482+602-486F-484FhFhFgFhF-1602FiFiFiFiFiFg+600iFgFiFgJ-490+596gFhFgJgFiFgFiFiFiFiFiFiF-39932+9094-2206C","mapping_code":"3_2_48896_16597183","state":1},{"key":"3","name":"3","code":"+9076-4460+604-488+602-484E-486EfEgEg+600gEfE-1602EiEiEiEiEiEgEiEiEiEgHgEgHgEfEgEfEgEiEiEiEiEiEiE-39964+9116-2186C","mapping_code":"3_3_48896_16629823","state":1},{"key":"4","name":"4","code":"+9090-4458+602-484C-486CdCeCdCeCdCeC-1602CfCfCfCfCfCeCfCe+600eCfCeCdCeGeCeGfCfCdCfCfCfCfC-1604C-39968+9094-2202+604","mapping_code":"3_4_48896_16589023","state":1},{"key":"5","name":"5","code":"+9090-4460+604-492+602-484E-486EfEgEfEgEfE-1602EhEhEhEhEhEg+600hEhEfEhEgEgIgEgIgEgIhEfEhEhEhEhEhE-39950+9094-2198C","mapping_code":"3_5_48896_16621663","state":1},{"key":"6","name":"6","code":"+9092-4506+604-490+602-486E-484EfEgEfEgEf+600-1602EiEiEiEiEiEfEiEfHiEiEgEfHfEfHfEiEfHfEiEiEiEiEiE-39894+9142-2242C","mapping_code":"3_6_48896_16605343","state":1},{"key":"7","name":"7","code":"+9092-4460+604-488+602-486E-484EfEgEfEgEfE-1602EhEhEhEhEhEfEhEhEhEhEfEf+600fEfIfEfIfEfIhEhEhEhEhE-39866A-2200C","mapping_code":"3_7_48896_16637983","state":1},{"key":"8","name":"8","code":"+9090-4502+604-494+602-486E-484EfEgEfEgEfE-1602EhEhEhEhEhEfEhEf+600fEfIhEfEfIfEfIhEhEhEgEhEhEhEhE-39956+9094-2192C","mapping_code":"3_8_48896_16584943","state":1},{"key":"9","name":"9","code":"+9092-4458+604-488+602-484E-486EfEgEfEgEfE-1602EhEhEhEhEhEfEhEhEgEg+600hEgEgIgEgIgEhEhEgIhEhEhEhE-39966+9116-2186C","mapping_code":"3_9_48896_16617583","state":1},{"key":"MUTE","name":"MUTE","code":"+9088-4466+604-486+602-484EdEfEdEfEdEfE-1602EgEgEgEgEgEd+600gEfEgEgEgEdEdHdEdHgEfEdHdEgEgEgEgE-39966+9146-2240C","mapping_code":"3_14_48896_16609423","state":1},{"key":"INPUT","name":"INPUT","code":"+9090-4522+604-500+602-484E-486EfEgEfEgEfE-1602EhEhEhEhEhEfEhEgEhEg+600gEhEgEfEgIhEfEhEhEgEhEhEhE-39944+9066-2204C","mapping_code":"3_18_48896_16599223","state":1},{"key":"REWIND","name":"REWIND","code":"+9090-4456+604-488+602-484EfE-486Eg+600gEgEfE-1602EiEiEiE-1604HiEfEiEiEiEiEfEiEgEiEgHgHgHgEiEgHiEgEiE-39958+9094-2198E","mapping_code":"3_87_48896_16640533","state":1},{"key":"PLAY","name":"PLAY","code":"+9090-4470+604-488+602-484E-486+600gEgEfEgHgE-1602EiEiE-1604HiEiEgHiEgEiEiEiEgEfEiEgEiEgHgEgHiEiEgEiE-39960+9116-2198C","mapping_code":"3_78_48896_16609933","state":1},{"key":"FAST_FORWARD","name":"FAST FORWARD","code":"+9092-4496+604-490+602-486E-484EfEgEf+600fEfH-1602EiEiEiEiEiEfH-1604EfHiEiEfEiEfEiEgEiEfEfHiEfEiEfHiE-39910+9094-2216C","mapping_code":"3_86_48896_16607893","state":1},{"key":"SLEEP","name":"SLEEP","code":"+9090-4456+602-484C-486CdCeCdCeCdCeC-1602CfCfCfCfCfCeCfCdCfCeCfCfCeCdCeCfCe+600fCeCeGfCfCfC-39948+9092-2192+604","mapping_code":"3_26_48896_16603303","state":1},{"key":"DISPLAY","name":"DISPLAY","code":"+9088-4464+604-488+602-484E-486EfEgEfEgEfE-1602EhEhEhEhEhE-490+596hEgEg+600hEhEfEgEfEgKhEhEfEgEhEhEhEhE-39966+9116-2186C","mapping_code":"3_12_48896_16593103","state":1},{"key":"RECORD","name":"RECORD","code":"+9088-4458+604-488+602-484E-486EfEgEfEgEfE-1602EhEhEhEhEhEg+600hEgEh+606-1598EhEhEgEhEgIhEfEgEfEgIhEfEhE-39960+9116-2186C","mapping_code":"3_94_48896_16611973","state":1},{"key":"PREVIOUS","name":"PREVIOUS","code":"+9090-4458+604-488+602-486E-484CgEgEfEf+600fE-1602EiEiEiEiEiEgEiEfEgEfEiEiEfH-1604EfHiEiEiEfEfHiEfEiE-39964+9092-2194C","mapping_code":"3_88_48896_16587493","state":1},{"key":"NEXT","name":"NEXT","code":"+9092-4460+604-488+602-486E-484Ef+600fEfEgEfH-1602EiEiEiEiEiEfEiEiEfHfEiEiEfEiEgEfEiEiEfHfEiEfHiE-39924+9090-2214C","mapping_code":"3_89_48896_16620133","state":1},{"key":"RED","name":"RED","code":"+9090-4466+604-490+602-484E-486+600gEgHgEgHgE-1606+598-1602EkEkEkEkEgEkC-500EkEgEfEkEgH-1604EfEkEgEkEkEgHkEgHkE-39922+9086-2188C","mapping_code":"3_82_48896_16599733","state":1},{"key":"GREEN","name":"GREEN","code":"+9088-4494+604-504C-486+602eF-484FeFgFe+600eF-1602FiFiFiFiFiFgFiFiFiFgFeHiFgFiC-482FgFeFiFiFeHiFeFiF-39896+9066-2202C","mapping_code":"3_83_48896_16632373","state":1},{"key":"BLUE","name":"BLUE","code":"+9118-4476+604-488+602-484E-486EfEgEfEgEfE-1602EhEhEhEhEhEg+600hEhEfEhEgI-1604EgIhEgEgEhEfEhEgEhEgIhE-39882+9094-2214C","mapping_code":"3_85_48896_16624213","state":1},{"key":"YELLOW","name":"YELLOW","code":"+9086-4456+604-488+602-486E-484EfEgEfEgEfE-1602EhEhEhEhEhEgEhEfEgEhEfEhEf+600hEfEhEhEfIhEfEhEfEhE-39966+9090-2208C","mapping_code":"3_84_48896_16591573","state":1},{"key":"GUIDE","name":"GUIDE","code":"+9090-4462+604-488+602-484E-486EfEgEfEgEfE-1602EhEhEhEhEhEg+600hEhEfEhEhEhEgEgIgEgIhEgEgIgEhEhEhE-39954+9094-2194C","mapping_code":"3_29_48896_16627783","state":1},{"key":"POWER","name":"POWER","code":"+9090-4456+604-488+602-486E-484EfEgEfEgEfE-1602EhEhEhEhEhEfEhEhEfEhEhEf+600fEfIfEgEhEfEfIhEhEhE-1604E-39960+9196-2200C","mapping_code":"3_13_48896_16625743","state":1},{"key":"MENU","name":"MENU","code":"+9090-4484+604-494+602-486E-484EfEgEfEgEfE-1602EhEhEhEhEhEgEhEf+600fI-1604EfEhEfIfEgEhEhEfEhEfIjEhEhE-39938+9094-2208C","mapping_code":"3_20_48896_16591063","state":1},{"key":"UP","name":"UP","code":"+9090-4458+602-484C-486CdCdCeCe+600eCdC-1602CgCgC-1604CgCgCeFgCdCgCgCeCgCeFeCeCgCdCeCgCeF-1606+598gCgC-39950+9116-2194+604","mapping_code":"3_22_48896_16607383","state":1},{"key":"DOWN","name":"DOWN","code":"+9088-4458+604-488+602-484E-486EfEgEfEgEfE-1602EhEhEhEhEhEg+600hEhEhEhEgIhEgEgEfEgIgEgIhEgEhEhEhE-39966+9094-2198C","mapping_code":"3_23_48896_16640023","state":1},{"key":"LEFT","name":"LEFT","code":"+9090-4458+604-490+602-484E-486EfEgEfEgEfE-1602EhEhEhEhEhEfEhEhEgEg+600hEhEfEgIgEgEhEhEgIgEhEhEhE-39930+9066-2202C","mapping_code":"3_25_48896_16619623","state":1},{"key":"RIGHT","name":"RIGHT","code":"+9118-4480+604-486+602dE-484EdEfEdEfEdE-1602EgEgEgEgEgEdEgEd+600dEdHgEgEfEdEdHgEgEgEfEdHgEgEgE-39920+9094-2210C","mapping_code":"3_24_48896_16586983","state":1},{"key":"ENTER","name":"ENTER","code":"+9090-4458+604-488+602-484E-486EfEgEfEgEfE-1602EhE-1604+600hEhEhEgJhEhEfEhEgEhEgJgEgJgEhEgJhEgEhEhEhE-39922+9068-2232C","mapping_code":"3_21_48896_16623703","state":1},{"key":"VOLUME_UP","name":"VOLUME UP","code":"+9090-4454+604-488+600-506+602-486G-484GhEhGhEhG-1602GjGjGjGjGjGiGjGhGhEjGhGhEhGjGhEjGjGhGjGjGjGhGjG-39954+9094-2206C","mapping_code":"3_68_48896_16589533","state":1},{"key":"VOLUME_DOWN","name":"VOLUME DOWN","code":"+9092-4470+604-488+602-484E-486+600gEgHgEfEgE-1602EiEiEiEiEiEgEiEiEiEgEgHgEgHiEgEgHg+606-1598EiEiEiEgEiE-39960+9094-2200C","mapping_code":"3_67_48896_16630333","state":1},{"key":"CHANNEL_UP","name":"CHANNEL UP","code":"+9092-4460+604-486+602-484EdEfEd+600dEdGdE-1602EhEhEhEhEhEdGhEdEhEdGhEfEdEhEfEhEdEhEdGhEhEdGhE-39932A-2222C","mapping_code":"3_74_48896_16601773","state":1},{"key":"CHANNEL_DOWN","name":"CHANNEL DOWN","code":"+9090-4544+626-488+602-486E-484EfEgEfEgEfE-1602EhEhEhEhEhEfEhEhEhEfEhEgEfEhEf+600fEfIhEfEhEhEfEhE-39894+9094-2232+604","mapping_code":"3_75_48896_16634413","state":1}],"_id":"IApGd0dw2ENqRRh8"}
