{"category":"TV","brand":"HISENSE","model":"11917","type":1,"version":"1.0","create_date":1695176854727,"protocol":"HISENSE","map_code":[{"key":"0","name":"0","code":"+8198-4016+560-440+556-1438E-438EgEgEgEgEgE-3970EfEgEgEfEf+558gEgEgE-25358+8144-3992EgE-1436IgEgEgEgEgEgEhIfEgEgEfEfEgEgEdE","mapping_code":"39_152_64_16536","state":1},{"key":"1","name":"1","code":"+8170-4002+560-440+556-1438+558-438EhEhEhEhEhE-3970EhEhEhEhEfEhEhEhE-25336+8148-3976CdE-1436GhEhEhEhEhEhEiEhEhEhEhEfEhEhEhE","mapping_code":"39_8_64_16392","state":1},{"key":"2","name":"2","code":"+8172-3990+556-438C-1436+558dCdCdCdCdCdC-3970CeFdCdCdC-1438F-442+552dCdC-25354+8148-3986CdCeFdCdCdCdCdCiJ-3968FeFdCdCdChCdCdCdC","mapping_code":"39_136_64_16520","state":1},{"key":"3","name":"3","code":"+8224-4006+560-440+556-1436+558-438EhEhG-436EhEhE-4018Ed+554-1438GhEhElGhEhEhE-25358+8144-3992EhEfGhEhEdKhEhEhE-3968GhElEhEhElEhEhEhE","mapping_code":"39_72_64_16456","state":1},{"key":"4","name":"4","code":"+8194-3984+558-438+556-1438CdEdEdEdEdEdE-3970EfEfCdEdEfEdEdEdE-25336+8168-3978CdE-1436CdEdEdEdEdEdE-3998+560-1446EfEdEdEfEdEdEdE","mapping_code":"39_200_64_16584","state":1},{"key":"5","name":"5","code":"+8172-3996+560-448+558-1450C-440+556-438HiHiHiHiH-3970HiHiH-1438HiH-1436EiHiHiH-25356+8148-3982EgHlEiHiHiHiHiHiHjHiHiHkHiHlEiHiHiH","mapping_code":"39_40_64_16424","state":1},{"key":"6","name":"6","code":"+8198-4016+560-440+556-1438E-438EgEgEgEgEgE-3970+558-1436IgEfEgEjIgEgEgE-25350+8144-3992IgEfEgEgEgEgEgEgEhEfEgEjIgEfEgEgEgE","mapping_code":"39_168_64_16552","state":1},{"key":"7","name":"7","code":"+8226-4008+558-440+556-1438E-438EgEgEgEgEgE-3970EgE-1436CiCgEfCgEgEgE-25386+8196-3988+560dEiCgEgEgEgEgEgEhCgEfEfCgEfEgEgEgE","mapping_code":"39_104_64_16488","state":1},{"key":"8","name":"8","code":"+8194-3982+558-438+556-1438EdEdEdEdEdEdE-3970EfEfEfCdEfEdEdEdE-25386+8144-3992+560-440E-1436CdEdEdEdEdEdEgCmCmCmCdEfEdEdEdE","mapping_code":"39_232_64_16616","state":1},{"key":"9","name":"9","code":"+8194-3978+560-440+556-1436+558-438EhEhEhEhEhE-3982CdEhEhE-1438EjEhEhEhE-25336+8148-4028C-466GjGhEhEhEhEhEhE-3970GhEhEhEjEjG-436EhEhE","mapping_code":"39_24_64_16408","state":1},{"key":"POWER","name":"POWER","code":"+8198-4034+560-446+556-1438+558-438EhEhEhEhEhE-3998C-444EfEfEfEhEhEhEhE-25356+8148-3980EhEfEhEhEhEhEhEhE-3972G-440EfEfEfGhEhEhEhE","mapping_code":"39_112_64_16496","state":1},{"key":"MUTE","name":"MUTE","code":"+8192-4008+558-440+556-1438E-438EgEgEgEgEgE-3970EfEgEgEfEgEgEgEgE-25350+8148-3986CgEfEgEgEgEgEgEgEhEfEgEgEfEgEgEgEgE","mapping_code":"39_144_64_16528","state":1},{"key":"INPUT","name":"INPUT","code":"+8194-3982+558-438+556-1436CdEd+580-436EdEdEdE-3974+552-1438EdEfCfCdEdEdEdE-25386+8170iCdEkCdEdEdEdEdEdE-3970EkCdEkEkEdEdE-456EdE","mapping_code":"39_176_64_16560","state":1},{"key":"LAST","name":"LAST","code":"+8182-3980+560-440+556-1436+558-438EhEhEhEhEhE-3968GhE-1438GhEfGhEhEhEhE-25336+8174-4006CdEfGhEhEhEhEhEhEiGhEjEhEfGhEhEhEhE","mapping_code":"39_80_64_16464","state":1},{"key":"UP","name":"UP","code":"+8222-4000+560-440+558-1450E-438+556gHgHgHgHgH-3968E-1436EgHgHgHgHgHgHgH-25382+8144bEgH-1438HgHgHgHgHgHgH-3970HmHgHgHgHgHgHgHgH","mapping_code":"39_128_64_16512","state":1},{"key":"DOWN","name":"DOWN","code":"+8222-4002+558-440+556-1438E-438EgEgEgEgEgE-3970EgE-1436CgE-442+552gEgEgEgE-25336+8174-3988CgEfEgEgEgEgEgEdEhEgEfEdEgEgEgEgEgE","mapping_code":"39_64_64_16448","state":1},{"key":"LEFT","name":"LEFT","code":"+8172-3984+556-438C-1436+558dCdCdCdCdCdC-3970CdCdC-1438CdCdCdCdCdC-25424+8174-3988CdCeFdCdCdCdCdCdCgCdCdChCdCdCdCdCdC","mapping_code":"39_32_64_16416","state":1},{"key":"RIGHT","name":"RIGHT","code":"+8194-3982+558-438+556-1436CdEdEdEdEdEdE-3970C-1438ChEdEdEdEdEdEdE-25338+8148-3986+560-440EhCdEdEdEdEdEdE-4120L-1444EhEdEdEdEdEdEdE","mapping_code":"39_192_64_16576","state":1},{"key":"ENTER","name":"ENTER","code":"+8172-4008+560-440+556-1436+558-438EhEhEhEhEhE-3970EhEhEhE-1438EjEhEjGhE-25384+8144-3996EhEfGhEhEhEhEhEhEiEhEhEhEfGfGhEjEhE","mapping_code":"39_26_64_16410","state":1}],"_id":"Ysamj2udiRFfPJ6h"}
