{"category":"TV","brand":"HISENSE","model":"227","type":1,"version":"1.0","create_date":1695181548518,"protocol":"HISENSE","map_code":[{"key":"0","name":"0","code":"+4642-4556+612-506C-1628+610-1622FgF-490Fh+608hF-488FhIgF-1620FgFhIhFhIhFgFhIhFgFhIhFhIhFhIgFkFhIgFgFgFgF-48474+4640-4504FgF","mapping_code":"7_9_14_1886425199","state":1},{"key":"1","name":"1","code":"+4642-4530+612-490+610-1620EfE-1622Ed+608dEdHdEdHgEgEgEdEdE-488EdHdEdEiEdHdEdHdEdHgEgEgEgEfEgEgEgE-48554+4644-4506+614gE","mapping_code":"7_0_14_1886388479","state":1},{"key":"2","name":"2","code":"+4640-4526+614-492+608-1622+610-1620GhG-490EiGiEiGiEfGfGfGiGiEiGiEfGiEiGiEiEiEiEiGiEfGfGfGfGfGfGfG-48518+4618-4512+612fG","mapping_code":"7_1_14_1886421119","state":1},{"key":"3","name":"3","code":"+4640-4536+612-496+610-1622EfEfE-490Eg+608gEgHgHfEfEfEgHgEgHgEgHfEgEgHgEgHgEgHfEgEfEfEfEfEfEfE-48532+4618-4554+636-1624E","mapping_code":"7_2_14_1886404799","state":1},{"key":"4","name":"4","code":"+4640-4532+612-490+610-1620EfE-1622Ed+608dEdHdEdHgEgEgEdHdEdHdHgEgEdHdEdHdEdHdEdHdEgEgEgEgEgEgE-48498+4618-4502EgE","mapping_code":"7_3_14_1886437439","state":1},{"key":"5","name":"5","code":"+4642-4528+612-498+608-1622+610fG-1620G-488G-490GiGjGjEfGfGfGjGjEjGjEjGjEfGjGjEjGjEjGfGfGjEfGhGfGfGfG-48556+4644-4514GhG","mapping_code":"7_4_14_1886396639","state":1},{"key":"6","name":"6","code":"+4694-4528+612-490+608-1622+610fG-1620+614-486EdGdEdGdEfGfGfGdGdEdGdEfGdGfGdEdGdEdGdEdGfGdEfGhGfGfGfG-48474+4618-4522CfG","mapping_code":"7_5_14_1886429279","state":1},{"key":"7","name":"7","code":"+4642-4522+612-492+610-1622EfEfE-490+608gEgHgEgHfEfE-1620EgHgE-488EgHgEfEfEgEgHgHgHgEfEgHgEiEfEfEfEfE-48548+4644-4514CfE","mapping_code":"7_6_14_1886412959","state":1},{"key":"8","name":"8","code":"+4640-4526+612-490+610-1620EfE-1622Ed+608dEdHdEdHgEgEgEdEdHdEdHgEgEgEdHdEdHdHdHdHdHdHgEfEgEgEgE-48544+4644-4508C-1624E","mapping_code":"7_7_14_1886445599","state":1},{"key":"9","name":"9","code":"+4642-4572+612-500+608-1622+610fGfG-488G-490GhGiEiGfGfGfGiGiEiGiEiGiEiGfGiEiGiEiGfGfGfGiEfG-1620GfGfG-48536A-4500CfG","mapping_code":"7_8_14_1886392559","state":1},{"key":"MUTE","name":"MUTE","code":"+4638-4524+612-490+610-1622EfEfEdEd+608dEdGdE-1620EfEfEdGdEdGdEfEdGdEfEfEdGdGdGdGfEfEdEdGfEfEfE-48546+4644-4502+614fE","mapping_code":"7_25_14_1886427239","state":1},{"key":"INPUT","name":"INPUT","code":"+88-48592+4646-4570+612-500+610-1622GhGhG-490Gi+608iGiJiGhGhGhGiGiJiJiJiG-1620GkGiJhGiGiJiGhGiJiGhGiJhGhGhG-48480+4622-4526GkG","mapping_code":"-1_0_0_8280882","state":1},{"key":"EXIT","name":"EXIT","code":"+4640-4508+612-490+610-1620E-1622EgEdE-488EdEhEd+608gEfEgEdIdEdIdEdIgEgIgEgEdIdEdIgEdEdIdEdIgEgEgE-48544+4644-4504CgE","mapping_code":"7_30_14_1886419079","state":1},{"key":"LAST","name":"LAST","code":"+4642-4524+612-490+610-1620EfEfEd+608dEdGdEdG-1622EhEhEdGdEdGdEdGdEdGhEhEdEdGdEhEhEhEdGdGhEhEhE-48544+4646-4508C-1624E","mapping_code":"7_24_14_1886394599","state":1},{"key":"DISPLAY","name":"DISPLAY","code":"+4670-4540+612-490+610-1622EfEfEd+608dEdGdEdGfEfE-1620EdGdEdGdGfEfEdGfEfEdGdEdGdGdGfEdEdGfEfEfE-48518+4640-4558+614-1630E","mapping_code":"7_27_14_1886443559","state":1},{"key":"GREEN","name":"GREEN","code":"+4638-4554+612-506+608-1622+610-1620GfG-490EiGiEiGiEfGfGfGiEiEiGiEfGfGhGfGiEiGiC-486GiEiGiEiGfGfGfGfG-48484+4618-4530GfG","mapping_code":"7_15_14_1886449679","state":1},{"key":"BLUE","name":"BLUE","code":"+4642-4522+612-492+608-1622+610fGfG-490GhEhGhEhGfGfGfGhEhEhG-488GfGfGfGhGfGhEhGhEhGhEhGfGhEfGfGfG-48552+4644-4512GfG","mapping_code":"7_23_14_1886447639","state":1},{"key":"POWER","name":"POWER","code":"+4640-4512+612-490+610-1622EfEfEdEd+608dE-488EdE-1620EfEfEdGdEdGdEfEfEdGfEdEdGdEdGdEdGfEdGfEfEfE-1638E-48552+4644-4508C-1624E","mapping_code":"7_11_14_1886441519","state":1},{"key":"MENU","name":"MENU","code":"+4634-4552+614-502+608-1622+610fGfG-490EhEhEhEhGfGfGfGhGhEhEhEhGhEfGfGfGhEhEhGfGfGhGhEhGfGfGfG-48476+4618-4512GfG","mapping_code":"7_28_14_1886402759","state":1},{"key":"UP","name":"UP","code":"+4642-4528+614-490+610-1622EfEfE-488EdEgEd+608dEfEfEfEdEdHdEdHdEdHdEgEfEdEdHdEfEfEfEfEdEfEfEfE-48508+4618-4506E-1620E","mapping_code":"7_16_14_1886390519","state":1},{"key":"DOWN","name":"DOWN","code":"+4636-4530+610-490+608-1622CfCfC-488CdCgCdEdCfCfCfCdCdEdCdEfCdCdEdC-1620CdEdEdEdChChCfCdEfCfChC-48510+4618-4550+612-1632C","mapping_code":"7_17_14_1886423159","state":1},{"key":"LEFT","name":"LEFT","code":"+4718-4558+612-490+610-1620E-1622EgEdEd+608dEdEdHgEgEfEdHdEdHdHgEgEdHdEfEdHdEdHdHdEgEgEdEgEgEgE-48470+4618-4516EgE","mapping_code":"7_19_14_1886439479","state":1},{"key":"RIGHT","name":"RIGHT","code":"+4642-4524+614-490+610-1622E-1624+608-1620EdHdEdHdEdHfEfEfEdEdHdEdHdEfEdEdHfEdHdHdHfEdHfEfEdEfEfEfE-48528+4618-4516EfE","mapping_code":"7_18_14_1886406839","state":1}],"_id":"xPVhukX2Tz5XqgcL"}
