{"category":"TV","brand":"HISENSE","model":"247","type":1,"version":"1.0","create_date":1695177818924,"protocol":"HISENSE","map_code":[{"key":"0","name":"0","code":"+9222-4554+612-492+608-490EfEfEf+610fEfEfE-1622GhGhEhEhGhGfEhEfEhGhGhGfEfEfEfEhEfEfEfEhGhGhC-1620E-43866+9228-2218C","mapping_code":"3_14_48896_16609423","state":1},{"key":"1","name":"1","code":"+9222-4562+612-504+608-490EfEfEfEfEfEfE-1622+610gHgHgEgEgEfEgHgEfEgHgHfEfEfEfEfEgEfEfEgHgHgHgH-43822+9200-2216H","mapping_code":"3_13_48896_16625743","state":1},{"key":"2","name":"2","code":"+9250-4532+612-492+608-490EfEfEfEfEfEfE-1622Eg+610gHgHgHgHfEgHgHfEfEgHgHfEfEfEfEgHgHfEfEgEgEgH-43804+9176-2270C","mapping_code":"3_25_48896_16619623","state":1},{"key":"3","name":"3","code":"+9250-4532+612-492+608-490EfEfEfEfEfEfE-1622+610gHgHgHgHgHfEgHgHgHfEgEgHfEfEfEfEfEgHfEfEgHgEgE-43804+9172-2240H","mapping_code":"3_27_48896_16635943","state":1},{"key":"4","name":"4","code":"+9198-4578+612-500+608-490EfEfEfEfEfEfE-1622+610gHgHgHgHgEfEgHgHfEfEfEgHfEfEfEfEgHgHgHfEgEgHgH-43810+9202-2220H","mapping_code":"3_17_48896_16615543","state":1},{"key":"5","name":"5","code":"+9196-4534+610-490+608dEdEdEdEdEdEdE-1622CfCfCfEfEfEdEf+614-1618CdEfCdEfEdEdEdEdEfEdEfCdEfEfCfC-43890+9202-2218+612","mapping_code":"3_21_48896_16623703","state":1},{"key":"6","name":"6","code":"+9224-4512+612-492C-504+608-490+610gFgFgFgFgF-1622HiHiHiFiFiHgFiHiHiFiFgFiHgFgFgFgFgFgFiHgFiHiFiH-43872+9202-2222H","mapping_code":"3_23_48896_16640023","state":1},{"key":"7","name":"7","code":"+9198-4510+612-492+608-490+610fEfEfEfEfEfE-1622GhGhEhGhGhGfEhGfEhGfEfEhGfEfEfEhGfEhGhGfEhGhGhG-43916+9222-2212G","mapping_code":"3_18_48896_16599223","state":1},{"key":"8","name":"8","code":"+9222-4508+612-492+608-490+610fEfEfEfEfEfE-1622GhEhEhGhGhGfEhGfEhGhGfEhGfEfEfEhEfEfEhGfEhGhGhE-43892+9228-2238C","mapping_code":"3_22_48896_16607383","state":1},{"key":"9","name":"9","code":"+9222-4514+606-492+608-490EfEfEfEfEfEfE-1622+610gHgHgHgHgHfEgHgHgHfEfEfEfEfEfEfEfEgHgEgEgHgHgH-43880+9202-2218+612","mapping_code":"3_3_48896_16629823","state":1},{"key":"MUTE","name":"MUTE","code":"+9252-4576+612-504+608-490EfEfEfEfEfEfE-1622EgEg+610gHgHgHfEgHgHfEgEfEgHfEgEfEfEgHfEgEfEgHfEgE-43874+9202-2224H","mapping_code":"3_85_48896_16624213","state":1},{"key":"INPUT","name":"INPUT","code":"+9226-4556+612-492+608-490EfEfEfEfEfEfE-1622+610gEgEgEgHgHfEgEfEgHgHfEfEfEfEfEgEfEfEgHgHgHgHgE-43808+9172-2240H","mapping_code":"3_6_48896_16605343","state":1},{"key":"SLEEP","name":"SLEEP","code":"+9198-4534+610-490+608dEdEdEdEdEdEdE-1622CfCfCfCfEfEdEfCfCdEfCdEdEdEdEdEdEfCdEfEfCfCfCfC-43880+9202-2222C","mapping_code":"3_5_48896_16621663","state":1},{"key":"RED","name":"RED","code":"+9200-4514+612-492+608-490EfEfEfEfEfEfE-1622+610gHgEgEgEgHfEgEgEgEfEfEgEfEfEfEfEfEgEgEfEgHgEgH-43888+9202-2224H","mapping_code":"3_19_48896_16631863","state":1},{"key":"GREEN","name":"GREEN","code":"+9222-4512+610-494+608-490EfEfEfEfEfEfE-1622CgC-1626+604gCgCgEfEgCfEfEgCgCfEfEgCfEgCgCfEfEgCgCfEgC-43886+9198-2232C","mapping_code":"3_76_48896_16593613","state":1},{"key":"BLUE","name":"BLUE","code":"+9222-4510+610-490+608dEdEdEdEdEdEdC-1622EfEfCfCfCfCdEfCdEdEdEfCdEdEfEdEfCfCfCdEfEfCdEfE-43840+9202-2240+612","mapping_code":"3_72_48896_16585453","state":1},{"key":"YELLOW","name":"YELLOW","code":"+9250-4564+612-498+608-490EfEfEfEfEfEfE-1622+610gEgEgEgHgHfEgEgEfEgHgEgEfEfEfEfEgEfEfEfEgEgHgE-43802+9202-2242H","mapping_code":"3_29_48896_16627783","state":1},{"key":"PICTURE_MODE","name":"PICTURE MODE","code":"+9222-4510+610-490+608dEdEdEdEdEdEdE-1622EfEfEfCfCfCdEfEfCdEdEfCfCdEfEdEdEfEfEdEdEfEdEfE-43892+9198-2230+612","mapping_code":"3_89_48896_16620133","state":1},{"key":"POWER","name":"POWER","code":"+9226-4536+610-492+608-490EfEfEfEfEfEfE-1622CgCgCgCgEgEfEgCfEfEfEfEgCfEfEfEgEgCgCgCfEgCgCgC-43800+9202-2236C","mapping_code":"3_16_48896_16582903","state":1},{"key":"MENU","name":"MENU","code":"+9222-4572+612-500+608-490EfEfEfEfEfEfE-1622+610gHgHgEgEgHfEgHfHgHgHgHgHfEgHfEgEfEfEfEfEgEfEgH-43822+9202-2222H","mapping_code":"3_94_48896_16611973","state":1},{"key":"UP","name":"UP","code":"+9200-4526+610-490+608dEdEdEdEdEdEdE-1622CfEfEfCfCfCdEfEdEdEfCdEfCdEdEdEfCfCdEfEdEfCfEfE-43884+9202-2224C","mapping_code":"3_20_48896_16591063","state":1},{"key":"DOWN","name":"DOWN","code":"+9198-4530+612-492+608-490EfEfEfEfEfEfE-1622+610gHgEgEgEgHfEgHgEgEgEgHfEfEfEfEfEfEfEfEgEgHgHgH-43842+9252-2286C","mapping_code":"3_15_48896_16642063","state":1},{"key":"LEFT","name":"LEFT","code":"+9224-4512+610-490+608dEdEdEdEdEdEdE-1622CfCfCfEfCfCdEfEdEfEfCfCfCdEdEdEfCdEdEdEdEf+612-1618CfC-43892+9228-2230G","mapping_code":"3_30_48896_16611463","state":1},{"key":"RIGHT","name":"RIGHT","code":"+9222-4574+612-506+614-486+608-490GhGhGhGhGhG-1622+610iJiJiJiGiGhGiJiJiGhGiJiJhGiJhGhGhGiGhGhGiGhGiJ-43820+9198-2216J","mapping_code":"3_91_48896_16636453","state":1}],"_id":"m8yocm7RRrvSbX7A"}
