{"category":"TV","brand":"HISENSE","model":"2671","type":1,"version":"1.0","create_date":1695199766796,"protocol":"HISENSE","map_code":[{"key":"0","name":"0","code":"+4604-4520+610-1622+606-490E-1620+608gEfEfEfEfEgEfEgEgEfEfEfEfEgEfEfEgEfEfEfEfEfEgEgEfEgEgEgEgE-48428+4632-4502HgEfEgEgEfEfEfEfE-1624+602fEgEgEfEfEfEfEgEfEfEgEfEfEfEfEfEgEgEfEgEgHgEgE","mapping_code":"7_9_13_2964361327","state":1},{"key":"1","name":"1","code":"+4604-4524+610-1626+606-490E-1620EgEfEfEfEfEg+608fEgEgHfEfEfEfEfEfEfEfEfE-492+604fEfEgHgEgEgEgEgHgEgE-48422+4606-4522CgEfEgEgEfEfEfEfEgHfEgEgHfEfEfEfEfEfEfEfEfEfEfEfEgHgEgEgEgH-1618HgEgE","mapping_code":"7_0_13_2964324607","state":1},{"key":"2","name":"2","code":"+4606-4520+608-1620C-490+606dFdFeFeFeFeFdFeFdFdFeFeFeFeFdCeFeFeFeFeFeFeFeFdFdFdCdFdFdFdC-48488+4926-4514+610-1622FeFdFdFeFeFeFeFdFeFdFdFeFeFeFeFdFeFeFeF-514FeFeFeFeFdFdFdFdFdCdFdF","mapping_code":"7_1_13_2964357247","state":1},{"key":"3","name":"3","code":"+4604-4524+608-1624+606-490E-1620CgEfCfEfEfEgEfEgEgEfEfEfEfEfEgEfEfEfEfEfEfEgEfEgEgEgEgEgCgE-48464+4636-4508+610-1622CfEgCgEfEfEfEfEgEfEgEgEfEfEfEfC-488EgEfEfEfEfEfEfEgEfEgEgEgEgEgEgC","mapping_code":"7_2_13_2964340927","state":1},{"key":"4","name":"4","code":"+4604-4534+608-1628+606-490E-1620EgEfEfEfEfEgCfEgEgCfEfEfEfEgEgEfEfEfEfEfEfEfEfEgEgEgEgCgEgE-48430+4630-4498+610-1622EfEgEgEfEfEfEfEgCfEgEgCfEfEfEfEgEgEfEfEfEfEfEfEfEfEl+604gEgEgEgEgE","mapping_code":"7_3_13_2964373567","state":1},{"key":"5","name":"5","code":"+4594-4522+608-1620+606-490E-1618CdEfEfEfEfEdEfEdEdEfEfEfEfEfEfEdEfEfEfEfEfEdEdEfEdEdEdEdCdE-48458+4634-4512+610-1630EfEdEdEfEfEfEfEgCfEdEdCfEfEfEfEfEfEdEfEfEfEfEfEdEdEfEdEdEdCdEdE","mapping_code":"7_4_13_2964332767","state":1},{"key":"6","name":"6","code":"+4604-4520+608-1622+606-490E-1620EgEfEfEfEfEgCfEgEgCfEfEfEfEgEfEgEfEfEfEfEfEfEgCfEgEgEgEgEgE-48460+4636-4508+610dCfEgEgCfEfEfEfEgEfEgEgEfEfEfEfEgEfEgEfEfEfEfEfEfEd+604fEgEgEgEgEgC","mapping_code":"7_5_13_2964365407","state":1},{"key":"7","name":"7","code":"+4604-4522+608-1620+606-490EdEdEfEfEfC-488EdCfEdEdEfEfEfEfEfEdC-1618CfEfEfEfEfEdEfEfEdEdEdCdEdE-48446+4608-4512C-1622EfEdCdEfEfEfEfEdEfEdEdEfEfEfEfEfEdEdCfEfEfEfEfEhCfEfEdEdEdEdCdE","mapping_code":"7_6_13_2964349087","state":1},{"key":"8","name":"8","code":"+4600-4522+608-1624+606-490E-1620EgEfEfEfEfEgEfEgEgEfEfEfEfEgEgCgEfEfEfEfEfEfEfEfEgCgEgEgEgC-48434+4662-4518CgCfEgEgCfEfEfEfEgEfEgEgEfEfEfEfEgCgEgEfEfEfEfEfEfEfEfE-1618CgEgEgEgC","mapping_code":"7_7_13_2964381727","state":1},{"key":"9","name":"9","code":"+4604-4520+610-1622+608-490+606-1620E-1618EfGfGfGfGhGfGhGhEfGfGfGfGfGfGfGhEfGfGfGfGhGhGhGfGhGhGhEhG-48460+4636-4508E-1624GfGiEhGfGfGfGfGhEfGhGhGfGfGfGfGfGfGfGhEfGfGfGfGhGhGhGfGhGhEhGhG","mapping_code":"7_8_13_2964328687","state":1},{"key":"POWER","name":"POWER","code":"+4606-4530+608-1626+606-490E-1620EgEfEfEfEfEgCfEgEgCfEfEfEfEgEgEfEgEfEfEfEfEfEfEgEfEgCgEgEgE-48490+4658-4512+610-1622EfEgEgEfEfEfEfEgEfEgCgEfEfEfE-492+604gEgCfEgEfEfEfEfEfEfEgEfEgEgEgEgC","mapping_code":"7_11_13_2964377647","state":1},{"key":"MUTE","name":"MUTE","code":"+4598-4524+612-1624+610-488+608-1616E-1618EfGfEfGfGhEfEhEhEfEfGfGfEfGfEhEfGiEfGfEfGiE-1632EfEhEfGiEhEhE-48508+4634-4530+614iEfGiGiEfGfGfGfGhEfGhEhEfEfGfGfEfGfEhEfGiEfGfEfGiEhEfGiEfGiGiEhE","mapping_code":"7_20_13_2964334807","state":1},{"key":"INPUT","name":"INPUT","code":"+4606-4514+612-1618+610-488+608-1616EhEfE-486EfEfGhEiEhEhEfGfGfGfGfGfEhEhEhEfEfGfEhEhEfGfEfGhEhGdE-48420+4612-4510CdEfEhEhEfEfGfEfGdEfGhEdEfGfEfGfGfGfGhEhEdEfGfGfGdEhEfGfGfGdEhEhE","mapping_code":"7_28_13_2964338887","state":1},{"key":"EXIT","name":"EXIT","code":"+4594-4518+610-1620+608-490E-1618EgEf+606fEfHfEgEfHgEdEfHfHfHfHfHgEfEgEfHfEfHfEgEfHgEfHgEgEgEgE-48440+4604-4526CdEfHdEgEfEfHfEfHgEfHgEgEfHfEfHfEfHgEfHgEfEfHfHfEgEfHdEfHgCgEgEgE","mapping_code":"7_10_13_2964345007","state":1},{"key":"LAST","name":"LAST","code":"+4600-4520+610-1620+608-490+606-1618EhEfGfEfE-488EhEfEhEhEfEfGfEfEhEfGhEhEhEfEfGfEfGhEfGfEfGhEdEhE-48440+4636-4502CdEfGhEhEfGfEfGfEhEfEhEhEfEfGfEfEhEfGhEhEhEfGfGfGfGhEfGfEfGhEdGdE","mapping_code":"7_29_13_2964371527","state":1},{"key":"DISPLAY","name":"DISPLAY","code":"+4592-4520+610-1620+608-490+606-1618EhEfGfEfGfEhEfEhEhEfEfGfGfEhEhEhEfEhEfEfGfEfGfEfGdEfGhEdEhE-48448+4638-4522C-1628EfEhEhEfEfGfEfGhEfGhEhEfGfEfGfGhEhEhEfGhEfGfE-506GfGfEfGhEfGhEhEdE","mapping_code":"7_23_13_2964383767","state":1},{"key":"MENU","name":"MENU","code":"+4608-4516+608-1618C-490+606dCdCeFeCeFeCdCeCdCdCeCeFeCeFeFdCdCdCdCeFeCeF-1620CeFeFeFeFdCdCgC-48486+4638-4500+610gC-488CdCdCeFeCeFeCdCeCdCdCeCeFeCeFeCdCdCdCgCeFeCeFgFeFeCeFeFdCdCgF","mapping_code":"7_30_13_2964355207","state":1},{"key":"VOLUME_UP","name":"VOLUME UP","code":"+4608-4512+610-1620+608-490E-1618EgE-488EfEhEfEgEf+606gEgEfIfEfIfIfEgEfIfIgEfEfIfIgEfEgEgEfEgEgEgE-48442+4636-4494CdEfIgEgEfIfIfEfIgEfEgEgEfEfIfIfIfIgEfEfIdEfIfEfIdEfIgEdIfIgEdIdE","mapping_code":"7_18_13_2964342967","state":1},{"key":"VOLUME_DOWN","name":"VOLUME DOWN","code":"+4600-4520+610-1624+608-490E-1618EgEfEf+606fEfHgEfHgEgEfHfEfHfEgEgEfEfHgEfHfEfHfHfH-1620EgEfHiEgEgE-48438+4634-4506CiEfHgEgEfHfHfEfHgEfEgEgEfHfEfHfEgEgEfEfHgEfHfEfHfEfHiEgEfHiEgEgE","mapping_code":"7_19_13_2964375607","state":1},{"key":"CHANNEL_UP","name":"CHANNEL UP","code":"+4604-4522+608-1618C-490CdCdCeCe+606eCeCdCeFdCdCeFeFeCeFeCeFeCeFdCeFeCeFdC-1620CdCdCeCdCdCdC-48482+4638-4508+610-1622CeCdCdCeFeFeCeFdCeCdCdCeFeFeFeCeFeCeFeFdCeCeFeFdCdCgFgCeFgCdCdC","mapping_code":"7_16_13_2964326647","state":1},{"key":"CHANNEL_DOWN","name":"CHANNEL DOWN","code":"+4608-4516+608-1618C-490CdCdC-488CeCe+606eCdCeGdCdCeGeGeCeGdCeGeCeGdCeGeCeGeCdCdCdCeGdCdCdC-48468+4636-4502+610-1620CeCdCdCeCeGeCeGdCeCdCdCeGe+612-486GeCdCeGeCeGdCeCeGeCeGdCdClCeGdCdCdC","mapping_code":"7_17_13_2964359287","state":1}],"_id":"eJulHQ6eSViRjUPS"}
