{"category":"TV","brand":"HISENSE","model":"3066","type":1,"version":"1.0","create_date":1695175564405,"protocol":"HISENSE","map_code":[{"key":"0","name":"0","code":"+1080-874+1848-832+950-830EfEfEfEfEfEfEfEfEfE-20504+978-842+1844fEfEfEfEfEfEfEfEfEfEdE","mapping_code":"1_0_0_0","state":1},{"key":"1","name":"1","code":"+952-912+954-834+1844-830+950fGfGfGfGd+946fGfGfG-1724G-19574A-844GfEfGfG-846GfGfG-832GfGfGfG-1722G","mapping_code":"1_1_0_2049","state":1},{"key":"2","name":"2","code":"+1130-882+1848-832+950-830EfEfEfEfEfEfEfE-1728+1840-20430+952d+1844fEfEfEfEfEdEfEfEfE-1724K","mapping_code":"1_2_0_2","state":1},{"key":"3","name":"3","code":"+972-840+952-830+1844-828+950dGdGdGdGdGdGdG-1722GdG-19568+954-844GdEdGdGdGdGdGdGdG-832G-1724GdG","mapping_code":"1_3_0_2051","state":1},{"key":"4","name":"4","code":"+952-898+1846-830+978-848+950dGdGdGdGdGdG-1722+1844-832G-20438A-836IdGdGdGdGdGdGdGdGhIdG","mapping_code":"1_4_0_4","state":1},{"key":"5","name":"5","code":"+968-908+954-834+1844-830+950fGfGfG-832GfGfG-1724E-1722G-19588+952-848GfEfGhGfGfGfGfGfGjE-1726G","mapping_code":"1_5_0_2053","state":1},{"key":"6","name":"6","code":"+980-910+1848-832+950-830EfEfEfEfEfEfE-1724Ef+1844-20472+952-844H-828EfEfEfEfEfEdEfE-1722EfH","mapping_code":"1_6_0_6","state":1},{"key":"7","name":"7","code":"+948-864+952-830+1844d+950dFdFdFdFdFdF-1724FdF-832A-19530ChFdEdFdFdFdFdFdFdFgFdFdF","mapping_code":"1_7_0_2055","state":1},{"key":"8","name":"8","code":"+1052-876+1848-890+950-830EfEfEfEfEfE-1722+1844fEfE-20498+976-834Hf+954-826EfEfEfEfEfE-1724H-832EoE","mapping_code":"1_8_0_8","state":1},{"key":"9","name":"9","code":"+1150-896+954-834+1844-828+950-830GhGhGhGhG-1722EhGiG-19532+952-832GhEfGhGhGhGhGhGiEhGiG","mapping_code":"1_9_0_2057","state":1},{"key":"MUTE","name":"MUTE","code":"+1082-896+1848-832+950-830EfEfEfEfEfE-1724Ef+1844-1722E-19590+976dHfEfEfEfEfEfEfEiEfHi+952","mapping_code":"1_13_0_13","state":1},{"key":"INPUT","name":"INPUT","code":"+952-902+954-832+1844-830+950fGfGfG-1724GfGfEfGfG-20500+980-842GfEfGfGfGfGhGfGfEfGfG","mapping_code":"1_56_0_2104","state":1},{"key":"EXIT","name":"EXIT","code":"+1860-866+950-830CdCdCdCdC-1722+1844e+952-832CdF-20498+1872-838CdCdCdCdCdCeFeGhCdF","mapping_code":"23_110_0_4142","state":1},{"key":"LAST","name":"LAST","code":"+1028-892+954-834+1844-828+950-830GhGhC-1718E-832GhG-1724E-20426+952jGhEhGhGhGhG-1722EdGhGnE","mapping_code":"1_34_0_2082","state":1},{"key":"DISPLAY","name":"DISPLAY","code":"+1004-916+954-834+1844-830+950fGfGfGfGfG-1724GfGfGfG-19574C-846GfEfGfGfGfGfGfGhG-836+946fGfG","mapping_code":"1_15_0_2063","state":1},{"key":"POWER","name":"POWER","code":"+962-838+1846-828+950-830EfEfEfEfEfE-1722Ef+1844fE-20424+952-832HdEfEfEfEfEfEfEgEfHfE","mapping_code":"1_12_0_12","state":1},{"key":"MENU","name":"MENU","code":"+1874-1758+1844-832+950-830EfEfEfE-1724CdE-1722C-20510A-1734+1846dEfEfEfEfEgCfEgC","mapping_code":"23_82_0_6162","state":1},{"key":"UP","name":"UP","code":"+1898-860+950-830CdCdCdCdCdC-1722+1844dCdCdC-20490+1848-852CdCdCdCdCdCdCeF-834CdCdC","mapping_code":"23_80_0_4112","state":1},{"key":"DOWN","name":"DOWN","code":"+1872-1756+1844-832+952d+950-830FgFgF-1722CgFgF-1724F-19586+1848-1736C-834FgFgFgFgFiCgFgFiF","mapping_code":"23_81_0_6161","state":1},{"key":"LEFT","name":"LEFT","code":"+1896-850+950-830CdCdCdCdCdC-1722+1844eFeC-19622+1874-844CdCdCdCdC-834+946dC-1724FeFeC","mapping_code":"23_85_0_4117","state":1},{"key":"RIGHT","name":"RIGHT","code":"+1872-1742+1846-832+950-830EfEfEfE-1724+1844-1722EfH-20478+1848-1732HdEfEfEfEfEiHiEfH","mapping_code":"23_86_0_6166","state":1}],"_id":"g6sKWPfFkI9c1wDi"}
