{"category":"TV","brand":"HISENSE","model":"3298","type":1,"version":"1.0","create_date":1695173273279,"protocol":"HISENSE","map_code":[{"key":"0","name":"0","code":"+1054-866+1834-828+942-826EfEfEfEfEfEfEfEfEfE-22460+946-842+1830fEfEfEfEfEfEfEfEfEfEfE","mapping_code":"1_0_0_0","state":1},{"key":"1","name":"1","code":"+1004-902+946-830+1830-826+942fGfGfGfGfGfGfGfG-1712G-21590+974-834GfEfGfGfGfGfGfGfGfGfG-1714G","mapping_code":"1_1_0_2049","state":1},{"key":"2","name":"2","code":"+1004-896+1834-828+942-826EfEfEfEfEfEfEfE-1712+1830-22400+944dH-824EfEfEfJfEfEf+946-842EfE-1714H","mapping_code":"1_2_0_2","state":1},{"key":"3","name":"3","code":"+1004-904+946-830+1830-826+942fGfGfGfGfGfGfG-1714GfG-21510+944-828GfEfGfGfGfGfGfGfGfGhGfG","mapping_code":"1_3_0_2051","state":1},{"key":"4","name":"4","code":"+948-900+1834-826+942dEdEdE-832+938dEdEdE-1714+1830dE-22414+946-834IdEdEdEdEdEdEdEdEhIdE","mapping_code":"1_4_0_4","state":1},{"key":"5","name":"5","code":"+1060-908+946-830+1830-824+942-826+944fGhGhGhGhG-1712EjG-21520I-828GhEfGhGhGhGhGhGhGjEjG","mapping_code":"1_5_0_2053","state":1},{"key":"6","name":"6","code":"+1084-870+1834-828+942-826EfEfEfEfEfEfE-1712Ef+1830-22470+972-832HfEfEfEfEfEfEfEfE-1714EfH","mapping_code":"1_6_0_6","state":1},{"key":"7","name":"7","code":"+906-882+944-826+1830-824+942dGdGdGdGdGdG-1712GdG-858G-21558+946-840GdEfGdGdGdGdGdGdG-1714GdGdG","mapping_code":"1_7_0_2055","state":1},{"key":"8","name":"8","code":"+970-870+1834-828+942-826EfEfEfEfEfE-1712+1830-824EfE-22454+946-840HfEfEfEfEfEfEfE-1714HfEfE","mapping_code":"1_8_0_8","state":1},{"key":"9","name":"9","code":"+1026-860+948-830+1830-826+942fGfGfGfGfG-1714EfGhG-21574+946-842GfE-824GfGfGfGfGfGhEfG-1712G","mapping_code":"1_9_0_2057","state":1},{"key":"MUTE","name":"MUTE","code":"+948-916+1836-828+942-826EfEfEfEfEfE-1714Ef+1830-1712E-21580+968dHfEfEfEfEfEfEfEiEfHiE","mapping_code":"1_13_0_13","state":1},{"key":"INPUT","name":"INPUT","code":"+946-894+948-830+1830-824+942-826GhGhG-1714GhGhEhGhG-22472+972-832GhEfGhGhGhGiGhGhEhGhG","mapping_code":"1_56_0_2104","state":1},{"key":"INFO","name":"INFO","code":"+1078-864+1834-828+942-826EfEfEfEfEfE-1712EfEfEfE-21554+946-842+1828fEfEfEfEfEfEfE-1714EfEfEfE","mapping_code":"1_15_0_15","state":1},{"key":"SLEEP","name":"SLEEP","code":"+1004-898+946-830+1830-824+942-826GhGhGhG-1714E-828G-1712GhG-21588C-846GhEhGhGhGhGhGiEhC-1708GhG","mapping_code":"1_19_0_2067","state":1},{"key":"EXIT","name":"EXIT","code":"+1058-910+1836-834+942-826EfEfEfE-1714+1830fEfEgH-22402+944-828HfEfEfEfEfE-1712HfEfEgH","mapping_code":"1_34_0_34","state":1},{"key":"LAST","name":"LAST","code":"+1032-916+948-830+1830-826+942fGfGfG-1714EfGfGhE-22492+974-836GfEfGfGfGfG-1712EfGfGlE","mapping_code":"1_34_0_2082","state":1},{"key":"RED","name":"RED","code":"+1876-858+944-828+942-826EfEfEfE-1714+1830-1712HiEfE-21586+1858-832EfEfEfEfEfEgHiHiEfE","mapping_code":"23_107_0_4139","state":1},{"key":"GREEN","name":"GREEN","code":"+1860-1742+1830-830+942-826EfEfE-1712CgEfCfE-22470A-1718C-828EfEfEfE-1714CgEfCfE","mapping_code":"23_108_0_6188","state":1},{"key":"BLUE","name":"BLUE","code":"+1862-862+942-826CdCdCdCdC-1714+1830-1712CdCdF-22402+1832-844CdCdCdCdCdCgFg+944-828ClF","mapping_code":"23_110_0_4142","state":1},{"key":"YELLOW","name":"YELLOW","code":"+1862-1738+1830-828+942-826EfEfE-1712CgEfCg+944-21586+1860-1718CdEfEfEfE-1714ClEfCgE","mapping_code":"23_109_0_6189","state":1},{"key":"POWER","name":"POWER","code":"+1020-916+1834-828+942-826EfEfEfEfEfE-1714Ef+1830-824E-22404+944dHfEfEfEfEfEdEfE-1712EfHfE","mapping_code":"1_12_0_12","state":1},{"key":"MENU","name":"MENU","code":"+1004-916+946-830+1830-824+944-826+942hIhI-1712IhEjIhIhI-21518GdIhEhIhIhIhI-1714IhEjIhIhI","mapping_code":"1_55_0_2103","state":1},{"key":"UP","name":"UP","code":"+998-864+1832-828+942-826EfEfEfE-1714+1830dEfEfEfE-22404+944dHfEfEfEfEfEgH-824EfEfEfE","mapping_code":"1_32_0_32","state":1},{"key":"DOWN","name":"DOWN","code":"+1020-894+946-830+1830-826+942fGfGfG-1714EfGfGfGhG-21518+944-834GfE-824GfGfGfG-1712EfGfGfGhG","mapping_code":"1_33_0_2081","state":1},{"key":"LEFT","name":"LEFT","code":"+918-882+1832-872+942-826EfEfEfEfE-1714+1830fEfEgE-21564+946-836H-824EfEfEfEfEfEgH-828EfEgE","mapping_code":"1_17_0_17","state":1},{"key":"RIGHT","name":"RIGHT","code":"+1004-896+1836-828+942-826EfEfEfEfE-1712+1830fEfEfE-22444+946-840H-824EfEfEfEfEfEgHfEfEfE","mapping_code":"1_16_0_16","state":1},{"key":"VOLUME_UP","name":"VOLUME UP","code":"+898a+944-826+1830-824+942cFcFcFcF-1712DcFcFcF-22400B-828FcDcFcFcFcFcFgDcFcFcF","mapping_code":"1_16_0_2064","state":1},{"key":"CHANNEL_UP","name":"CHANNEL UP","code":"+946-898A-828+1830-826+942eFeFeF-1712DeFeFeFeF-22404+944cFeDeFeFeFeF-1714DeFeFeFeF","mapping_code":"1_32_0_2080","state":1},{"key":"CHANNEL_DOWN","name":"CHANNEL DOWN","code":"+948-902+1832-824+942-826EfEfEfE-1714+1830fEfEfEgE-21514+944-828HdEfEfEfEfEgHfEfEfEgE","mapping_code":"1_33_0_33","state":1},{"key":"VOLUME_DOWN","name":"VOLUME DOWN","code":"+1004-900+946-830+1830-824+942-826GhGhGhG-1712E-828GhG-1714G-21606+972-836C-822EhGhGhGhGhGiEhGhGiG","mapping_code":"1_17_0_2065","state":1}],"_id":"pXH8J0q930cFlJMv"}
