{"category":"TV","brand":"HISENSE","model":"352","type":1,"version":"1.0","create_date":1695175892035,"protocol":"HISENSE","map_code":[{"key":"0","name":"0","code":"+9224-4512+610-490+608dEdEdEdEdEdEdE-1622CfCfEf+612-1618EfEdEfCdEfEfCfCdEdE-492E-498EfEdEdEdEfEfEfEfE-41776+9202-2222C","mapping_code":"3_14_48896_16609423","state":1},{"key":"1","name":"1","code":"+9222-4512+610-492+608-490EfEfEfEfEfEfE-1622CgCgEgEgEgCfEgEgEfEgCgEfEfEfEfEfEgEfEfE-1624EgCgCgE-41806+9200-2224+612","mapping_code":"3_13_48896_16625743","state":1},{"key":"2","name":"2","code":"+108-15614+9256-4534+610-492+608-490GhGhGhGhGhGhE-1622EiEiEiEiEiGhGiEiEhGhGiEiEhGhGhGhGiGiGhGhGiGiEiG-41778+9198-2212E","mapping_code":"-1_0_0_113162323","state":1},{"key":"4","name":"4","code":"+45662-9254+4532-612+492-610+490-608GfGhGhGhGfGh+1622fIfIfIhIhIfGhIhIfGhGhGhIfGhGhGhGhIfIhIhGhIfIfIh+41778-9202+2238f","mapping_code":"82_0_0_253","state":1},{"key":"3","name":"3","code":"+114-23280+9202-4552+612-504+608-490+610hGhGhGhGhGhG-1622IjIjIjIjGjGhE-1618IjIjIhGjIjIhGhGhGhGhGjGhGhGjGjGjI-41788+9226-2232I","mapping_code":"-1_0_0_3246289071","state":1},{"key":"5","name":"5","code":"+116-32934+9200-4530+612-492+608-490GhGhGhGhGhGhG-1622+610iJiJiJiJiJhGiJiJhGiGhGiJhGhGhGhGiJhGiJhGiGiGiJ-41820+9202-2212J","mapping_code":"-1_0_0_428910643","state":1},{"key":"MUTE","name":"MUTE","code":"+9222-4514+612-492+608-490EfEfEfEfEfEfE-1622Eg+610gHgHgHgHfEgHgHgHfEgEfEfEfEfHfEfEgEfEgHgHgEgE-41814+9202-2226C","mapping_code":"3_11_48896_16633903","state":1},{"key":"INPUT","name":"INPUT","code":"+9186-4550+612-492+608-490EfEfEfEfEfEfE-1624E-1622+610hIhIhEhIfEhIfEhIfEhIh+614-486EhIfIhIfEhEfEfEhEfEhI-41778+9202-2224I","mapping_code":"3_90_48896_16603813","state":1},{"key":"SLEEP","name":"SLEEP","code":"+9198-4534+610-490Cd+608dEdEdCdEdEdE-1622CfCfCfEfEfEdEfCdEdEfCfCfEdEfCdEfCfCdEdEdEfEdEfC-41854A-2232C","mapping_code":"3_92_48896_16595653","state":1},{"key":"LAST","name":"LAST","code":"+9240-4538+612-492+608-490EfEfEfEfEfEfE-1622+610gHgHgHgHgEfEgHgHgEgEfEgHfEgHfEfEfEfEgHfE-1624EfEgH-41778+9202-2226H","mapping_code":"3_87_48896_16640533","state":1},{"key":"DISPLAY","name":"DISPLAY","code":"+9254-4538+612-492+608-490+610-510EfEfEfEfGfE-1622GiGiGiEiEiGfEiGiGiEfEfEiEfEfEfEfEfEiGiEfEiGiGiG-41808+9176-2224G","mapping_code":"3_19_48896_16631863","state":1},{"key":"RED","name":"RED","code":"+9222-4508+612-492+608-490Ef+610fEfEfEfEfE-1622GhGhGhGhGhEfEhGfEhGfEhGhGfEfEfEhGfEhEfEfEhEhGhG-41842+9202-2220G","mapping_code":"3_26_48896_16603303","state":1},{"key":"GREEN","name":"GREEN","code":"+9222-4558+612-500+608-490EfEf+610fEfGfEfE-1622GhGhGhGhGhGfEhGhGfEhEhGhGfEfEfEfEhGfEfEfEhEhEhE-41790+9196-2216G","mapping_code":"3_29_48896_16627783","state":1},{"key":"YELLOW","name":"YELLOW","code":"+9222-4560+612-508C-512C-498+608-490GhGhGhGhG-1622+610iGiJiJi+614-1618JhGiJhGhJiJhGiJhGiJhGiJiJhGiJhGiJhGiG-41816+9196-2216J","mapping_code":"3_84_48896_16591573","state":1},{"key":"PICTURE_MODE","name":"PICTURE MODE","code":"+9224-4550+612-492+608-490EfEfEfEfEfEfE-1622EgEg+610gHgHgHfEgEgHfEfHgHgHfEgEfEfEgHgHfEfEgHfEgE-41776+9200-2216H","mapping_code":"3_89_48896_16620133","state":1},{"key":"SOUND_MODE","name":"SOUND MODE","code":"+9186-4514+610-490+608dEdEdEdEdEdEdE-1622CfCfEfCfEfCdEfEdEdE-494+604fCfCdEfEdEfCfEfEdEdEfEdEfC-41850+9202-2224C","mapping_code":"3_88_48896_16587493","state":1},{"key":"VIDEO_SYSTEM","name":"VIDEO SYSTEM","code":"+9198-4536+612-492+608-490Ef+610fEfGfEfEfE-1622GhGhEhEhEhGfEhGfEfEfEfEfEfEhGfEhGhGhGhEhEhEfEhG-41856+9202-2224G","mapping_code":"3_64_48896_16581373","state":1},{"key":"POWER","name":"POWER","code":"+9222-4548+612-500+608-490EfEfEfEfEfEfE-1622+610gHgHgHgHgHfEgHfEfEfEfEgEfEfEfEgHgHgHgEfEgHgHgH-41786+9200-2218H","mapping_code":"3_16_48896_16582903","state":1},{"key":"MENU","name":"MENU","code":"+9200-4510+612-492+608-490+610fEfGfEfGfEfG-1622GhGhGhGhGhGfEhGfEhEhGhGhGfEhEfEhGfEfEfEfEhGfEhG-41846+9202-2226G","mapping_code":"3_94_48896_16611973","state":1},{"key":"UP","name":"UP","code":"+9198-4534+610-490+608dEdEdEdCdEdCdE-1622CfCfEfEfCfCdEfCdEdEfEdEfCdEdEdEfCfCdEfCdEfCfCfC-41844+9228-2216+612","mapping_code":"3_20_48896_16591063","state":1},{"key":"DOWN","name":"DOWN","code":"+9222-4512+612-490+608dEdEdEdEd+610dEdF-1622FgFgFgFgFgFdEgFgFgFgFgEdEdEdEdEdEdEdEdEgEgEgFgF-41848+9202-2224F","mapping_code":"3_15_48896_16642063","state":1},{"key":"LEFT","name":"LEFT","code":"+9250-4636+640-496+608-490EfEfEf+610fEfEfE-1622GhGhEhGh+612-1620GfEhGfEhGhGhGhEfEfEfEhGfEfEfEfEhGhGhG-41838+9202-2220G","mapping_code":"3_30_48896_16611463","state":1},{"key":"RIGHT","name":"RIGHT","code":"+9222-4510+610-490+608dEdEdEdCdEdCdE-1622CfCfEfEfEfCdEfEfEfEdEfCfCdEfCdEdEdEfEdEdEfEdEfC-41842+9202-2224+612","mapping_code":"3_91_48896_16636453","state":1}],"_id":"faYjac3tavJColRv"}
