{"category":"TV","brand":"HISENSE","model":"365","type":1,"version":"1.0","create_date":1695182525943,"protocol":"HISENSE","map_code":[{"key":"0","name":"0","code":"+9196-4532+612-490+608d+610dEdFdEdFdEdF-1622FgFgFgFgFgFdEgFdF-1620FhFgFdEdFdEdFgFdEdFdEgFgFgFgF-42850+9202-2224F","mapping_code":"3_14_48896_16609423","state":1},{"key":"1","name":"1","code":"+9200-4514+610-490C-488Cd+608dCdFdCdFdC-1622C-1656CgCgCgCgCdCgCgCdFgCgCdFdFdFdCdFgCdCdFgCgCgCgC-42846+9202-2218C","mapping_code":"3_13_48896_16625743","state":1},{"key":"2","name":"2","code":"+9222-4554+614-500+608-490+610fEfGfEfGfEfG-1620G-1622GiGiGiGiGfEiGiGfEfGiGiGfEfEfEfEiGiGfGfEiGiGiG-42800+9202-2228G","mapping_code":"3_25_48896_16619623","state":1},{"key":"3","name":"3","code":"+9252-4538+612-490+610d+608dEdFdFdEdFdE-1622EgEgEgEgEgEdFgEgEgEdEgEgEdEdFdEdFdEgEdFdEgEgEgE-42778+9176-2232C","mapping_code":"3_27_48896_16635943","state":1},{"key":"4","name":"4","code":"+9222-4512+610-490+608dCdEdCdEdCdEdE-1622CfCfCfCfCfCdCfCfCdEdEdEfCdEdEdEdEfCfCfCdEfCfCfC-42890+9200-2236C","mapping_code":"3_17_48896_16615543","state":1},{"key":"5","name":"5","code":"+9222-4508+612-492+610-490+608fEfGfEfGfGfG-1622EhEhEhE-1620EhEfGhEhEfGhEfGhEfGfGfGfEhEfGhEfGhEhEhE-42858+9200-2208E","mapping_code":"3_21_48896_16623703","state":1},{"key":"6","name":"6","code":"+9196-4530+614-492+608-490+610fEfEfEfG-488GfE-1622GiGiGiGiGiGfEiGiGiGiGfGiGfEfEfEfEfEfEiGfEiGiGiG-42848+9202-2222G","mapping_code":"3_23_48896_16640023","state":1},{"key":"7","name":"7","code":"+9198-4530+610-490+608dCdEdCdEdEdEdE-1622CfCfCfCfCfCdEfCdEfCdCdEfCdCdEdCfCdEfCfCdEfCfCfC-42800+9176-2216+612","mapping_code":"3_18_48896_16599223","state":1},{"key":"8","name":"8","code":"+9226-4548+612-490+608d+610dEdFdEdFdEdF-1622FgFgFgFgFgFdFgFdF-1620FgFdEgFdFdEdFgFdEdFgFdEgFgFgF-42782+9196-2214F","mapping_code":"3_22_48896_16607383","state":1},{"key":"9","name":"9","code":"+9290-4512+610-490+608dCdEdEdEdEdCdC-1620C-1622CgCgCgCgCdCgCgCgCdEdCdEdEdEdCdEdEgCgCgCgCgCgC-42818+9176-2272+612","mapping_code":"3_3_48896_16629823","state":1},{"key":"MUTE","name":"MUTE","code":"+9222-4512+610-490Cd+608dCdEdCdEdCdE-1622CfCfCfCfCfCdEfCfCfCdCfCdEdEdEdCdEdCfCdEfCfCfCfC-42846+9202-2218C","mapping_code":"3_11_48896_16633903","state":1},{"key":"INPUT","name":"INPUT","code":"+9252-4544+612-490+608d+610dC-486FdFdEdEdF-1622FhFhFhFhFhFdEhFdFhFhFdEhFdEhFdFhFdEdFhFdEhFdEhF-42778+9198-2214F","mapping_code":"3_86_48896_16607893","state":1},{"key":"REWIND","name":"REWIND","code":"+9226-4522+612-490+610d+608dEdFdEdFdEdF-1622EgEgEgEgEgEdEgEdFdEgEgEdFdEdFdEgEgEdEdFgEgEgEgE-42832+9176-2224+638","mapping_code":"3_12_48896_16593103","state":1},{"key":"PLAY","name":"PLAY","code":"+9250-4532+612-490+610d+608dFdFdE-508FdFdF-1622EhEhEhEhEhEdEhEdFdEdFdEdFdEdFdEhEhEhEhEhEhEhEhE-42774+9202-2220E","mapping_code":"3_0_48896_16580863","state":1},{"key":"FAST_FORWARD","name":"FAST FORWARD","code":"+9196-4534+610-490+608dCdEdCdCdEdEdE-1622CfCfCfCfCfCdEfCfCfCdEdCdEdEfCdCdEdCfCfCfCfCdEfC-42850+9200-2202+612","mapping_code":"3_67_48896_16630333","state":1},{"key":"PAUSE","name":"PAUSE","code":"+9218-4510+612-492+608-490+610fEfGfEfGfEfG-1622GhGhGhGhGhGfGhGhGhGfG-1620GfEfGhGfEfGfEhGfGhGhGfEhG-42878+9226-2212C","mapping_code":"3_75_48896_16634413","state":1},{"key":"PREVIOUS","name":"PREVIOUS","code":"+9222-4510+610-490+608dCdEdCdEdEdCdE-1622Cf+630-1624CfCfCfCdCfCdEfCdEdEdEdEdEdEfCdEfCfCfCfCfCfC-42852+9202-2222+614","mapping_code":"3_2_48896_16597183","state":1},{"key":"NEXT","name":"NEXT","code":"+9222-4508+612-492+608-490Ef+610fEfEfEfGfC-1630G-1622GiGiGiG-1620GfEiGiGfGfEfGfEfGiGfEfGiGiGiGiGiGfEiG-42858+9202-2224G","mapping_code":"3_65_48896_16614013","state":1},{"key":"LAST","name":"LAST","code":"+9272-4552+612-490+610d+608dFdFdFdEdFdE-1622EgEgEgEgFgEdFgEgEgEdC-488FgEdEdFdEdFdEgEgEdFgEgEgE-42772+9198-2228E","mapping_code":"3_19_48896_16631863","state":1},{"key":"PICTURE_MODE","name":"PICTURE MODE","code":"+9222-4512+612-492+608-490+610fEfGfEfGfEfG-1622GhGhGhGhGhEfEhGhGfEfEhGhGfGhGfEfGhGhGfGfEhGfGhG-42808+9176-2218G","mapping_code":"3_89_48896_16620133","state":1},{"key":"POWER","name":"POWER","code":"+9226-4536+612-490+610d+608dEdFdEdFdFdF-1622EgEgEgEgEgEdFgEdEdFdEdFgEdEdFdEgEgEgEgEdEgEgEgE-42778+9176-2494C","mapping_code":"3_16_48896_16582903","state":1},{"key":"MENU","name":"MENU","code":"+9216-4512+610-490+608dCdEdCdEdEdEdE-1622CfCfCfCfCfCdEfCdCfCfCfCfCdEfCdCfC-492+606dEdCdEfCdEfC-42856+9198-2204+612","mapping_code":"3_94_48896_16611973","state":1},{"key":"UP","name":"UP","code":"+9252-4542+612-490+610d+608dEdFdEdFdEdF-1622EgEgEgEgEgEdE-1620EdFdFgEdFgEdEdFdEgEgEdFgEdEgEgEgE-42778+9202-2220E","mapping_code":"3_20_48896_16591063","state":1},{"key":"DOWN","name":"DOWN","code":"+9216-4512+610-490+608dEdEdCdEdCdEdC-1622CfCfCfCfCfCdEfCfCfCfCfCdEdCdEdEdEdEdEdEfCfCfCfC-42778+9176-2242+612","mapping_code":"3_15_48896_16642063","state":1},{"key":"LEFT","name":"LEFT","code":"+9218-4510+610-490Cd+608dEdCdEdCdEdC-1622CfCfCfCfCfCdCfCdEfCfCfCfCdEdEdEfCdCdEdCdEfEfCfC-42848+9202-2212C","mapping_code":"3_30_48896_16611463","state":1},{"key":"RIGHT","name":"RIGHT","code":"+9216-4550+612-492+608-490Ef+610fEfGfEfGfE-1622G-1620GiGhGhGhGfGiGhGhGfEhGiGfEhGfGfEfGhEfEfGhGfEhG-42800+9176-2240C","mapping_code":"3_91_48896_16636453","state":1},{"key":"ENTER","name":"ENTER","code":"+9300-4546+614-490+610d+608dEdFdEdFdEdF-1622EgEgEgEgEgEdFgEdFgEgEdFdFdE-1620EdFgEdEdFgEgEgEdFgE-42778+9172-2236E","mapping_code":"3_70_48896_16605853","state":1},{"key":"VOLUME_UP","name":"VOLUME UP","code":"+9254-4546+612-490+608d+610dEdFdEdFdEdF-1620F-1622FhFhFhFhFdFhFhFdEhFhFhFdEhFdFdEhC-488FdEdFhFdEhF-42772+9202-2238F","mapping_code":"3_93_48896_16628293","state":1},{"key":"VOLUME_DOWN","name":"VOLUME DOWN","code":"+9254-4532+612-492+610-490+608fGfEfGfEfGfE-1622EhEhEhEhEhEfGhEfE-488EfEiEfGfEhEfGhE-1620EhEhEhEhEfGhE-42782+9202-2218E","mapping_code":"3_64_48896_16581373","state":1},{"key":"CHANNEL_UP","name":"CHANNEL UP","code":"+9248-4530+612-492+608-490Ef+610fEfGfEfGfE-1622G-1620GhGhGhGhGfEhGfEfEhGfEhGfGhGfEhGhGfEhGfGhGfEhG-42786+9202-2214C","mapping_code":"3_84_48896_16591573","state":1},{"key":"CHANNEL_DOWN","name":"CHANNEL DOWN","code":"+9198-4514+612-490+608d+610dEdFdEdFdEdF-1622FgFgFgFgFgFdFgFdEdEgFdEdEdEdEdEgFgFdEgFgFgFgFgF-42852+9202-2220F","mapping_code":"3_4_48896_16589023","state":1}],"_id":"1iIWsA11RX7z4Yue"}
