{"category":"TV","brand":"HISENSE","model":"3690","type":1,"version":"1.0","create_date":1695198911708,"protocol":"HISENSE","map_code":[{"key":"0","name":"0","code":"+4604-4528+608-496+606-490EfE-1620EfEfEfEfEfEfEfEgEfEfEfEfEgEfEfEgEfEfEfEfEfEgEgE-492EgEgEgEgE","mapping_code":"7_9_8_269521007","state":1},{"key":"1","name":"1","code":"+4608-4516+606-490CdCdC-1620CdCdCdCdCdCdCdCeCdCdCdCdCdCdCdCdCdCdCdCdCeCeCeCeCeCeCeCeC","mapping_code":"7_0_8_269484287","state":1},{"key":"2","name":"2","code":"+4594-4520+610-492+606-490EfE-1620EfEfEfEfEfEfEfEgEfEfEfEfEgEfEfEfEfEfEfEfEfEgEgEgEgEgEgEgE","mapping_code":"7_1_8_269516927","state":1},{"key":"3","name":"3","code":"+4608-4514+608-492+606-490EfE-1620EfEf+660dEfEfEfEfEgEfEfEfEfEfEgEfEfEfEfEfEfEgEfEgEgEgEgEgEgE","mapping_code":"7_2_8_269500607","state":1},{"key":"4","name":"4","code":"+4592-4536+608-500+606-490EfE-1620EfEfEfEfEfEfEfEgEfEfEfC-488EgEgEfEfEfEfEfEfEfEfEgEgEgEgEgEgE","mapping_code":"7_3_8_269533247","state":1},{"key":"5","name":"5","code":"+4608-4750+610-492+606-490EfE-1620EfEfEfEfEfEfEfEgEdEfEfEfEfEfEgEfEfEfEfEfEgEgEfEgEgEgEgEgE","mapping_code":"7_4_8_269492447","state":1},{"key":"6","name":"6","code":"+4596-4530+608-494+606-490EfE-1620EfEfEfEfEfEfEfEgE-492EfEfEfEgEfEgEfEfEfEfEfEfEgEfEgEgEgEgEgE","mapping_code":"7_5_8_269525087","state":1},{"key":"7","name":"7","code":"+4622-4502+610-492+606-490EfE-1620EfEfEdEfEfEfEdEgEfEfEfEfEfEgEgEfEfEfEfEfEgEfEfEgEgEgEgEgE","mapping_code":"7_6_8_269508767","state":1},{"key":"8","name":"8","code":"+4606-4544+610-494+606-490EfE-1620EfEfEfEfEfEfEfEgEfEfEfEfEgEgEgEfEfEfEfEfEfEfEfEgEgEgEgEgE","mapping_code":"7_7_8_269541407","state":1},{"key":"9","name":"9","code":"+4604-4528+610-496+606-490EfE-1620EfEfEfEfEfEfEfEgEfEfE-492EfEhEfEfEgEfEfEfEfEgEgEgEhEgEg+608gEgE","mapping_code":"7_8_8_269488367","state":1},{"key":"POWER","name":"POWER","code":"+4606-4524+608-492+606-490EfE-1620EfEfEfEfEfEfEfEgEfEfEfEfEgEgEfEgEfEfEfEfEfEdEgEfEgEgEgEgE","mapping_code":"7_11_8_269537327","state":1},{"key":"INPUT","name":"INPUT","code":"+4608-4524+608-496+606-490EfE-1620EfEfEfEfEfEfEfEgEfEfEfEfEfEgEgEfEgEfEfEfEgEfE-492EgEfEgEgEgE","mapping_code":"7_22_8_269510807","state":1},{"key":"MENU","name":"MENU","code":"+4594-4520+608-492+606-490EfE-1620EfEfEfEfEfEfEfEgEfEfEfEfEfEfEgEgEgEfEfEfEgEgEfEfEfEgEgEgE","mapping_code":"7_28_8_269498567","state":1},{"key":"UP","name":"UP","code":"+4604-4520+610-492+606-490EfE-1620EfEfEfEfEfEfEfEgEfEfEfEfEfEfEfEfEgEfEfEfEgEgEgEgEfEgEgEgE","mapping_code":"7_16_8_269486327","state":1},{"key":"DOWN","name":"DOWN","code":"+4740-4508+608-492+606-490EdE-1620EfEfEfEfEfEfEfEgEfEfEfEfEgEfEfEfEgEfEfEfEfEgEgEgEfEgEgEgE","mapping_code":"7_17_8_269518967","state":1},{"key":"LEFT","name":"LEFT","code":"+4596-4524+606-490CdCdC-1620CdCdCdCdCdCdCdCeCdCdCdCdCeCeCdCdCeCdCdCdCdCdCeCeCdCeCeCe+608","mapping_code":"7_19_8_269535287","state":1},{"key":"RIGHT","name":"RIGHT","code":"+4604-4524+606-490CdCdC-1620CdCdCdCdCdCdCdCeCdCdCdCdCdCeCdCdCeCdCdCdCeCdCeCeCdCeCeCeC","mapping_code":"7_18_8_269502647","state":1}],"_id":"jx5MF6AWcZN2HNz0"}
