{"category":"TV","brand":"HISENSE","model":"3698","type":1,"version":"1.0","create_date":1695180804784,"protocol":"HISENSE","map_code":[{"key":"0","name":"0","code":"+9188-4510+612-490+608-488EfEfEfEfE-1616+610fE-1618EiHgHgHiEiEfEiHfEiEiEiEfEfEfEfEiEfEfEfEiEiEiEiE-41624A-2202C","mapping_code":"3_14_64_50163855","state":1},{"key":"1","name":"1","code":"+9262-4516+612-490+608-488EfEfEfEfE-1618EfE-1616+610gEgEgEgEgEfEgEgEfEhIgEfEfEfEfEfEgEfEfEgEgIhIgE-41616+9188-2208I","mapping_code":"3_13_64_50180175","state":1},{"key":"2","name":"2","code":"+9186-4514+612-488+608dEdEdEdEdE-1616+610dE-1618EhEhGfGfGhEdEhEhGdEdEhGfGdEdEdEdEfGhEdEdEhEhEhE-41622+9190-2214E","mapping_code":"3_25_64_50174055","state":1},{"key":"3","name":"3","code":"+9214-4526+612-490+608-488EfEfEfEfE-1616+610fE-1618EiEiHgHgHiEfEiHgHgHfEiEiEfEfEfEfEfEiEfEfEiEiEiE-41590+9184-2202H","mapping_code":"3_27_64_50190375","state":1},{"key":"4","name":"4","code":"+9188-4512+610-490+608-488EfEfEfEfE-1618CfEgEgEgEgC-1616ChCfEgEgEfEfEfEgEfEfEfEfEgEgEgEfEhCgEgE-41606A-2206C","mapping_code":"3_17_64_50169975","state":1},{"key":"5","name":"5","code":"+9184-4514+612-490+608-488EfEfEfEfE-1616+610fE-1618EiEiHgH-1622+604gHfEiHgHfEiEfEgHfEfEfEfEgHfEiEfEiEiEiE-41616+9188-2208C","mapping_code":"3_21_64_50178135","state":1},{"key":"6","name":"6","code":"+9186-4514+610-488+608dEdEdEdEdE-1618EdE-1616CgCfEfEfEfEdEfEfEfEfEdEfEdEdEdEdEdEdEfEdEfEfCgC-41586+9212-2222C","mapping_code":"3_23_64_50194455","state":1},{"key":"7","name":"7","code":"+9188-4518+610-490+608-488EfEfEfEfE-1618EfEgEgEgEgEgC-1616CfEgEfEhCfEfEgEdEfEfEgEfEgEgEfEgEgEgE-41560+9162-2206C","mapping_code":"3_18_64_50153655","state":1},{"key":"8","name":"8","code":"+9180-4562+612-494+608-488EfEfEfEfE-1618EfE-1616+610gEgEgEgEgEfEgEfEhIhIfEgIfEfEfEgEfEfEgEfEhIhIgE-41552+9162-2206I","mapping_code":"3_22_64_50161815","state":1},{"key":"9","name":"9","code":"+9188-4512+610-488+608dEdEdEdEdE-1616CdE-1618EgEgCfCfCfCdEgEgEgCdEdEdEdEdEdEdEdEgCfCgEgEgEgE-41616A-2206E","mapping_code":"3_3_64_50184255","state":1},{"key":"MUTE","name":"MUTE","code":"+9158-4526+610-490+608-488EfEfEfEfE-1618EfEgEgEgEgEgC-1616CfEgEgEgEfEgEfEfEfEfEfEfEgEfEhCgEgEgE-41606+9188-2206E","mapping_code":"3_11_64_50188335","state":1},{"key":"INPUT","name":"INPUT","code":"+100-45290+9190-4562+612-502+608-488GhGhGhGhG-1618GhG-1616+610jKiGiGiGiGhGiGhGhGhGhGhGhGiGhGiKjKjKiGiGiGhGiG-41548+9162-2212G","mapping_code":"-1_0_0_1474935117","state":1},{"key":"EXIT","name":"EXIT","code":"+9184-4526+612-490+608-488EfEfEfEfE-1618EfEgEgEgEgEg+610-1616HfEgEgEfEgEgEgEfEfEfEfEgEfEfEfEiHiHgE-41598+9190-2204C","mapping_code":"3_29_64_50182215","state":1},{"key":"LAST","name":"LAST","code":"+9188-4508+612-490+608-488EfEfEfEfE-1618+610fEgEgEgEgH-1616HiHfEgEgEgEgHfEgEfEiHfEfEfEfEgEfEgEfEgE-41544A-2234C","mapping_code":"3_87_64_50194965","state":1},{"key":"DISPLAY","name":"DISPLAY","code":"+9210-4518+612-490+608-488EfEfEfEfE-1618+610fEgEgEgH-1616HiHiHfEgEgEgHfEfEgHfEfEfEfEfEgEgEfEgEgEgE-41568+9188-2222C","mapping_code":"3_19_64_50186295","state":1},{"key":"POWER","name":"POWER","code":"+9158-4522+612-490+608-488EfEfEfEfE-1618EfE-1616+610hIhIhIgEgEfEhIfEfEfEfEhIfEfEfEgEgIhIgEfEgEgIhI-41612+9190-2208I","mapping_code":"3_16_64_50137335","state":1},{"key":"MENU","name":"MENU","code":"+9238-4524+610-490+608-488EfEfEfEfE-1616CfE-1618EhEhEhCgCgCfEhEfEgChEhEhEfEgCfEgEfEfEfEfEhEfEhE-41550+9162-2206E","mapping_code":"3_94_64_50166405","state":1},{"key":"UP","name":"UP","code":"+9214-4518+612-490+608-488EfEfEfEfE-1618EfEg+610-1616EgHiHgEgEfEiHfEfEiHfEgEfEfEfEiHgEfEgEfEgEgEgE-41686+9186-2230C","mapping_code":"3_20_64_50145495","state":1},{"key":"DOWN","name":"DOWN","code":"+9188-4514+612-490+608-488EfEfEfEfE-1618EfEgEgEgEgEgEg+610fEgEgEgEgEgHfEfEfEfEfEfEfEfE-1616HgEgEgE-41616A-2210H","mapping_code":"3_15_64_50196495","state":1},{"key":"LEFT","name":"LEFT","code":"+9214-4536+610-490+608-488EfEfEfEfE-1618EfEgEgEgEgEgEgCfEgEfE-1616CgEgEgEfEfEfEgCfEfEfEfEgChCgE-41554+9162-2206E","mapping_code":"3_30_64_50165895","state":1},{"key":"RIGHT","name":"RIGHT","code":"+9212-4540+610-490+608-488EfEfEfEfE-1618EfE-1616ChCgEgEgEgEfEgEgEgEfEhChCfEgEfEfEfEgEfEfEgEfEhC-41588+9160-2218E","mapping_code":"3_91_64_50190885","state":1}],"_id":"7SpYG7JM5zNI3dcx"}
