{"category":"TV","brand":"HISENSE","model":"377","type":1,"version":"1.0","create_date":1695183085752,"protocol":"HISENSE","map_code":[{"key":"0","name":"0","code":"+8672-4288+586-474+584-1542E-464+582gEgHgEgHgE-4232C-1544EgEgHfEfEgEgHgE-25388+8648-4256C-470HfEgHgHgHgHgHgHiEfEgHgHjEfEgHgEgH","mapping_code":"39_152_64_16536","state":1},{"key":"1","name":"1","code":"+8726-4274+586-464+582-1542+584dEdEdEdEdGdE-4268C-476EdEdEdGfGdEdEdE-27578+8646-4280C-470GfGdEdGdEdGdEdG-4232GdEdGdEdGfGdEdEdE","mapping_code":"39_8_64_16392","state":1},{"key":"2","name":"2","code":"+8696-4250+586-464+584-1542Ed+582dEdGdEdGdE-4232C-1544EdEdGdEfEdGdEdG-26474+8648-4288C-478GfEdEdGdGdGdGdGhEfEdGdGdEfEdGdEdG","mapping_code":"39_136_64_16520","state":1},{"key":"3","name":"3","code":"+8726-4272+586-466+582-1542+584-464EhEhGhEhGhE-4248ChEfGhEhE-1544GhEhGhE-26470+8648-4258C-468GfGhEhEhEhEhEhG-4232GhEfGhEhGfGhEhEhE","mapping_code":"39_72_64_16456","state":1},{"key":"4","name":"4","code":"+8700-4282+586-466+582-1542+584-464EhEhEhGhEhG-4232C-1544GfGhEhGfGhEhEhE-25388+8650-4240ChEjGhEhEhEhEhEhGiGfGfGhEhEfGhEhEhE","mapping_code":"39_200_64_16584","state":1},{"key":"5","name":"5","code":"+8726-4278+586-464+582-1542+584dEdGdEdEdEdE-4234GdEdGfGdEfGdEdEdE-26470+8648-4242CdGfGdEdEdEdEdGdE-4232GdEdEfGdEfGdEdEdG","mapping_code":"39_40_64_16424","state":1},{"key":"6","name":"6","code":"+8698-4244+586-466+582-1542+584-464GhEhGhEhEhE-4234GfGhE-1544GhEjGhEhEhE-25390+8648-4266ChGfGhEhGhEhGhEhE-4236C-1612C-470EfGhGfGhEhEhE","mapping_code":"39_168_64_16552","state":1},{"key":"7","name":"7","code":"+9016-4622+638-470+582-1544+584-464EhGhEhEhEhG-4232GhE-1542GjGhGjGhEhEhE-25396+8648-4282+586-474EjGhEhEhEhEhEhE-4234EhEjGjGhGjGhEhEhE","mapping_code":"39_104_64_16488","state":1},{"key":"8","name":"8","code":"+8724-4268+586-464+584-1542Ed+582dEdGdEdGdG-4250C-1552EfEfE-468+578fEdGdGdG-24308+8648-4240C-466GfEdGdGdEdE-462GdG-4232EfEfEfEdGfC-478GdGdG","mapping_code":"39_232_64_16616","state":1},{"key":"9","name":"9","code":"+8724-4282+586-472+582-1542+584-464EhEhEhEhEhE-4234EhEhEhEfGfGhGhEhG-26516+8674-4268ChEfGhEhGhEhGhEhG-4232C-466EhEhEfGfGhEhEhE","mapping_code":"39_24_64_16408","state":1},{"key":"MUTE","name":"MUTE","code":"+8670-4266+586-466+582-1542+584-464EhEhEhEhE-484E-4232GfGhEhEfGhEhEhGhE-26522A-4246ChEfGhEhEhGhEhEhEjGfGhEhEfGhEhEhEhE","mapping_code":"39_144_64_16528","state":1},{"key":"LAST","name":"LAST","code":"+8696-4250+586-464+582-1542+584dE-480EdEdGdEdG-4232GdEfGdEfGdEdEdEdE-26514+8646-4264GdEfGdGdEdGdEdGdE-4234+612-472GfGdEfGdEdEdEdE","mapping_code":"39_80_64_16464","state":1},{"key":"POWER","name":"POWER","code":"+8696-4248+586-464+582-1542+584dEdEdEdEdEdE-4232GdEfGfGfGdGdEdEdE-25460+8674bGdGfGdEdGdEdGdEdGhCdGfGfGfGdEdGdEdG","mapping_code":"39_112_64_16496","state":1},{"key":"MENU","name":"MENU","code":"+8670-4270+584-464C-1542Cd+582dCdFdCdFdC-4232+586dCdFdCeCeCdFeCdF-25390+8648-4244HdF-1544CdFdCdFdFdFdF-4280+608-472HdFdFeCeCdFlCdF","mapping_code":"39_26_64_16410","state":1},{"key":"UP","name":"UP","code":"+8670-4270+586-464+582-1542+584dEdEdEdEdGdE-4232GfGdEdEdEdEdEdEdE-27602+8648-4296C-470GfGdEdGdEdGdEdE-4234G-1546GdEdEdEdGdEdGdE","mapping_code":"39_128_64_16512","state":1},{"key":"DOWN","name":"DOWN","code":"+8696-4286+586-474+584-1542E-464+582gHgHgEgHgE-4232EgHfEgHgEgHgHgHgH-27576+8648-4250EgEfEgHgHgHgHgHgHiEgEfEgHgEgHgEgHgH","mapping_code":"39_64_64_16448","state":1},{"key":"LEFT","name":"LEFT","code":"+8692-4252+586-466+582-1542+584-464EhEhEhEhEhE-4546C-500C-478C-1544GhEhEhEdEhE-27552+8648-4240CdEfGhEhEhEhEhEhG-4232GhEhEfGhEhEhE-484EhE","mapping_code":"39_32_64_16416","state":1},{"key":"RIGHT","name":"RIGHT","code":"+8696-4286+586-474+582-1542+584-464GhEhGhEhGhE-4232GfG-1544GhEhGhEhGhEhG-26470+8674-4242GhEfGhGhEhEhEhEhEiGfGfGhGhEhGhEhGhE","mapping_code":"39_192_64_16576","state":1}],"_id":"UVFa5mWOfAmvPCvK"}
