{"category":"TV","brand":"HISENSE","model":"382","type":1,"version":"1.0","create_date":1695173872506,"protocol":"HISENSE","map_code":[{"key":"0","name":"0","code":"+9220-4536+610-498+608-490E-1624EgEgEfE-492+606hEgEhIhEhIhEgEgEhIhEhIgEgEgEhIgEgEgEgEhIhEhIhEhIhEhIhEgEgEgEgEgEgEgIgE-26960+9198-4506E","mapping_code":"22_0_1808_971080925439","state":1},{"key":"1","name":"1","code":"+9222-4510+610-494+608-490E-1624EgEgE-492Eh+606hEgEhIhEhIhEgEgEhEfEhEgEgEgEhEgEgEgEgEgEhEhIhEhIhEhIhEhIgEgEgIgEgEgEgE-26996+9200-4522E","mapping_code":"22_128_1808_971080958079","state":1},{"key":"2","name":"2","code":"+9248-4530+612-494+608-490E-1624EgEgE-492EfEhEgEh+606hEhIhEgEgEhEfEhIgE-1626+604gEhIgEgEgEgEhIgEhEhIhEhIhEhIgEhEgEgEgEgEgEgE-26944+9174-4538+610","mapping_code":"22_64_1808_971080941759","state":1},{"key":"3","name":"3","code":"+9196-4532+610-494+608-492+606-1624E-1622EhEfGfEfGhEfEfGfEfGhEhE-490EfEjEhEhEhEfEiEhEhEhEhEhEfGfGfEfEjEfEjEfGhEiEhEhEhEhE-26996+9200-4518C","mapping_code":"22_192_1808_971080974399","state":1},{"key":"4","name":"4","code":"+9222-4514+610-492+608-490E-1624EgE-1622EfEdEfEgEdEfEd+606dEgEgEdEfEdE-1626IgEgEdIgEgEgEgEdIdEgEdIdEdIdEdIgEhEdIgEgEgEgEgE-27000+9200-4522E","mapping_code":"22_32_1808_971080933599","state":1},{"key":"5","name":"5","code":"+9198-4516+608-492C-490C-1624CfCfCeCd+606dCfCdCeCdCdGfCfCdCdGdCfCfCfCdGfCfCfCfCfCdCfCdGdCdGdCdGdCfCdGfCfCfCfCfC-26990AbC","mapping_code":"22_160_1808_971080966239","state":1},{"key":"6","name":"6","code":"+9210-4510+610-492+608dE-1624EfE-1630Ed+606dEdE-1622EdH-496+602dHdEfEfE-490EdEdHfEfEfEdHfEfEfEfEdEfEfEdEdHdEdEdHfEdEdHfEfEfEfEfE-26984+9226-4534C","mapping_code":"22_96_1808_971080949919","state":1},{"key":"7","name":"7","code":"+9196-4588+610-506+606-492E-1624+608gHgHfHfEfHgHfEfHfEfHgHgHfEfHfH-1622HiHgHfEgHgHiHgHgHgHgHfHfEfHfEfHfEfHfEgHgHgHgHgH-26948+9198-4514H","mapping_code":"22_224_1808_971080982559","state":1},{"key":"8","name":"8","code":"+9220-4510+610-492+608-490E-1624EgEgEfEdEfEgEdEfEdEfEgEgEdEd+606dEgEgEgEdEgEgEgEgEdEdHdEgEdHdEdHdEgEgEgEdEgEgEgEgE-26994+9200-4518E","mapping_code":"22_16_1808_971080929519","state":1},{"key":"9","name":"9","code":"+9212-4522+610-492+608d+606-1624EgE-1622E-490EdEiEgEdEiEdEiEgEgEdEdFdEgEgEgEdFgEgEgEgEgEdEdFgEdEdFdEdFdEgEgEdEgEgEgEgE-26988+9200-4520E","mapping_code":"22_144_1808_971080962159","state":1},{"key":"MUTE","name":"MUTE","code":"+9220-4552+612-500+608-494+606-1622E-1624EiE-492GjE-490EiEjEjGjEjGiEiEjGjEjGiEiEiEkEiEiEiEiEjEiEiEjEiEjGjEjGiEjEjGiEjGiEiEiE-26926+9200-4520E","mapping_code":"22_104_1808_971080951959","state":1},{"key":"INPUT","name":"INPUT","code":"+9198-4516+608-490C-492C-1624CfCfCe+606eCeGfCeGeCeGeCfCfCeCdCeGfC-1622CfCeGfCfCfCfCfCfCeCfCeGeCeGeCeGeCfCeGfCfCfCfC-26996+9200-4522C","mapping_code":"22_208_1808_971080978479","state":1},{"key":"INFO","name":"INFO","code":"+9236-4534+610-492+608-490E-1624EgEgEfEdEfEgEdEfEdEfEgEgEdEdEfEgEgEgEdEgEgEgEgEgEgEdEgEgEdEd+606dEdHdHgEdHdEgEgEgE-26926+9198-4512C","mapping_code":"22_216_1808_971080980519","state":1},{"key":"SLEEP","name":"SLEEP","code":"+9252-4534+610-492+608dE-1622E-1624EgEd+606dEdEfE-490EdEiEdEfEgEdHdEiEgEgEgEdEgEgEgEgEdEdHdEgEgEdEdHdEgEgEgEdHdHgEgEgH-26946+9200-4522E","mapping_code":"22_24_1808_971080931559","state":1},{"key":"LAST","name":"LAST","code":"+9222-4514+610-492+608-490E-1624EgEgEdEd+606dEgEd+612-486EdEfEgEgEdEdHdEgEgEgEdHgEgEgEgEdHgEdHgEgEdEdHdEgEdHgHdEdHgEgEgE-26996+9200-4518E","mapping_code":"22_88_1808_971080947879","state":1},{"key":"POWER","name":"POWER","code":"+9198-4526+608-490+610dC-1622C-1624CgC-492Cd+606hIgCdChCdChCfCgChIhCdCgCgCgChIgCgCgCgChIgChChIgChChIhCgC-496+602gCgChIgCgCgC-26986+9200-4518E","mapping_code":"22_72_1808_971080943799","state":1},{"key":"MENU","name":"MENU","code":"+9186-4514+608-490C-492C-1624CfCfCdCeCdCfCeCeCdCeCfCfCeCe+606eCfCfCfCeCfCfCfCfCeGfCfCfCeCeGeCeGfCeGeCeGfGfCfCfC-26980+9196-4508C","mapping_code":"22_112_1808_971080953999","state":1},{"key":"UP","name":"UP","code":"+9200-4518+608-492Cd+606-1624CfCfC-490CdCgCfCdCdEdCgCfCfCdCdEdCfCfCfCdCfCfCfCfCfCfCdCdEfCdCdEdCdEdCfCfCdEfCfCfC-26990AbC","mapping_code":"22_200_1808_971080976439","state":1},{"key":"DOWN","name":"DOWN","code":"+9250-4530+610-492+608-490E-1624EgEgEfEd+606dEgEdEfEdEfEgEgEdEdHdEgEgEgEdE-1622EgEgEgEgEgEgEdEgEdEfEdHdEdHdEgEdEgEgEgE-26930+9198-4514E","mapping_code":"22_232_1808_971080984599","state":1},{"key":"LEFT","name":"LEFT","code":"+9184-4576+610-502+608-492E-1622EgE-1624Ef+606fEfIhEfEfIfEfIhEhEfEfIfEhEhEhEfEhEhEhEhEfEfIhEfEhEfIfEfIhEhEfIhEfEhEhEhE-26926+9198-4510E","mapping_code":"22_40_1808_971080935639","state":1},{"key":"RIGHT","name":"RIGHT","code":"+9198-4576+612-506+608-490E-1624EgEgE-492Eh+606hEgEhIhEhIhEgEgEhEfEhEgEgEgEhIgEgEgEgEhIhEhIhEgEhIhEhIgEgEgEgEhIgEgEgE-26932+9170-4536E","mapping_code":"22_8_1808_971080927479","state":1},{"key":"ENTER","name":"ENTER","code":"+9210-4522+610-494+608-492+606-1624E-1622EhEfGfEfGhE-490EfEjEfGhEhEfGfE-496+602hEhEhEfEhEhEhEhEfEhEhEhEhEfEfGfEhEfEjEfGfEhEhEhE-26988+9200-4516C","mapping_code":"22_120_1808_971080956039","state":1}],"_id":"JRVCgRLdw9Xj3jJL"}
