{"category":"TV","brand":"HISENSE","model":"415348076","type":1,"version":"1.0","create_date":1695174797923,"protocol":"HISENSE","map_code":[{"key":"MENU","name":"MENU","code":"+9360-4590+618-498+616-496EfEfEfEfEfEfE-1640EgEgEgEgC-1638CfEgEfEfEgEgCfEfEfEfEgChCfEfEhChCgEgE-45300+9308-2244E","mapping_code":"3_12_48896_16593103","state":1},{"key":"0","name":"0","code":"+9326-4598+618-500+614-498EfEfEfEfEfEfE-1642+616-1640HiHiHiHiHfEiHfHiEfEfEfEfHfEfEgHfEiHgEgEgHiHiH-45298+9278-2262C","mapping_code":"3_2_48896_16597183","state":1}],"_id":"MqTpVAWQxz6ZgiPj"}
