{"category":"TV","brand":"HISENSE","model":"497","type":1,"version":"1.0","create_date":1695118143928,"protocol":"HISENSE","map_code":[{"key":"POWER","name":"POWER","code":"+924-892+1844-834+950-836+948fEfGfEfGfE-1730EfCfE-21226E-862CfGfEfGfEfEdEfGhGfCdE","mapping_code":"1_12_0_12","state":1},{"key":"0","name":"0","code":"+962-844+950-836+1844d+948dCdFdCdFdFdCdCdFdC-21166+952-842FdEdFdCdFdCdFdCdFdCdFdC","mapping_code":"1_0_0_2048","state":1},{"key":"1","name":"1","code":"+926-886+1844-834+950-836+948fEfGfEfGfEfGfEfG-1730G-20320+952-856CfGfEfGfEfGfGfGfEfGfEhE","mapping_code":"1_1_0_1","state":1},{"key":"2","name":"2","code":"+974-844+950-836+1844d+948dCdFdCdFdFdFdC-1730E-21228+952-856CdE-834CdFdFdFdCdFdCdFgE","mapping_code":"1_2_0_2050","state":1},{"key":"3","name":"3","code":"+918-886+1844-836+948dEd+950dF-834FdEdFdEdF-1730FdE-20270+952-842CdEdEdEdFdEdFdEdFdEhEdF","mapping_code":"1_3_0_3","state":1},{"key":"4","name":"4","code":"+966-844+950-836+1844d+948dCdFdCdFdCdF-1730EdC-21168+952bFdEdFdFdFdCdFdFdCgEdF","mapping_code":"1_4_0_2052","state":1},{"key":"5","name":"5","code":"+964-846+1844-834+950-836+948fGfGfEfGfEfG-1730ChE-20274+952bCfGfGfGfGfEfGfGfGhChG","mapping_code":"1_5_0_5","state":1},{"key":"6","name":"6","code":"+972-844+950-836+1844-834Cd+948dCdGdCdGdC-1730CdE-21206+952-850GdEdGdGdGdCdGdCdGhGdE","mapping_code":"1_6_0_2054","state":1},{"key":"7","name":"7","code":"+926-888+1844-834+950-836+948fEfG-838+946fGfEfG-1730GfGfG-20270+952-842CfGfEfGfEfGfGfGfGjEfGfL","mapping_code":"1_7_0_7","state":1},{"key":"8","name":"8","code":"+924-890+950-836+1844dC-834CdCd+948dGdG-1730E-838CdG-21188+952-844CdEdGdCdGdCdGdChEdGdC","mapping_code":"1_8_0_2056","state":1},{"key":"9","name":"9","code":"+928-886+1844-836+948d+950dEdFdEdFdE-1730C-834FgF-20338+952-858CdEdFdEdFdEdFdEgC-838FgF","mapping_code":"1_9_0_9","state":1},{"key":"MUTE","name":"MUTE","code":"+926-886+1844-836+948dEdEd+950dEdFdE-1762EdC-1730F-20266+952-842CdEdFdEdFdEdFdEhEdChF","mapping_code":"1_13_0_13","state":1},{"key":"INPUT","name":"INPUT","code":"+966-844+948-836+1844dCd+950dCdFdC-1730EdCgE-21188+952-854FdEdF-834FdCdFdCgEkFgE","mapping_code":"1_18_0_2066","state":1},{"key":"SLEEP","name":"SLEEP","code":"+926-888+1844-834+950-836+948fEfGfE-1730CfGhGfC-21216+952-856CfGfGfEfGfEhCfGhGfC","mapping_code":"1_38_0_38","state":1},{"key":"EXIT","name":"EXIT","code":"+916-890+950-836+1844-834Cd+948dCdG-1754GdE-1730CdGdC-20266+952-842GdEfCdGdCdGiGdEiC-838CfC","mapping_code":"1_55_0_2103","state":1},{"key":"LAST","name":"LAST","code":"+964-844+1844-834+950-836+948fEfGfE-1730CdEfGhC-21162+952-840CdEfGfEfGfGhCkEfGhC","mapping_code":"1_34_0_34","state":1},{"key":"DISPLAY","name":"DISPLAY","code":"+926-886+950-836+1844-834Cd+948dCdGdCdG-1730GdCdGdC-20266+952-842CdEdGdGdGdCdGdGhCdGdGdG","mapping_code":"1_15_0_2063","state":1},{"key":"PICTURE_MODE","name":"PICTURE MODE","code":"+972-844+1844-834+950-836+948fEfGfEfG-1730GfEfCfG-21164+952-842CfGfEfGfEfGfEhGfGfCdE","mapping_code":"1_28_0_28","state":1},{"key":"SOUND_MODE","name":"SOUND MODE","code":"+920-888+948-836+1844dCdCdCdCdC-1730CdCdEf+950-20350+974-842CdE-834GdCdGdCdGfGdCdEfC","mapping_code":"1_29_0_2077","state":1},{"key":"MENU","name":"MENU","code":"+920-886+948-836+1844-834+950dCdGdC-1730EhCdGdE-21236G-862CdEdCdGfGdGhEhCdGdE","mapping_code":"1_46_0_2094","state":1},{"key":"UP","name":"UP","code":"+974-844+1846-834+950dE-836Ef+948fE-1730Ef+1844fGhI-21248E-866+1840fEfGfGfGfEhEfIfGhI","mapping_code":"1_50_0_50","state":1},{"key":"DOWN","name":"DOWN","code":"+974-844+950-836+1844-834CfCdCfC-1730+948dEgEgH-20280+952bCdEdH-838+946dHdCgCdEgEgC","mapping_code":"1_53_0_2101","state":1},{"key":"LEFT","name":"LEFT","code":"+974-844+1844-836+948d+950dEdFdE-1730EdCgEdC-21162+952-842CdEdFdEdFdEgEdCgEdC","mapping_code":"1_54_0_54","state":1},{"key":"RIGHT","name":"RIGHT","code":"+974-844+950-836+1844-834Cd+948dCdG-1730Gd+1846-1728EfC-21172+952-846CdEdCfCdGdChCdEhEdG","mapping_code":"1_52_0_2100","state":1},{"key":"ENTER","name":"ENTER","code":"+924-890+1844-834+948-836Ef+950dGfE-1730GfChGfEfG-20348+952-864CdGfEfGfEfGhGfChEfGfE","mapping_code":"1_55_0_55","state":1},{"key":"VOLUME_UP","name":"VOLUME UP","code":"+974-844+950-836+1844-834Cd+948dCdGdC-1730EdCdGdC-21166+952bCdEfCdGdCdGdChEfCdGdC","mapping_code":"1_16_0_2064","state":1},{"key":"VOLUME_DOWN","name":"VOLUME DOWN","code":"+926-886+1844-836+948d+950dEdFdEdF-1730C-838EdFgF-20332F-862C-834FkFdFkFdEdFgCdEdFgF","mapping_code":"1_17_0_17","state":1},{"key":"CHANNEL_UP","name":"CHANNEL UP","code":"+926-886+950-836+1844-834Cd+948dCdG-1730EdGdCdGdC-21162+952-842GdEfCdCfCdGhEfCdGdGdG","mapping_code":"1_32_0_2080","state":1},{"key":"CHANNEL_DOWN","name":"CHANNEL DOWN","code":"+974-844+1844-836+948d+950dEdFdE-1730C-834FhFdEgF-20280+952-846ChFdFhFdEdFg+1842-838FdFhFgE","mapping_code":"1_33_0_33","state":1}],"_id":"8SLWk7Sxc7Pph4HP"}
