{"category":"TV","brand":"HISENSE","model":"5006","type":1,"version":"1.0","create_date":1695096598886,"protocol":"HISENSE","map_code":[{"key":"0","name":"0","code":"+9332-4588+624-508+622-500E-502+620gEgHgEgHgE-1656EiEiEiEiEiEgHiEgEgHgEgHgHgHgEgHiEiE-1658HjEiEiEiEiE-43048+9336-2286C","mapping_code":"3_0_48896_16580863","state":1},{"key":"1","name":"1","code":"+9354-4596+624-504+622-502+620fEfGfGfGfGfG-1656EhEhEhEhEhEfGhEhEfGfGfEfGfGfGfEfGhE-1658GiGiEhEhEhE-43100+9334-2282C","mapping_code":"3_1_48896_16613503","state":1},{"key":"2","name":"2","code":"+9332-4592+624-512+620-502EfEf+622fEfGfEfE-1656GhGhGhG-1658EiGfEhGfEiGfEfGfEfEfEfEiGfEhGiEiGhGhGhG-43116A-2280C","mapping_code":"3_2_48896_16597183","state":1},{"key":"3","name":"3","code":"+9332-4578+624-504+622-502+620fEfGfGfGfEfG-1656EhEhEhE-1658EhEfGhEhEiEfGfEfGfEfGfEfGfEhEhEhEhEhEiG-43120A-2286E","mapping_code":"3_3_48896_16629823","state":1},{"key":"4","name":"4","code":"+9332-4588+624-504+622-502+620fEfGfGfGfGfG-1656EhEhEhEhE-1658GfG-1674GfGfGiEfGfEfGfGfGhEiGfGhEhEhEiGiG-43098+9386-2288C","mapping_code":"3_4_48896_16589023","state":1},{"key":"5","name":"5","code":"+9332-4592+624-510+622-502+620fEfGfGfGfEfG-1656EhEhEhE-1658EhEfGhEhEfGhEfEfGfEfGfGfGhEfGiGiEhEhEhE-43082+9334-2268C","mapping_code":"3_5_48896_16621663","state":1},{"key":"6","name":"6","code":"+9332-4624+624-520+620-502+622fEfGfEfGfEfE-1656GhGhGh+626-1652GhGfGhGfEhGhGfEfEfEfEfEhGfEfEhGhG-1660+618-1658EmG-43044A-2292C","mapping_code":"3_6_48896_16605343","state":1},{"key":"7","name":"7","code":"+9332-4580+624-504+620-502+622fEfGfEfEfEfE-1656GhGhGhG-1658GhGfEhGhGhGiEfEfGfEfEfEfEfEfEiEiEiGhGhG-43128+9330-2284C","mapping_code":"3_7_48896_16637983","state":1},{"key":"8","name":"8","code":"+9332-4594+624-504+620-502+622fEfGfEfGfEfG-1656GhGhGhGhGhGfEhGfEfEfEhGfEfGfEfE-1658GhGhGfEiEiGhGhG-43042+9334-2286C","mapping_code":"3_8_48896_16584943","state":1},{"key":"9","name":"9","code":"+9332-4578+624-504+622-502+620fEfGfGfGfEfG-1656EhEhEhE-1658EhEfGhEhEfGfGiEfGfGfGfGfGhEhEfGhEhEhEhE-43116+9360-2266C","mapping_code":"3_9_48896_16617583","state":1},{"key":"FAST_FORWARD","name":"FAST FORWARD","code":"+9332-4578+624-504+620-502+622fEfGfEfGfEfG-1656GhGhGhGhGhGfEhGfE-1658GhGfEiEfEhGfEiGfEfEhGfEhGfEhG-43044+9308-2270G","mapping_code":"3_86_48896_16607893","state":1},{"key":"PLAY","name":"PLAY","code":"+9332-4580+624-504+622-502E-500Ef+620fHfHfHfH-1656EiEiEiEiEiEfEiEfHiEiE-1658HfHfHjHfHiEfHfHfEiEiEfHjH-43036+9308-2276C","mapping_code":"3_78_48896_16609933","state":1},{"key":"MUTE","name":"MUTE","code":"+9332-4594+624-504+620-502EfEfEfEf+622fEfG-1656GhGhGhGhGhGfGhGfEhG-1658GhGfEfEfEfEiGfEfGfEhGiEiEiE-43056+9334-2290C","mapping_code":"3_14_48896_16609423","state":1},{"key":"INPUT","name":"INPUT","code":"+9332-4578+624-504+622-502+620fEfGfEfGfGfG-1656E-1658EhEhEhEhEfGhEfGhEfGfGiGfGfGfEhEfGiGiGfGhEhEhE-43110+9334-2274C","mapping_code":"3_18_48896_16599223","state":1},{"key":"REWIND","name":"REWIND","code":"+9332-4584+624-504+620-502+622fEfGfEfEfEfG-1656GhGhGhGhGhGfGhGhGhGhGfEhGfEhGfEfEfEfE-1658EfEhGfEhG-43098A-2262C","mapping_code":"3_87_48896_16640533","state":1},{"key":"SLEEP","name":"SLEEP","code":"+9332-4592+624-504+622-502+620fEfGfEfGfGfG-1656EhEhEhEhE-1658EfGhEfGhEfGhEiGfGfEfGhEfEhEfGfGhEhEhE-43114+9360-2274C","mapping_code":"3_26_48896_16603303","state":1},{"key":"EXIT","name":"EXIT","code":"+9332-4612+624-516+620-502EfEfEf+622fEfEfG-1656GhGhGhGhG-1658EfEhGfEfEhGiEiEfEhGfEiGhGfEfEfEhGfEhG-43122+9360-2278C","mapping_code":"3_92_48896_16595653","state":1},{"key":"LAST","name":"LAST","code":"+9332-4578+624-504+620-502+622fEfGfEfGfEfE-1658EhG-1656GiGiGiGfEiGiGiGfEiGfEfEfEfGfEfGiGfEhEhGiGiG-43114+9334-2272C","mapping_code":"3_11_48896_16633903","state":1},{"key":"DISPLAY","name":"DISPLAY","code":"+9334-4592+624-504+622-502+620fEfGfEfGfEfG-1656EhEhEhEhEhEfGhEfGfGhEhEfGfGfGfG-1658GiEfGfEhEhEhEhE-43130+9358-2262E","mapping_code":"3_12_48896_16593103","state":1},{"key":"PREVIOUS","name":"PREVIOUS","code":"+9332-4582+622-502Cd+620dCdEdCdEdCdE-1656CfCfCfCfCfCdEfCdEdEfC-500CfCdEdCdCfCfCdEfCdCfCfCfC-43120+9334-2274+624","mapping_code":"3_20_48896_16591063","state":1},{"key":"MENU","name":"MENU","code":"+9332-4580+624-504+622-502+620fEfGfE-500EfGfE-1656EiEiEiEiEiEfGiEfEfGfEiEiEfGiEfGiEiEiEfEfGiEfGiE-43128+9356-2276C","mapping_code":"3_88_48896_16587493","state":1},{"key":"DOWN","name":"DOWN","code":"+9334-4584+624-502+622-500EdEfEdEfEdEfE-1656EgEgEgEgEgEd+620gEgEgEgEdHgEdEdHdEdHdEdHgEfEgEgEgE-43060+9332-2256C","mapping_code":"3_23_48896_16640023","state":1},{"key":"LEFT","name":"LEFT","code":"+9322-4580+622-502Cd+620dC-500CdCfCdEdC-1656CgCgCgCgCgCdEgCgCdCdEgCgCdEdEdCfEgCgCdEdCgCgCgC-43096+9384-2306+624","mapping_code":"3_25_48896_16619623","state":1},{"key":"RIGHT","name":"RIGHT","code":"+9332-4596+624-504+620-502+622fG-500GfEfGfGhG-1656GiGiGiGiGiGfEiGfGfEfGiGiGfEfGfEiGiGiGfEfGiGiGiG-43106+9334-2282C","mapping_code":"3_24_48896_16586983","state":1},{"key":"UP","name":"UP","code":"+9348-4592+624-502+622d+620dEdFdE-500EdEgE-1656EhEhEhEhEhEdC-1652EdEhEhEdEhEdFdEdFhEdEdFhEdEhEhEhE-43062+9332-2260E","mapping_code":"3_22_48896_16607383","state":1},{"key":"ENTER","name":"ENTER","code":"+9350-4624+624-506+622-504+618-502Eh+620hEhIhEhI-1656EjEjEjEjEjEhIjEjEhIjEhEjEhIhIhIhEjEhIjEhIjEjEjE-43040+9332-2258C","mapping_code":"3_21_48896_16623703","state":1}],"_id":"PZjbfcbvSo5lq2Fe"}
