{"category":"TV","brand":"HISENSE","model":"502","type":1,"version":"1.0","create_date":1695183251894,"protocol":"HISENSE","map_code":[{"key":"0","name":"0","code":"+4636-4510+612-490+608-1622+610dGfGdG-488GdEdGdEfGdGfGdEdEdGhGfGdEdGfGdGdEdGdEdG-1620GfGdEfGfGfGfG","mapping_code":"7_9_10_1347457135","state":1},{"key":"1","name":"1","code":"+4638-4506+612-490+610-1620Ed+608-1622EdEdEdGdEdGhEdGhEdEdGdEdGdEdEdGdEdGdEdGdGhEhEhEhEhEhEhEhE","mapping_code":"7_0_10_1347420415","state":1},{"key":"2","name":"2","code":"+4642-4558+614-500+608-1622+610-488GfG-490GhGiEiGiEfGhGfGiGhGiEiGfGiEiGiEiEiEiGiEiGfGfGfGfGfGfGfG","mapping_code":"7_1_10_1347453055","state":1},{"key":"3","name":"3","code":"+4642-4572+612-500+610-1622E-490E-1620Eg+608gEgIgE-488EfEgEhEgIgEgIgEjEfEgIgIgIgEgIgEfEgIfEhEfEfEfEfE","mapping_code":"7_2_10_1347436735","state":1},{"key":"4","name":"4","code":"+4642-4524+610-488C-1622C-490CeCfCdCf+608fCfGeCfCeCfCdCfGfCeCeCfGfGfCfGfGfGfCfGeCeCeCeCeCeC","mapping_code":"7_3_10_1347469375","state":1},{"key":"5","name":"5","code":"+4670-4528+612-490+610-1622EdE-1620E-488Ed+608dIdIdEfEdEgEdIdEdIdIdIdIfEdIdIdIdIdIfEfEdEfEfEfEfEfE","mapping_code":"7_4_10_1347428575","state":1},{"key":"6","name":"6","code":"+4642-4520+614-492+608-1622+610-490GfGhEhGhEhGhEfGhGfGhEhGhEhGfGhEfGhEhEhGhGhEhEfGhEfGfGfGfGfG","mapping_code":"7_5_10_1347461215","state":1},{"key":"7","name":"7","code":"+4642-4522+612-492+608-1622+610-490GfGhEhGhEhGhEfGhGfGhEhGhEhGhEfG-1620GhEhEhGhEhGfGhEhGfGfGfGfGfG","mapping_code":"7_6_10_1347444895","state":1},{"key":"8","name":"8","code":"+4642-4528+610-488C-1622C-490C-1620Cf+608fCfHfCdCeCfCgCfHfCfHfCeCeCeCfCfHfHfHfHfCfHfCeCeCeCeCeC","mapping_code":"7_7_10_1347477535","state":1},{"key":"9","name":"9","code":"+4642-4550+612-504+610-1620E-490+608-1622EgE-488EgEgHgHiEgHiEgEgHgEgHgHgHgHiEgHgEgHgEfEiEiEgHiEiEiEiE","mapping_code":"7_8_10_1347424495","state":1},{"key":"POWER","name":"POWER","code":"+4640-4534+610-490C-1620Cd+608-1622CdCdFdCdFdCeCdFgC-488CdFdCdFgCgCdFgCdFdFdFdFdCdFgCdCeCgCgCgC","mapping_code":"7_11_10_1347473455","state":1},{"key":"MUTE","name":"MUTE","code":"+4642-4570+612-502+610-1622E-490+608fEgHgHgEgHgEfEgHfE-488EgEiEgHgEgHfEgHfEgEgHgHfEfEgHfEgEfEfEfE","mapping_code":"7_20_10_1347430615","state":1},{"key":"INPUT","name":"INPUT","code":"+4644-4530+612-490+610-1622Ed+608fE-488EdGdEdGdEfEdGfEdGdGdEdGfEfEfEfEdGdGdGdEdGdEdGdEfEfEfEfE","mapping_code":"7_15_10_1347481615","state":1},{"key":"LAST","name":"LAST","code":"+4642-4526+612-490+610-1620Ed+608-1622E-488EdGdEdGdEhEdEfEdGdEiEdGhEfEdGhEhEhEdGdGdGdGhEdGdEiEhEhE","mapping_code":"7_59_10_1347476515","state":1},{"key":"VOLUME_UP","name":"VOLUME UP","code":"+4640-4510+612-490+610-1622EdE-1620Ed+608dEdHdEdHfEdEgEdHdEdHdHfEfEdHdEfEdHdEdHdEdHfEfEdEfEfEfE","mapping_code":"7_19_10_1347471415","state":1},{"key":"VOLUME_DOWN","name":"VOLUME DOWN","code":"+4666-4550+612-490+610-1620Ed+608-1622EdEdGdEdGdEfEdGhEdEdGdEdGdEhEdGdEhEdGdEdGhEdGhEhEdGhEhEhE","mapping_code":"7_18_10_1347438775","state":1},{"key":"CHANNEL_UP","name":"CHANNEL UP","code":"+4642-4528+612-490+608-1622+610dGfEdEdGdEdGdEfGdEfGdEdEdGdEdEdGdEdGfGdEdGdEfGfGfGfGdEfGfEfG","mapping_code":"7_16_10_1347422455","state":1},{"key":"CHANNEL_DOWN","name":"CHANNEL DOWN","code":"+4644-4528+612-490+610-1620E-488E-1622EdEd+608dEgEdEfEdIhEdEdIdEdIhEdEdIdEhEdIdEdIdEfEhEhEdIhEhEhE","mapping_code":"7_17_10_1347455095","state":1},{"key":"MENU","name":"MENU","code":"+4642-4548+612-492+610-1620E-490+608-1622EgHgE-488EgHgEiEgEfEgHgEgHgHgEgHiEiEiEgHgEgHiEiEgHgHgEiEiCfE","mapping_code":"7_28_10_1347434695","state":1}],"_id":"neaWecUF2mb94cZJ"}
