{"category":"TV","brand":"HISENSE","model":"5042","type":1,"version":"1.0","create_date":1695201165604,"protocol":"HISENSE","map_code":[{"key":"0","name":"0","code":"+416-1594+352-1634+400-1586+398-618+396-620IjI-1588GhIkIjIjIkIjIjIjIjI-22246EbIkGkIjIjIjIkGjIkIjIjIkIjIjIjIjI","mapping_code":"12_0_0_58000","state":1},{"key":"1","name":"1","code":"+414-1596+352-1634+398-1586E-618+396-620HiH-1588HiHiHiHiHiHiHiHiH-654H-22260E-1600HjEfEiHiHiHjHiHiHiHiHiHiHiHiHiH","mapping_code":"12_0_0_57856","state":1},{"key":"2","name":"2","code":"+448-1566+352-1634+398-1588+396-620G-618GhGfGhGhGhGhGfGhGhGhGhG-22262+400-1600E-1586EfGhGiGhGfGhGhG-640GhGfGhGhGhGhG","mapping_code":"12_0_0_57872","state":1},{"key":"3","name":"3","code":"+440-1566+350-1634+398-1586E-620+396gHgH-1588HgHgHgHgHgHiHgHgHgH-22256+400-1598EfEiHgH-618HgHiHgHgHgHgHgHiHgHgHgH","mapping_code":"12_0_0_57864","state":1},{"key":"4","name":"4","code":"+436-1564+352-1634+398-1586E-618+396-620HgH-1588HiHgHiHgHjHjHiHiHiH-22292+400-1596HjHjEgHiHiHjHiHiHgHiHjHjHiHiHiH","mapping_code":"12_0_0_57880","state":1},{"key":"5","name":"5","code":"+448-1566+352-1634+400-1586+398-620+396hIhI-1588IhIhI-618IhIhIhIjIhIhI-22248E-1590IjGjIhIhIhIjIhIhIhIhIhIhIjIhIhI","mapping_code":"12_0_0_57860","state":1},{"key":"6","name":"6","code":"+448-1566+350-1634+398-1586E-620+396gHgH-1588HgH-618HgHgHiEgHiHgHgH-22246+400-1596HiHiH-636HgHgHiHgHgHgHgHiHgHiHgHgH","mapping_code":"12_0_0_57876","state":1},{"key":"7","name":"7","code":"+408-1594+352-1634+398-1586E-620+396gHgH-1588HgHgHgHgH-618HiHiHgHgH-22274+400-1604HiEiHgHgHgHfEgHgHgHgHgHiHiHgHgH","mapping_code":"12_0_0_57868","state":1},{"key":"8","name":"8","code":"+450-1564+352-1634+398-1586E-618+396-620HiH-1588EiHiHiHiHjHjHjHiHiH-22244EjEjHjHiHiHiHjHiHiHiHiHjHjHjHiHiH","mapping_code":"12_0_0_57884","state":1},{"key":"9","name":"9","code":"+448-1564+352-1634+398-1586E-618+396-620HiH-1588EgHjHiHiHiHiHiHiHiH-22352+426-1610HjHjHiHgHiHjHiHjHiHiHiHiHiHiHiH","mapping_code":"12_0_0_57984","state":1},{"key":"MUTE","name":"MUTE","code":"+450-1564+352-1634+400-1586+398-618+396-620IhI-1588GhIjIkIjIhIkIkGhIjI-22252G-1596GfGkIjIjIjIkIjIhIkIjIjIkIkIjIjI","mapping_code":"12_0_0_57932","state":1},{"key":"INPUT","name":"INPUT","code":"+416-1594+352-1634+398-1586E-620+396-618HgH-1588HgHfEjHgHgHgHgHgHgH-22258E-1596EjHjHgHgHiHjHgHjHjHgHgHgHgHgHgH","mapping_code":"12_0_0_58048","state":1},{"key":"LAST","name":"LAST","code":"+416-1592+352-1634+398-1586E-618+396-620HgH-1588HiHfEiHiHjHjHiHgHiH-22270+400-1602HjEfEgHiHiHjEgHjHiHiHfEjHiHiHiH","mapping_code":"12_0_0_58008","state":1},{"key":"DISPLAY","name":"DISPLAY","code":"+448-1564+352-1634+400-1586+398-620+396hIhI-1588G-618IjGfGjIjIhIjIhIhI-22250G-1594GjIjIhIhIkIjIhIjIjIjIjGkIjIhIhI","mapping_code":"12_0_0_58100","state":1},{"key":"POWER","name":"POWER","code":"+448-1564+352-1634+400-1586+398-618Gh+396-620I-1588GhIjIkIjIjIjIjIjIjI-22248E-1594GkIkIjIjIjIkIjIjIkGjIjIjG-634IjIjI","mapping_code":"12_0_0_57920","state":1},{"key":"MENU","name":"MENU","code":"+414-1594+352-1634+398-1586E-618+396-620HiH-1588HiHjHjHiHgHjHjHiHiH-22336+426-1602HjHjEgHiHiHjHiHjHjEgHiHjHj+400-616HgH","mapping_code":"12_0_0_58060","state":1},{"key":"VOLUME_UP","name":"VOLUME UP","code":"+448-1564+352-1634+398-1586E-618+396-620HgH-1588HiHgHjHiHiHiHjHgHiH-22260+400-1600HjHjHiHiHiHjHiHiHjHiHiHiHfEiHiH","mapping_code":"12_0_0_57924","state":1},{"key":"VOLUME_DOWN","name":"VOLUME DOWN","code":"+408-1594+352-1634+398-1586E-620+396gH-618H-1588HgHgHfEiHjEiHjHgHgH-22260+400-1598EjHjHgHgHgHjHgHgHjEiHjHgHjHgHgH","mapping_code":"12_0_0_57940","state":1},{"key":"CHANNEL_UP","name":"CHANNEL UP","code":"+436-1566+352-1634+400-1586+398-620+396-618IhIfGjI-622+394-1588IhLmIhIhIhIhI-22266E-1598ImGfGhIhIhImIhIhImIhImIhIhIhIhI","mapping_code":"12_0_0_57936","state":1},{"key":"CHANNEL_DOWN","name":"CHANNEL DOWN","code":"+440-1564+352-1634+398-1586E-620+396-618HgHfEgHgH-1588HgHgHjEiHgHiH-22262+400-1600HjHjEiHgHgHjEiHgHjHgHgHjHgHgHgH","mapping_code":"12_0_0_57928","state":1}],"_id":"HoUfk95qy1osdfRM"}
