{"category":"TV","brand":"HISENSE","model":"527","type":1,"version":"1.0","create_date":1695179293556,"protocol":"HISENSE","map_code":[{"key":"POWER","name":"POWER","code":"+9198-4530+610-490C-1622CdC-1620Cd+608dCdGdCdGdGdGdGdGdGdGdGdCdGeCdGeCdGdGdGeCeCdGeCdGeCeCeC","mapping_code":"3_20_10_1342187735","state":1},{"key":"MENU","name":"MENU","code":"+9198-4530+610-490+608-1622CdCfCdC-488CdEdCdEdCdEdCdEdCdEdC-1620CdEdCdEfCdCdEdCdEfCfChCdEfCfCfC","mapping_code":"3_17_10_1342212215","state":1}],"_id":"wKcklnnQASs0hXOm"}
