{"category":"TV","brand":"HISENSE","model":"542","type":1,"version":"1.0","create_date":1695179339703,"protocol":"HISENSE","map_code":[{"key":"1","name":"1","code":"+9226-4530+612-490+610-1622Ed+608fEdGdEdGdEdGdEdGdEdGdGdGdEfEdGdEdGdEdGdGdGdGfEfEfEfEfEfEfE","mapping_code":"3_1_10_1342210175","state":1},{"key":"0","name":"0","code":"+9226-4540+612-492+608-1622+610-490EfGhEhEhEhGhEhEhEhGhEhGhEhGhEhGhEhGhEhGhEhG-1620GfGfGfGfGfGfGfG","mapping_code":"3_0_10_1342177535","state":1},{"key":"2","name":"2","code":"+9252-4538+612-492+608-1622+610-490GfGhEhGhEhGhEhGhEhGhEhGhEhGhEfGhGhEhGhEhGhEfGhGfGfGfGfGfGfE","mapping_code":"3_2_10_1342193855","state":1},{"key":"3","name":"3","code":"+9218-4556+612-500+608-1622+610-490GfGhGhEhGhEhEhGhEhGhEhGhEhEfGfGhGhEhC-488EhEhGhEhGfGfGfGfGfGfG","mapping_code":"3_3_10_1342226495","state":1},{"key":"4","name":"4","code":"+9248-4528+612-492+610-1622E-490+608fEgEgHgEgHgEgHgEgHgEgHgHgHgEgHfEgHgHgHgHgHfEfEgHfEfEfEfEfE","mapping_code":"3_4_10_1342185695","state":1},{"key":"5","name":"5","code":"+9198-4530+610-490C-1622Cd+608eCdCdFdCdFdCdFdCdFdCdFdCdFeCdCeCdFdFdFdFdFdFeCdFeCeCeCeCeC","mapping_code":"3_5_10_1342218335","state":1},{"key":"6","name":"6","code":"+9226-4542+612-490+610-1620Ed+608-1624+606dEdGdEdGdGdGdEdGdGdGdGdEdG-1622EjEdGdEdGdGdGjEdEdGjEjEjEjEjE","mapping_code":"3_6_10_1342202015","state":1},{"key":"7","name":"7","code":"+9196-4530+612-492+608-1622+610-490EfGhGhEhGhEhEhGhEhGhEhGhEhEfGfGfGhEhGhEhEhGhEhGhEfG-1620GfGfGfG","mapping_code":"3_7_10_1342234655","state":1},{"key":"8","name":"8","code":"+9200-4516+612-490+610-1622Ed+608fEdEdGdEdGdEd+614-484EdGdEdGdEdGdEdGdGfEdGdGdGdGfEfEfEdGfEfEfGfE","mapping_code":"3_8_10_1342181615","state":1},{"key":"9","name":"9","code":"+9220-4514+612-490+610-1622Ed+608fEdGdEdGdEdGdEdGdEdGdEdGdEfEdGdEfEdGdEdGdEdGfEfEdGfEfEfEfE","mapping_code":"3_9_10_1342214255","state":1},{"key":"MUTE","name":"MUTE","code":"+9198-4536+612-490+610-1622Ed+608fEdGdGdEdGdGdGdEdGdEdGdEdGfEfEdGfEdGdGdGdGdGdGfEdGfEfEfEfE","mapping_code":"3_11_10_1342230575","state":1},{"key":"INPUT","name":"INPUT","code":"+9198-4530+610-490C-1622CdC-1620Cd+608dCdGdCdGdGdGdGdGdGdGdGdCdGeCdGeCdGdGdGeCeCdGeCdGeCeCeC","mapping_code":"3_20_10_1342187735","state":1},{"key":"POWER","name":"POWER","code":"+9198-4530+610-490+608-1622CdC-1620CdEdCdEdCdEdCdEdCdEdCdEdCdEfCdCdEfCdCdEdCfCdEfCfC-492+606fCfCfC","mapping_code":"3_18_10_1342195895","state":1},{"key":"MENU","name":"MENU","code":"+9198-4530+610-490+608-1622CdCfCdC-488CdEdCdEdCdEdCdEdCdEdC-1620CdEdCdEfCdCdEdCdEfCfChCdEfCfCfC","mapping_code":"3_17_10_1342212215","state":1},{"key":"UP","name":"UP","code":"+9202-4530+612-490+610-1622Ed+608fEdGdGdEdGdEdGdEdGdEdGdEdGfEfE-1624GfEdGdEdGdGdC-504GdEdGfEfEfEfE","mapping_code":"3_15_10_1342238735","state":1},{"key":"DOWN","name":"DOWN","code":"+9200-4532+612-518+610-1624E-490E-1620Eg+608gIgEgIgEgIgEgIgEgIgEgIgEgIgEgI-1622EgIgIgEjEjEjE-1626+606gEjEjEjE","mapping_code":"3_16_10_1342179575","state":1},{"key":"LEFT","name":"LEFT","code":"+9198-4524+612-514C-1632C-492+610-1620G-490+608iC-486JiGiJiGiJiGiJiGiJiGiJ-1622GlGlGiGiJiGiJlGiGiJiGlGlGlGlG","mapping_code":"3_14_10_1342206095","state":1},{"key":"RIGHT","name":"RIGHT","code":"+9204-4722+636-508+610-1624+612-490E-1622Eh+608hJhE-488EhJhEhJhEhEhJhJhJiEhJiE-1620EhJhEhJhEhJiEhEhJiEiEiEiE","mapping_code":"3_13_10_1342222415","state":1},{"key":"ENTER","name":"ENTER","code":"+9202-4518+612-492+610-1622E-490+608fEgHgHgHgEgHgHgEgEgHgE-488EgHgEgHfE-1620EfEgHfEgEfEfEgHgHgEfEgHfE","mapping_code":"3_92_10_1342192325","state":1}],"_id":"00yAHbWFTAgOuJ9q"}
