{"category":"TV","brand":"HISENSE","model":"552","type":1,"version":"1.0","create_date":1695112299624,"protocol":"HISENSE","map_code":[{"key":"0","name":"0","code":"+9198-4516+608-492+606dCdEdCdEdE-1624CdEfCfCfCfCfCfEdC-1622CdEdEdEdEdEdEdEdEfCfCfEfEfEfEfCfE-41252+9200-2226+610","mapping_code":"3_0_64_50135295","state":1},{"key":"1","name":"1","code":"+9198-4518+606-492CdCdCdCdCdC-1624CdCe+608eCeCeCeCeFdCeCeCdCdCdCdCdCdCdCdCeCeFeFeFeFeCeC-41214+9200-2226+610","mapping_code":"3_1_64_50167935","state":1},{"key":"2","name":"2","code":"+9198-4516+606-492CdCdCdCdCdC-1624CdCe+608eCeCeCeCeFdCeCdFeFdCdCdCdCdCdCeFdCeCeFeFeFeFeF-41242+9220-2214F","mapping_code":"3_2_64_50151615","state":1},{"key":"3","name":"3","code":"+9224-4538+608-494+606-492CfEfEfEfC-1624CfEgEgCgCgCgCgCfEgCgCgCfEfEfEfEfEfEfEfEgCgCgEgEgEgE-41184+9196-2218C","mapping_code":"3_3_64_50184255","state":1},{"key":"4","name":"4","code":"+9226-4550+610-496+608-492+606fEfGfEfG-1624GfGhEhEhGhGhGhGfGhEfGfGhEfEfGfGfGfGhEhEfGhGhGhGhGhE-41166+9196-2218E","mapping_code":"3_4_64_50143455","state":1},{"key":"5","name":"5","code":"+9198-4516+608-492+606dEdEdEdEdE-1624CdEfEfCfCfCfEfEdEfCfCdEfEdEdEdEdEdEdEfEdEfCfEfEfEfE-41234+9226-2250+610","mapping_code":"3_5_64_50176095","state":1},{"key":"6","name":"6","code":"+9226-4546+608-494+606-492CfEfCf+610-488C-1624CfEiEiEiEiCiCiCfEiEfEiCiEfEfEfEfEfEiCfEfEiCiCiEiEiE-41174+9196-2218C","mapping_code":"3_6_64_50159775","state":1},{"key":"7","name":"7","code":"+9196-4516+606-492CdCd+608dCdEdC-1624E-490EfEfEfEfCfCfCdCfCfCfCfCdCdCdCdCdCdCdCdCfCfCfEfEfE-41238+9222-2216+610","mapping_code":"3_7_64_50192415","state":1},{"key":"8","name":"8","code":"+9198-4516+608-492+606dCdEdCdEdE-1624CdEfEfCfCfCfCfEdEfCdEdCdEfEdEdEdEdEfEfEfEdEfEfEfEfE-41176+9196-2216+610","mapping_code":"3_8_64_50139375","state":1},{"key":"9","name":"9","code":"+9192-4576+610-506+606-492EfEfEf+608fE-1624EfEhGhEhEhEhEhGfEhEhEfEfEhEfEfEfEfEfEhGhGfEhEhGhGhC-41146+9198-2244G","mapping_code":"3_9_64_50172015","state":1},{"key":"MUTE","name":"MUTE","code":"+9224-4538+712-512+608-492+606fEfGfGfG-1624GfEhE-1628+604hEhGhGhGfGhEfGfGfGfGhEfGfGfGhGhEhEhEfGhGhGhE-41164+9196-2218E","mapping_code":"3_16_64_50137335","state":1},{"key":"INPUT","name":"INPUT","code":"+9196-4522+610-498+606-492EfEfEfEfE-1626EfE-1624+608hEhEhEhEhIfEhEfEfEhEfEhIfEfEfEhEhIfEhEfEhIhEhE-41228+9198-2228I","mapping_code":"3_20_64_50145495","state":1},{"key":"SLEEP","name":"SLEEP","code":"+9196-4514+610-494+606-492EfEf+608fEfE-1624GfEhEhEhEhGhGhGfEhEfEfEhEhC-1622GfEfGfEhEhEfEfEfEhGhEhE-41226+9198-2232G","mapping_code":"3_28_64_50149575","state":1},{"key":"RED","name":"RED","code":"+9246-4576+610-494+608-492+606fEfGfGfG-1624GfEhEhEhC-1622GhGhGfGhEhGhGfEfGhGfGfGfGfGfGhEhGfEhEhEhE-41192+9198-2242C","mapping_code":"3_19_64_50186295","state":1},{"key":"GREEN","name":"GREEN","code":"+9244-4552+610-494+606-492EfEfEfEf+608-1624GfEhEhGhGhGhGhEfEhGhGfEhEfEhGfEfEfEfEhEfEhGfEhEhEhE-41188+9198-2220G","mapping_code":"3_21_64_50178135","state":1},{"key":"BLUE","name":"BLUE","code":"+9198-4568+610-506+606-492EfEfEfEf+608-1624GfEhEhGhGhGhGhEfGhGfEfEfEfEfEfGhGfEhGhEhGhGhGhEfEhG-41174+9196-2216G","mapping_code":"3_64_64_50135805","state":1},{"key":"YELLOW","name":"YELLOW","code":"+9198-4512+610-494+608-492+606fEfGfGfG-1624GfEhEhEhEhGhGhGfGhEhGhGhGfGhEfG-496+602fGfGfGfGhGfGhEhEhE-41238+9200-2232E","mapping_code":"3_23_64_50194455","state":1},{"key":"POWER","name":"POWER","code":"+9198-4516+608-494+606-492CfEfEfEfC-1624CfEgEgEgEgCgCgCfEgEfEgEfCfEgEfCfEfCgCfEgEgEfEgCgEgE-41238+9200-2228+610","mapping_code":"3_18_64_50153655","state":1},{"key":"MENU","name":"MENU","code":"+9198-4546+610-494+606-492EfEfEfEfE-1624+608fEgEgEgHgHgHgEfEgHfEfEfEgEgEfEfEfEgHgHgEfHfEgEgEgE-41192A-2220H","mapping_code":"3_24_64_50141415","state":1},{"key":"UP","name":"UP","code":"+9186-4584+636-494+608-492+606fEfGfEfG-1624GfEhEhEhGhGhGhGfGhGhGhGfGhGhGfEfGfEfGfGhEfGfGhEhEhG-41156+9172-2244+610","mapping_code":"3_27_64_50190375","state":1},{"key":"DOWN","name":"DOWN","code":"+9216-4530+610-494+606-492EfEfEf+608fE-1624EfEhGhGhGhEhEhEfEhGhGhGhEhEhEfEfEfEfEfEfEfEfEhEhEhG-41152+9196-2220G","mapping_code":"3_31_64_50198535","state":1},{"key":"LEFT","name":"LEFT","code":"+9198-4526+610-494+606-492+608fEfGfEfE-1624GfEhEhEhEhEhGhGfEhEfEhGhEhEhEfEfEfEhGfEfEfEfEhGhEhE-41174+9196-2216G","mapping_code":"3_30_64_50165895","state":1},{"key":"RIGHT","name":"RIGHT","code":"+9200-4522+606-492CdCdCdCdCdC-1624CdCeCeCeCeCe+608eFdCeCdCeFdCeCeFdCdFdCeCdCeFdCdCeFeC-1628+602-41170+9172-2228F","mapping_code":"3_26_64_50157735","state":1},{"key":"ENTER","name":"ENTER","code":"+9186-4522+610-494+608-492+606fEfGfGfG-1624GfGhEhEhEhGhGhGfGhEhEhGhGhGhGhEhEhEfGfGfGfGfGfGfGfG-41210+9196-2222E","mapping_code":"3_255_64_50200320","state":1}],"_id":"ArEMKQWjM0lKo7mB"}
