{"category":"TV","brand":"HISENSE","model":"557","type":1,"version":"1.0","create_date":1695111101066,"protocol":"HISENSE","map_code":[{"key":"0","name":"0","code":"+4668-4546+614-1622+610-488EfEdEfEfEfEfE-1620EfEfEgEfEfEfEfEdEfE-490EgEfEhEfEfEfEdEdEhEgEgEgEdE","mapping_code":"7_9_9_2425393263","state":1},{"key":"1","name":"1","code":"+4670-4536+614-1622+610-488EfEdEfEfEfE-490E-1620EfEgEhEfEgEfEgEfEgEfEgEfEgEfEgEhEhEhEdEdEdEhEhE","mapping_code":"7_0_9_2425356543","state":1},{"key":"2","name":"2","code":"+4612-4532+614-1626+610-488EfE-1620EfEfEfE-490EgEfEhEgEfEhEfEhEgEfEhEfEh+608hEhEfEhEgEgEgEgE-1622EjEjE","mapping_code":"7_1_9_2425389183","state":1},{"key":"4","name":"4","code":"+4638-4500+612-1626+610-488EfE-1622E-490EfEhEfEgEhEfEgEhEfEhEfEgE-1620EhEh+608hEfEhEfEhEfEgEgEiEiEiEiE","mapping_code":"7_3_9_2425405503","state":1},{"key":"3","name":"3","code":"+4638-4508+612-1624+610-490+608fG-1622GfGfGfGfGhGfG-492GhGfGiGfGiGfGdGiGfGiGfGiGfGdGfGhGhGhGdGdGdG","mapping_code":"7_2_9_2425372863","state":1},{"key":"5","name":"5","code":"+4636-4510+610-1626+608-492E-490E-1624EfEgEfEf+606hEfEfIhEfEfIfEfIfEfIhEgEfIfEfIfEhEhEfEhEhEhEhEhE","mapping_code":"7_4_9_2425364703","state":1},{"key":"6","name":"6","code":"+4638-4510+610-1626+608-490E-492E-1622EfEgEfEgEhEg+606gE-1624EgI-496+602gIgEjEgIjEfEgEfEgIgEgEjEfEjEjEjEjEjE","mapping_code":"7_5_9_2425397343","state":1},{"key":"7","name":"7","code":"+4638-4510+610-1628+608-492E-490E-1624EfEgEfEf+606hEgEfIhEgEfIfEfIfEhEhEfEfIfEgEfE-1622EgEfEjEhEhEhEhE","mapping_code":"7_6_9_2425381023","state":1},{"key":"8","name":"8","code":"+4628-4516+610-1626+608-492E-490E-1624EfEgEfEgEhEfEgEhEfEf+606fEgEhEhEhEfEfIfEfIfEfIfEfIh+612-1620EhEhEhE","mapping_code":"7_7_9_2425413663","state":1},{"key":"9","name":"9","code":"+4638-4510+610-1628+608-492+606fE-1624EfE-490EfGfEhEfGfEhEfEiEfEiEfGfEfE-1622EfGfGfEfGhEhEhEfGhEhEhEhE","mapping_code":"7_8_9_2425360623","state":1},{"key":"INPUT","name":"INPUT","code":"+4638-4510+610-1626+606-492E-494+604-1624+608fEfJfEfEiEfEfEiJfJ-490JfEfEiJiJfEiEiEfEfEfEfEfEiJfEfEiEiEiE","mapping_code":"7_27_9_2425411623","state":1},{"key":"MUTE","name":"MUTE","code":"+4630-4514+608-1624C-492+606eFdCeFeCeFeFdCeFeFdCeFeFeFeFeFeFdCeFdFeFeFeFdFdFeFdCeFdFdFdC","mapping_code":"7_20_9_2425366743","state":1},{"key":"LAST","name":"LAST","code":"+4638-4510+610-1626+606-492EfE-1624EfEfEfEfEgEfEfEgEfEfEfEfEg+608fEgEgEgEfEfEfEfEgEfEfEfEgHgHgE","mapping_code":"7_29_9_2425403463","state":1},{"key":"PICTURE_MODE","name":"PICTURE MODE","code":"+4640-4516+610-1626+608-492+606fG-1624GfGfGfEfGhGfEfGhGfGfGfGfGfEhEhEhEfGfGfGfGhEfGfGfGhGhGhEhE","mapping_code":"7_14_9_2425385103","state":1},{"key":"POWER","name":"POWER","code":"+4636-4578+632-1628+608-492+606fE-1624EfGfGfGfGhEfGfGhEfGfGfGfGhEhGfGhEfGfGfGfEfGfEhEfGhGhEhEhE","mapping_code":"7_11_9_2425409583","state":1},{"key":"MENU","name":"MENU","code":"+4660-4550+610-1626+606-492EfE-1624EfEfEfEfEgEfEfEg+608fEfEfEfEgHfEfHgHgHfEfEfEfEgHgHfEfEgEgEgE","mapping_code":"7_25_9_2425395303","state":1},{"key":"UP","name":"UP","code":"+4612-4534+608-1624C-492Ce+606dCeCeFeFeFdFeFeFdFeFeFeFeFeFeFeFeFdFeFeFeFdCdCdFdFeFdCdCdF","mapping_code":"7_16_9_2425358583","state":1},{"key":"DOWN","name":"DOWN","code":"+4638-4570+608-1650C-492Ce+606-1624FeFeFeCeFgFeFeFgFeFeFeFeFgFeFeFeFgCeFeFeFeFgFgFgFeCgCgCgC","mapping_code":"7_17_9_2425391223","state":1},{"key":"LEFT","name":"LEFT","code":"+4600-4532+610-1626+606-492EfE-1624EfEfEfEf+608-1644EfEfEgEfEfEfHfEgEgEfEfEgEfEfEfEfEfEgHgEfEgHgHgE","mapping_code":"7_19_9_2425407543","state":1},{"key":"RIGHT","name":"RIGHT","code":"+4636-4512+610-1626+606-492+608fE-1624EfEfEfEfEhEfEfEhEfEfEfEfEfEhGfEfEhGfEfEfEhEfEhEhEfEhGhGhE","mapping_code":"7_18_9_2425374903","state":1},{"key":"ENTER","name":"ENTER","code":"+9198-4560+610-502+606-492E-1624EfEfEfEfEfEg+608gEfHgHgHgHgEgEfEgHgHgEfHfEgEfEgHfEfEfEgEgEfEgH-42738+9220-2230C","mapping_code":"3_78_4_551514765","state":1}],"_id":"eihUldmQ0P23vKK7"}
