{"category":"TV","brand":"HISENSE","model":"592","type":1,"version":"1.0","create_date":1695178259131,"protocol":"HISENSE","map_code":[{"key":"0","name":"0","code":"+4680-4522+608-1622+606-1620EfE-492Eg+604gE-490EiEfEfEfEiEgEgEiEgEiEgEfEiEiEgEiEgEfEfEgEfEfEfEfEfE-48428+4626-4490CgE","mapping_code":"7_4_7_3772784863","state":1},{"key":"POWER","name":"POWER","code":"+4634-4512+608-1622+606-1620EfE-490E-492EgEhEgEfEfEfEgEgEhEgEhEfEhEgEhEfEhEgEhEgEfEfEfEhEfEfEfE-48404+4608-4638+632-494E","mapping_code":"7_17_7_3772811383","state":1}],"_id":"tKjO3ZobqUgrRh3k"}
