{"category":"TV","brand":"HISENSE","model":"602","type":1,"version":"1.0","create_date":1695173619476,"protocol":"HISENSE","map_code":[{"key":"0","name":"0","code":"+4642-4526+610-1624+608-492+606dE-1622E-490EfEiEfEhEfGdEdEfEfGfEfGdEfEfGdEfGfEiEfEiEdEdEfEdEdEdEdE-48552A-4520C-494G","mapping_code":"7_9_13_2964361327","state":1},{"key":"1","name":"1","code":"+4642-4530+608-1624C-492CdCdCeC-490CeCfCdCeCdCdCeCfCe+606eCeGeCeGeCeGeCeGeCdCdCdCdCdCdCdCdC-48556A-4512+610-494C","mapping_code":"7_0_13_2964324607","state":1},{"key":"2","name":"2","code":"+4640-4524+610-1626+608-492E-1622EgE-490EfEhEfEgEhE-1624EiEfEf+606fEfJiEfEfJfEfJfEfJfEfJiEiEiEiEiEiEiE-48554+4644-4514EfE","mapping_code":"7_1_13_2964357247","state":1},{"key":"3","name":"3","code":"+4630-4508+610-1624+608-492E-1622EdEfE-490Ef+606fEdEfEgEdEfIfEhEfEhEdEfEfIfEfIfEhEdEfEdEdEdEdEdEdE-48550+4642bC-494E","mapping_code":"7_2_13_2964340927","state":1},{"key":"4","name":"4","code":"+4640-4526+610-1624+608-492E-1622EdEf+606fEfHfEdEfHdEgE-490EfEiEfEgEdEfHfEfHfEfHfEfHfEdEdEdEdEd+612-1620E-48556+4642-4514EfE","mapping_code":"7_3_13_2964373567","state":1},{"key":"5","name":"5","code":"+4642-4572+610-1634+608-492E-1622E-1624EfE-490Ef+606fEhEfEgEgEfJfEiEfEfJfEhEfJfEfJfEfJhEhEfEhEhEhEhEhE-48470+4640-4536CfE","mapping_code":"7_4_13_2964332767","state":1},{"key":"6","name":"6","code":"+4636-4510+610-1624+608-490EdE-1622EfE-492EfEhEgEfEdEdEhEfEhEh+606dEhEdEhIhEhIhEhIhEdEhIdEdEdEdEdE-48552+4642-4512EfE","mapping_code":"7_5_13_2964365407","state":1},{"key":"7","name":"7","code":"+4640-4526+610-1624+608-492E-1622EdEfE-490EfEhEdEfEgEgEhEfEhEfEf+606dEdEfEfIfEfIfEdEfIfEdEdEdEdEdE-48562+4642-4516EfE","mapping_code":"7_6_13_2964349087","state":1},{"key":"8","name":"8","code":"+4630-4528+610-1624+608-492+606dE-1622E-490EfEiEfGdEiEdEdEfEiEfEfGdEdEdEiEfEiEfGfEfEiEfEdEdEdEdEdE-48554+4642-4510C-494E","mapping_code":"7_7_13_2964381727","state":1},{"key":"9","name":"9","code":"+4642-4528+610-1630+608-492E-1624EgEfE-490EfEhEgEfEgEgEf+606fEfEhEfIfEfIgEhEfIfEfIgEgEgEfIgEgEgEgE-48496+4616-4576+634-500E","mapping_code":"7_8_13_2964328687","state":1},{"key":"MUTE","name":"MUTE","code":"+4642-4522+610-1626+608-492E-1622E-1624EfE-490EfEiEhEf+606hEgEfJfEfJfEfJfEhEfJhEfEfEiEhEhEfEhEfJhEhEhE-48552+4644-4518CfE","mapping_code":"7_20_13_2964334807","state":1},{"key":"INPUT","name":"INPUT","code":"+4640-4574+610-1638+608-492+606-1624E-1622E-490EfEjEfEiEfGhEhEjEfEjEfGfEfEiEhEhEfGfEfGhEhEfGfGfEhEhEhE-48482+4642-4514CfE","mapping_code":"7_28_13_2964338887","state":1},{"key":"LAST","name":"LAST","code":"+4642-4526+610-1624+608-490E-1622EdE-492EfEh+606hEdEfEdEdEhIhEhIhEdEhIdEdEdEfEhEfEhIdEhIhEhIdEdEdE-48540A-4686+636-526C","mapping_code":"7_29_13_2964371527","state":1},{"key":"DISPLAY","name":"DISPLAY","code":"+4642-4524+612-1624+608-490EdEdEfE-492EfEg+606dEfEdEdEgEgHgEgHdEdEdEgHdEfEgHgEfEgEfEdEgEdEdEdE-48548A-4514+610-494E","mapping_code":"7_23_13_2964383767","state":1},{"key":"PICTURE_MODE","name":"PICTURE MODE","code":"+4640-4582+610-1642+608-492E-1622EgE-490EfEhEfE-1624Ef+606iEiEhEfJfEfJfEiEiEiEfEfJfEfJiEfEfJfEiEiEiEiE-48474+4616-4510EfE","mapping_code":"7_14_13_2964353167","state":1},{"key":"SOUND_MODE","name":"SOUND MODE","code":"+4678-4526+610-1624+608-492E-1622EgEfE-490EfEf+606dEfEdEdEhEfEhEfEdEdEdEdEdEfIfEfEhEfEfIfEfIdEdEdE-48552+4616-4520EfE","mapping_code":"7_31_13_2964387847","state":1},{"key":"POWER","name":"POWER","code":"+4642-4528+610-1624+608-492EdEdEf+606fEfE-490EdEfGdE-1622EhEfEhEfEdEdEfGdEfEfGfEfGfEfGdEhEdEdEdEiE-48554A-4510C-494E","mapping_code":"7_11_13_2964377647","state":1},{"key":"MENU","name":"MENU","code":"+4628-4526+610-1626+608-490E-1624EgE-492Eh+606hEhIgEhEgEgEhEhIhEfEhEgEgEgEgEhEfEhIgEhEhIhEhE-1622EgEgE-48502+4616-4510EhI","mapping_code":"7_30_13_2964355207","state":1},{"key":"UP","name":"UP","code":"+4640-4522+610-1626+608-492E-1622EgEf+606fEfHfEgEfH-1624EiEfHfE-490EfEjEfHfEiEiEfEfHfEiEiEiEfHfEiEiEiE-48554+4642-4516C-494E","mapping_code":"7_24_13_2964330727","state":1},{"key":"DOWN","name":"DOWN","code":"+4642-4576+610-1634+608-492E-1622EgE-490EfEhEfE-1624Ef+606iEgEhEfEhEfEgEhEfEgEiEfJfEfJfEiEiEfJfEiEiEiE-48538+4640-4502C-494E","mapping_code":"7_25_13_2964363367","state":1},{"key":"LEFT","name":"LEFT","code":"+4642-4532+610-1626+608-492+606-1624E-1622E-490EfEjEfEiEjEhEhEfEfGfEfGfEhEfGhEhEjEfGfEhEfEhEfGfEhEhEhE-48512+4616-4508CfE","mapping_code":"7_26_13_2964347047","state":1},{"key":"RIGHT","name":"RIGHT","code":"+4630-4528+610-1624+608-492E-1622EdEfE-490Ef+606fEdEfEgEdEfIfEfIfEdEdEfIdEdEhEfEfIfEhEdEfEfIdEdEdE-48552+4642-4510C-494E","mapping_code":"7_27_13_2964379687","state":1},{"key":"VOLUME_UP","name":"VOLUME UP","code":"+4642-4522+610-1624+608-492+606dE-1622E-490EfEfGfEdEfGdEdEiEfEiEfGfEdEfGfEdEfEiEfGdEiEdEdEfEdEdEdE-48548A-4512C-494E","mapping_code":"7_18_13_2964342967","state":1},{"key":"VOLUME_DOWN","name":"VOLUME DOWN","code":"+4640-4528+610-1624+608-490EdEdE-492+606gEgEfEdEgE-1622EdEgHgEgHgEdEdEgEfEdEgEfEgEfEgEiEdEgHdEdEdE-48546+4644-4510CgE","mapping_code":"7_19_13_2964375607","state":1},{"key":"CHANNEL_UP","name":"CHANNEL UP","code":"+4664-4544+610-1626+608-492E-1622E-1624EfE-490EfEf+606hEfJhEhEfJfEfJfEfJfEfJfJhEfEfJfEhEhEhEhEfJhEhEhE-48534+4612-4576E-526E","mapping_code":"7_16_13_2964326647","state":1},{"key":"CHANNEL_DOWN","name":"CHANNEL DOWN","code":"+4664-4544+610-1626+608-492+606-1624EhEfGfEfE-490EhEfEhEhEfEfEiEfEhEfGfGfEhEfGfEfEiEhEhEhEfGhEhEhE-48586+4642-4532CfE","mapping_code":"7_17_13_2964359287","state":1}],"_id":"gVd8Hl4zzTm3yl7i"}
