{"category":"TV","brand":"HISENSE","model":"742","type":1,"version":"1.0","create_date":1695174923243,"protocol":"HISENSE","map_code":[{"key":"0","name":"0","code":"+9298-4576+616-498+614dCdEdCdEdEdEdE-1640C-1642CfCfCfCfCdEgCdEfCdEdEdEdEdEdEgEdEfCfCfCfCgEgE-45326+9336-2260+618","mapping_code":"3_2_48896_16597183","state":1},{"key":"2","name":"2","code":"+9306-4580+622-494+614-498EfEfEfEf+616fEfG-1640GhGhGhGhG-1642EfEhGhGhGfEfEfEfEfEfEfEfEhGiEiEiEiEiG-45380+9308-2240+618","mapping_code":"3_3_48896_16629823","state":1},{"key":"3","name":"3","code":"+9306-4574+618-500+614-498Ef+616fEfEfEfEfE-1640G-1642GhGhGhGhGfEiGfEfEiGfEfEfEfEfEhGiEfEhGhGiEiEiE-45384+9308-2244G","mapping_code":"3_4_48896_16589023","state":1},{"key":"4","name":"4","code":"+9304-4578+618-500+614-498+616fEfGfEfEfEfE-1642G-1640GiGiGiGiGfEiGiGfEhEfEfEfEfEfEfEhGfEiGiGhEhEhE-45306+9282-2258G","mapping_code":"3_5_48896_16621663","state":1},{"key":"5","name":"5","code":"+9356-4586+618-500+614-498EfEfEfEfEfEfE-1640+616-1642EiHgHgHgHfEgHfEgHiEfEfEfEfEfEgHfEfEgHgHiEiEiE-45298+9282-2264C","mapping_code":"3_6_48896_16605343","state":1},{"key":"6","name":"6","code":"+9356-4578+618-498+614dEdEdEdEdEdEdE-1640+616fGfGfG-1642EhEdEfGfGfGhEdEdEdEdEdEdEdEdEhEhEhEhGfG-45302+9282-2252C","mapping_code":"3_7_48896_16637983","state":1},{"key":"7","name":"7","code":"+9306-4574+616-498+614dEdEdEdEdEdEdE-1642EfC-1640CgCgCgCdEfCdEdEdEfEdEdEdEdEfEfEfEdEg+618gEfEfE-45370+9308-2240C","mapping_code":"3_8_48896_16584943","state":1},{"key":"8","name":"8","code":"+9298-4562+616-498+614dEdEdEdEdEdEdE-1640CfCfCfCfC-1642EdEfCgEdEdEgEdEdEdEdEdCfCfCdEgEgCfCfC-45370+9308-2240C","mapping_code":"3_9_48896_16617583","state":1},{"key":"9","name":"9","code":"+9306-4580+618-498+616d+614dEdFdEdFdFdF-1640EgE-1642FhFhEgEdFhFdFgEdFhEdFdFdFdFhFdFhFdFgEgEgEgE-45322+9278-2286C","mapping_code":"3_10_48896_16601263","state":1},{"key":"POWER","name":"POWER","code":"+9306-4564+618-500+614-498EfEfEfEfEf+616fE-1640GhG-1642EiGhGhGfEiGfEfEfEfEfEfEfEfEiEiGhGhGhGhGhGiE-45302+9282-2252C","mapping_code":"3_0_48896_16580863","state":1},{"key":"MUTE","name":"MUTE","code":"+9332-4596+618-498+614dEd+616dEdFdEdFdE-1640FgF-1642FgEhFgFdEhEh+620-494EdFdEdEdEdEdEdEhEhEhFgFgFhEhE-45298+9282-2252C","mapping_code":"3_1_48896_16613503","state":1},{"key":"INPUT","name":"INPUT","code":"+9356-4576+618-502+614-498Ef+616fEfEfEfEfE-1640GhGhGhG-1642EhGfEhGhGhG-1644+612iEfEfEfEfEfEfEfEfEiEiEiGhG-45312+9278-2266G","mapping_code":"3_15_48896_16642063","state":1},{"key":"REWIND","name":"REWIND","code":"+9306-4572+618-498+614dEdEdEd+616dEdEdE-1640FgFgF-1642EgFhEdEgFdEgFgFdEhEdEgFdEgEdEdEgFdEhEdEgF-45372+9308-2238F","mapping_code":"3_86_48896_16607893","state":1},{"key":"PLAY","name":"PLAY","code":"+9332-4590+618-500+614-498EfEfEfEfEfEfE-1640+616gHgH-1642EiHgHfEiEiEfEfEfEgHfC-1636HfEfEiHgHgHfEiEfEiE-45298+9306-2244H","mapping_code":"3_81_48896_16616053","state":1},{"key":"FAST_FORWARD","name":"FAST FORWARD","code":"+9334-4574+618-500+614-498+616fEfEfEfGfEfE-1642EhG-1640GiGiGiGfGiGiGiGiGfEiGfEhEfEfEfEfEhGfEhEfEiG-45340+9302-2238C","mapping_code":"3_87_48896_16640533","state":1},{"key":"STOP","name":"STOP","code":"+9360-4586+618-500+614-498+616fEfGfEfGfEfG-1640GhGhGhGhGhGfEhGfE-1642EfEfGhEfEhGfEiGfEiEiEfEhGfEhG-45304+9282-2258G","mapping_code":"3_82_48896_16599733","state":1},{"key":"INFO","name":"INFO","code":"+9308-4576+616-498+614dEdEdEdEdEdEdE-1640CfCfCfC-1642EgEdEfCdEdEdEdEdEdEfCdEfCfCfCfCgEgEdEgE-45376A-2238C","mapping_code":"3_64_48896_16581373","state":1},{"key":"EXIT","name":"EXIT","code":"+9310-4572+618-500+614-498+616fEfEfEfEfEfE-1640G-1642EhGhGiEiEfEhGhGfEhGfEiEfEfEfEfEiEfEhGfEiGhGhG-45372+9308-2242G","mapping_code":"3_21_48896_16623703","state":1},{"key":"LAST","name":"LAST","code":"+9306-4570+618-522C-514+614-504C-498+616hFhFhFhF-1642I-1640C-1638IkIkIkIhIkIkIhFjFjIhFhFhFhFhFkIhFhFjFjFjIkF-45296+9308-2256I","mapping_code":"3_13_48896_16625743","state":1},{"key":"PREVIOUS","name":"PREVIOUS","code":"+9306-4574+616-498+614dCdEdCdEdCdEdE-1642C-1640CgCgCgCgCdEgCdEdEgCdEfCdEfEdEgCgCdEfEdEgCdEgC-45370+9308-2240C","mapping_code":"3_84_48896_16591573","state":1},{"key":"NEXT","name":"NEXT","code":"+9412-4614+618-498+614dEdEdEdEdEdEdE-1640+616fGfGfG-1642EhEdEfGfGdEfGdEhEdEfGdEdEfGdEhGdEhEdEfG-45294+9282-2258G","mapping_code":"3_85_48896_16624213","state":1},{"key":"RED","name":"RED","code":"+9302-4576+616-498Cd+614dCdEdCdEdEdE-1640CfCfCfC-1642EgCdEfCdEdEgEgEdEdEgCdEfCfCdEdEfCgCdEfC-45384+9308-2244C","mapping_code":"3_76_48896_16593613","state":1},{"key":"GREEN","name":"GREEN","code":"+9332-4598+618-512+614-498EfEfEfEfEfEfE-1640+616gH-1642EiEiEiHfEiEiEfEgH-1644+612fEfEiEfEfEiEfEfEiEiHfEiE-45296+9282-2260H","mapping_code":"3_77_48896_16626253","state":1},{"key":"BLUE","name":"BLUE","code":"+9306-4572+618-500+616-498+614fEfGfGfGfE-496G-1640EiE-1642GjEiEiEfEiEiEiEiEiEfGfGiEfGfGfGfGfGjEiEfGjG-45362+9308-2240E","mapping_code":"3_79_48896_16642573","state":1},{"key":"YELLOW","name":"YELLOW","code":"+9306-4576+616-498+614dEdEdEdEdCdEdE-1640CfCfCfCfC-1642EdEfCdEgEgCfCdEdEfCdEgEdEdEdEfCgEdEfC-45374+9308-2240+618","mapping_code":"3_78_48896_16609933","state":1},{"key":"PICTURE_MODE","name":"PICTURE MODE","code":"+9334-4586+618-500+614-498+616fEfEfEfEfEfE-1640GhGhGhGhG-1642EfEhGhGfEfEfEfEfEhGfEfEiGhGhGhGiEfEhG-45302+9282-2268C","mapping_code":"3_65_48896_16614013","state":1},{"key":"HDMI","name":"HDMI","code":"+9278-4582+618-500+614-498EfEf+616fEfGfEfG-1640GhGhGhG-1642EiEfEhGhGhGiEiEiEfEfEfEfEfEfEfEfEiEiGhG-45362+9308-2240G","mapping_code":"3_31_48896_16644103","state":1},{"key":"MENU","name":"MENU","code":"+9332-4590+618-500+614-498EfEfEfEfEf+616fE-1640G-1642GhGhC-1638GiGfEiEfCjGhGfEhGfC-494EfEhGfEfEiEfEhGiEiE-45350+9282-2246G","mapping_code":"3_22_48896_16607383","state":1},{"key":"UP","name":"UP","code":"+9298-4576+616-498+614dEdCdEdCdEdCdE-1640CfCfC-1642EgCfCdEfCgEgCdEdCfEdEdEdEdEdEfCgEdEfCfCfC-45332+9282-2242C","mapping_code":"3_19_48896_16631863","state":1},{"key":"DOWN","name":"DOWN","code":"+9306-4576+618-500+614-498+616fEfEfEfEfEfE-1642G-1640GiGiGiGiGfEiGfEfEiGfEhEfEfEfEiGiGfEhGfEhEhEhE-45368+9308-2236C","mapping_code":"3_20_48896_16591063","state":1},{"key":"LEFT","name":"LEFT","code":"+9300-4576+616-498Cd+614dEdEdEdEdCdE-1640CfC-1642EgCfCfC-500+612gEgCdEdEdEfCdEdEdEdEgEgEgEdEfCfCgE-45302+9308-2250C","mapping_code":"3_17_48896_16615543","state":1},{"key":"RIGHT","name":"RIGHT","code":"+9320-4574+618-500+614-520+616-498EhGhEhGhEhE-1642EiG-1640GjGjGjGhEjGhEiEhEhEiEhEhEhEjGhEiEiGhEiEiEiG-45354+9306-2264C","mapping_code":"3_18_48896_16599223","state":1},{"key":"ENTER","name":"ENTER","code":"+9332-4590+618-498+616d+614dEdFdEdFdFdF-1640EgEgE-1642EgFhEdFgEdFdFdFdFhFdFdFdFgEgEgEgEdFgEgEgE-45304+9308-2260C","mapping_code":"3_16_48896_16582903","state":1},{"key":"VOLUME_UP","name":"VOLUME UP","code":"+9360-4588+618-500+614-498+616fEfEfEfEfEfE-1640GhG-1642GhGhGhGfEhGfEfEfEhGfEfEiEfEhGiEiGfEiEiEfEiE-45296+9278-2258C","mapping_code":"3_72_48896_16585453","state":1},{"key":"VOLUME_DOWN","name":"VOLUME DOWN","code":"+9356-4580+618-500+614-498+616fEfGfEfGfEfG-1640GhGhGhGhG-1642EfC-1638GhGfEfEhEdEfEhGfEfEiEiEfEhGhGfEiG-45300+9282-2238G","mapping_code":"3_73_48896_16618093","state":1},{"key":"CHANNEL_UP","name":"CHANNEL UP","code":"+9302-4562+616-498+614dEdEdEdCdEdCdE-1640C-1642CfCfCfCgEdEfCdEfCdEfCdEdEfCdEfCdEgCdEgCfCdEgC-45400+9308-2248+618","mapping_code":"3_74_48896_16601773","state":1},{"key":"CHANNEL_DOWN","name":"CHANNEL DOWN","code":"+9304-4558+618-500+614-498EfEfEfEfEfEfE-1640+616gHgHgH-1642EiEfEgHgHgHfEgHfEfEgHfEfEfEiEfEgHgEfEgH-45326+9282-2238H","mapping_code":"3_75_48896_16634413","state":1}],"_id":"hbTb5m3bdQXGnb3B"}
