{"category":"TV","brand":"ASANZO","model":"2000281","type":1,"version":"1.0","create_date":1695089851854,"protocol":"ASANZO","map_code":[{"key":"0","name":"0","code":"+9044-4506+612-500CdCdC-1646CdCdCdCdCeCe+614eCdF-1664FeCeCeCeCdCdCeCeCdCeCeCdCeCeCdCdCeCdCdC-39828A-2258C","mapping_code":"3_217_8_284138340","state":1},{"key":"1","name":"1","code":"+9046-4504+614-500+612dEdE-1646CdEdEdEdEfEfEfEdEfEfC-1644CfEfEdEfEdEfEdEdEfEdEfEdEfEdEfEfEdE-39792+9044-2246C","mapping_code":"3_149_8_284141910","state":1},{"key":"2","name":"2","code":"+9070-4500+616-502+612-500EfE-1646EfEfEfEfEg+614gEgEfEgEgEgEgEgEfEfEgEgEfEfEgEfEgEgHf+590-524EgEgEfE-39820+9044-2252E","mapping_code":"3_153_8_284137830","state":1},{"key":"3","name":"3","code":"+9042-4510+614-504+612-500EfE-1646EfEfEfEfEgEgEgEfEgEgEgC-1644CgEfEgCgEgEfEfE-1648+610fEgEfEfEfEgEgEfE-39820+9044-2254+616","mapping_code":"3_157_8_284145990","state":1},{"key":"4","name":"4","code":"+9046-4572+616-522+612-500EfE-1646EfEfEfEfEgEgEgEfEgEgEgEg+614fEgEgEfEgEfEgEgEgEfEfEgEfEgEfEfE-39796+9044-2260C","mapping_code":"3_214_8_284126100","state":1},{"key":"5","name":"5","code":"+9046-4508+616-502+612-500EfE-1646EfEfEfEfEgEgEg+614fEgH-1644HgEgEfEgEfEgHgEfEgEgHgEfEgEdEfEgEfEfE-39814+9044-2254E","mapping_code":"3_218_8_284122020","state":1},{"key":"6","name":"6","code":"+9046-4508+614-504+612-500EfE-1646CfEfEfEfEgEgEgEfEgEgEgCgEfE-1644EgEgEgEfEgEgEgEfEfEfEfEgEfEfE-39816+9044-2256+616","mapping_code":"3_222_8_284130180","state":1},{"key":"7","name":"7","code":"+9044-4510+614-502+612-500EfE-1646EdEfEfEfEgEgEgEfEgEgEgEgEfEgEgCfEgEfE-504+610-1644EgEdEfEgEfEgEgEfE-39814A-2258C","mapping_code":"3_150_8_284125590","state":1},{"key":"8","name":"8","code":"+9044-4502+612-500CdCdC-1646CdCdCdCdCeCe+614eCdCeFeCeCeCdCeC-502CeCeCdCdCeCeCdCeCdCgCeCeCgC-39796A-2246C","mapping_code":"3_154_8_284121510","state":1},{"key":"9","name":"9","code":"+9044-4508+614-502+612-500EfE-1646EfEfEfEfEgEgEgEfEgEgEgEgCfEgCgEgEgEfEfEgEgEfEfEfCfEgEgEfE-39792A-2260C","mapping_code":"3_158_8_284129670","state":1},{"key":"MUTE","name":"MUTE","code":"+9046-4504+616-504+612-500EfE-1646+614fEfEfEfEgEgEgEfEgEgEgEgEgEgEgHgEgE-502+610gEgEfEfEfEfEfEgEfEfE-39804+9042-2278H","mapping_code":"3_223_8_284162820","state":1},{"key":"INPUT","name":"INPUT","code":"+9046-4512+614-502+612-500EfE-1646EfEfEfEfEgEgEgEfEgEgEgEgCgEgEfEfEfEfEgEgEfEfEgEgEgCgEfEfE-39826+9044-2272C","mapping_code":"3_195_8_284148540","state":1},{"key":"REWIND","name":"REWIND","code":"+9046-4502+616-502+612-500EfE-1646EfEfEfEfEgEgEgEfEg+614gEgEgEgHfEgEfEfEfEgEgEfEgEfEgEgEgEfEfE-39798+9044-2244E","mapping_code":"3_197_8_284140380","state":1},{"key":"FAST_FORWARD","name":"FAST FORWARD","code":"+9044-4506+616-502+612-500EfE-1646EfEfEfEfEgEgEgEfEgEgEg+614gEfEfEgEfEfEfEgEgEgEgEfEgEgEgEfEfE-39810A-2256C","mapping_code":"3_196_8_284107740","state":1},{"key":"STOP","name":"STOP","code":"+9044-4506+614-502+612-500EfE-1644CfEfEfEfE-1646EhEhEfEhEhChEhEfEhEhEfEfEfEhEhEhEfEfEhE-1648+610hEfEdE-39790A-2246+616","mapping_code":"3_198_8_284124060","state":1},{"key":"SLEEP","name":"SLEEP","code":"+9072-4552+616-502+612-500EfE-1646EfEfEfEfEgEgEg+614fEgEgHgEgEgEfEgEfEgEdEgHgEdEgEfEgEfEgEfEdE-39842A-2270C","mapping_code":"3_213_8_284142420","state":1},{"key":"LAST","name":"LAST","code":"+9044-4524+614-506+612-500EfE-1646EfEfEfEfEgEgEgCfE-1662EgEgEgEgEfEgCgEgEfEgEgEfEgEfEfEfEgEfEfE-39788A-2248C","mapping_code":"3_221_8_284146500","state":1},{"key":"RECORD","name":"RECORD","code":"+9068-4488+612-500CdCdC-1646CdCdCdCdCeCeCeCdCeCeCeCe+614dCdCdFdCdCdCeCeCeCeCeCeCeFeC-502CdC-39864+9064-2250+616","mapping_code":"3_192_8_284099580","state":1},{"key":"RED","name":"RED","code":"+9072-4494+616-502+612-500EfE-1646EfEfEfEfEgEgEg+614fEgEgEgEgEgEgEfEfEgEdEgHgEfEfEgEgEfEgEfEfE-39836+9042-2268C","mapping_code":"3_211_8_284150580","state":1},{"key":"GREEN","name":"GREEN","code":"+9072-4496+616-504+612-500EfE-1646EfEfEfEfEgEgEgEfEgEgEgEgEfEgEfEfEg+614fEgEgEgEfEgEgEfEgEfEfE-39798A-2298H","mapping_code":"3_210_8_284117940","state":1},{"key":"BLUE","name":"BLUE","code":"+9122-4498+616-506+612-500EfE-1646EfEfEfEfEgEgEgEfEgEgEgEg+614fEfEfEfEgEfEgEgEgEgHgEgEfEgE-502EfE-39820+9044-2260C","mapping_code":"3_208_8_284101620","state":1},{"key":"YELLOW","name":"YELLOW","code":"+9072-4506+614-502+612-500EfE-1646EfEfEfE-504+608gEgEgCfEgEgEgEgEgEfEfEfEgEfEgEgEfEgEgEgEfEg+590-524Ef+610-39820+9044-2254C","mapping_code":"3_209_8_284134260","state":1},{"key":"POWER","name":"POWER","code":"+9096-4492+614-502+612-500EfE-1646EfEfEfEfEgEgEgEfEgEgEgEgEgCgEgEfEgEfEgEgEfEfEfEgEfEgEfEfC-39832+9072-2258+616","mapping_code":"3_215_8_284158740","state":1},{"key":"MENU","name":"MENU","code":"+9072-4500+614-502+612-500EfE-1646EfEfEfEfEgEgEgEfEgE-1648+610gEgEfEfEgEfEgCfEgEgEgEgEfEgEfEgEf+616-498E-39848+9068-2248E","mapping_code":"3_212_8_284109780","state":1},{"key":"UP","name":"UP","code":"+9074-4534+616-526+614-502+612-500G-1646GhGhGhGhGiGiGiGhGiGiEiGiGhGiGhGhGiGhGhGiEiGhGiEiGfGiGiGfG-39814+9044-2270C","mapping_code":"3_146_8_284117430","state":1},{"key":"DOWN","name":"DOWN","code":"+9074-4550+616-510+612-500EfE-1646EfEfEfEfEgEgEgEfEgEgEg+614gEfEfEfEgEgEfEgEgEgEgEgEfEfEgEfEfE-39798+9044-2278H","mapping_code":"3_216_8_284105700","state":1},{"key":"LEFT","name":"LEFT","code":"+9044-4598+616-528+612-500C-498E-1646EfEfEfEfEhEhEhEfEhEhEhEhEhEhEhEfEhEfEfEhEfEfEfEhEfEhEhEfE-39782A-2278+614","mapping_code":"3_151_8_284158230","state":1},{"key":"RIGHT","name":"RIGHT","code":"+9074-4496+616-502+612-500EfE-1646EfEfEfEfEgEgEgEfEgEgEgEgEgEgEgEgEgEfEfEgEfEfEfEfEfEgEgEfE-39828+9044-2256C","mapping_code":"3_159_8_284162310","state":1},{"key":"ENTER","name":"ENTER","code":"+9148-4532+616-502+612-500EfE-1646EfEfEfEfEgEgEgEfEg+614gEgEgEgEgEfEgEgHfEfEgEdEfEgEfEfEgEgEfE-39784+9066-2260C","mapping_code":"3_155_8_284154150","state":1},{"key":"VOLUME_UP","name":"VOLUME UP","code":"+9072-4554+616-516+612-500EfE-1646EfEfEfEfEgEgEgEfEgEgEgEgEg+614gE-502EfEfEfEfEgEfEfEgEgEgEgEgEfE-39768+9044-2280H","mapping_code":"3_131_8_284148030","state":1},{"key":"VOLUME_DOWN","name":"VOLUME DOWN","code":"+9072-4582+616-532+612-500EfE-1646EfEfEfEfEgEgEgEfEgEgEgEgEfEgEgEfEfE-502EfEgEg+614fEfEgEgEgEgEfE-39774A-2260I","mapping_code":"3_134_8_284123550","state":1},{"key":"CHANNEL_UP","name":"CHANNEL UP","code":"+9098-4508+614-502+612-500EfE-1646EfEfEfEfEgEgEgEfEgEgEgEgEdEfEfEfEfEfEfEgEgEgEgEgEgEgEgEfE-39878A-2274C","mapping_code":"3_128_8_284099070","state":1},{"key":"CHANNEL_DOWN","name":"CHANNEL DOWN","code":"+9074-4498+614-502+612-500EfE-1646EfEfEfEfEgEgEgEfEgEgEgCgEfEgEgEgEfEfEfEgEgEfEfEfEgEgEgEfE-39786+9044-2270C","mapping_code":"3_142_8_284127630","state":1}],"_id":"qMO04Otp2BiAnsIu"}
