{"category":"TV","brand":"HITACHI","model":"3282","type":1,"version":"1.0","create_date":1695265447224,"protocol":"HITACHI","map_code":[{"key":"0","name":"0","code":"+9212-4542+608-494C-492+606eFeC-1620FeFgCeF-1622CgCgCgCeFhFeFgCeFeFgChFeFeFeCeFhFhFeFeFhFhFhCgC-42134+9186-2234C","mapping_code":"3_12_80_183840975","state":1},{"key":"1","name":"1","code":"+9210-4524+608-494+606-492EfCfE-1620CfEgCfCgCgC-1622EhEfEhEfEgChEfEhEhEfEfEfEfEfEhEfEfEhCgChEhE-42170+9292-2328+610","mapping_code":"3_13_80_183873615","state":1},{"key":"2","name":"2","code":"+9216-4510+610-492+606dEdEdE-1620+608dE-1622GdEhEhEhEhGdEhEdGfGdEhEhGfGdEdEdEdEhGdEdGdEhEhEhEhG-42202+9214-2240C","mapping_code":"3_14_80_183857295","state":1},{"key":"3","name":"3","code":"+9184-4510+610-494+606-492+608fEfG-1620GfE-1622EfEhGhGhGiE-516EhGfEiGhGhGhGhGfGfEfGfEfEfEfEfEhGiEiEiE-42172+9182-2214E","mapping_code":"3_15_80_183889935","state":1},{"key":"4","name":"4","code":"+9238-4544+610-496+606-492+608fEfG-1620GfE-1622EfGhGhGhGiEfEhGfEiEfEfEiGhGhGfEfEfEiEiEfEfEfEiEiEiE-42134+9186-2240C","mapping_code":"3_28_80_183843015","state":1},{"key":"5","name":"5","code":"+9208-4508+610-492+608d+606dEdF-1622FdF-1620EdFgEhEhEhEdFgFdFhEgFdFhEhEgFdEdFdFdFhEdEdFdEhEhEhE-42200+9212-2248C","mapping_code":"3_29_80_183875655","state":1},{"key":"6","name":"6","code":"+9208-4506+608-496C-492+606eCeF-1620CeFgCeF-1622FhFhCgCeFhFeCgCeFhFhCgCgCeFeFeFhFeFeFeFeFhFhCgC-42208+9214-2242C","mapping_code":"3_30_80_183859335","state":1},{"key":"7","name":"7","code":"+9184-4524+608-492Cd+606dEdE-1622EdE-1620CdEfCgCgCgCdCgCdEfEgCfEfEfCgCdEdCdEdEdEdEdEdEfCgCgC-42162+9212-2232+610","mapping_code":"3_31_80_183891975","state":1},{"key":"8","name":"8","code":"+9208-4508+608-494+606-492EfEfC-1620CfE-1622CfEgChEhEhEfEgCfCgCfEfEhCfEfEfEfEfEhEhEfEgChEhEhEhE-42176+9182-2214+610","mapping_code":"3_4_80_183836895","state":1},{"key":"9","name":"9","code":"+9208-4548+610-506+608-492+606fE-496+602-1620EfEjEfEjG-1622GkGkEfGkGfGjEjEfEjEfGfEfGfEfGfEjEfGkGkGkGkEjE-42138+9186-2234C","mapping_code":"3_5_80_183869535","state":1},{"key":"MUTE","name":"MUTE","code":"+9186-4524+610-494+606-492EfEfE-1622+608fE-1620HfEgHiHiHiHfEgHfEgEgEgEfE-1640HfEfEfEfEfEfEiHfEgEgEgHiH-42152+9210-2256C","mapping_code":"3_11_80_183881775","state":1},{"key":"INPUT","name":"INPUT","code":"+9210-4516+610-494+608-492+606fGfG-1620EfG-1622EfGiGhEiGiEfGhEfEhEhEfGfGhEfGfGfGfGfGiGiGfGhEiGiGiG-42184+9186-2224E","mapping_code":"3_9_80_183865455","state":1},{"key":"REWIND","name":"REWIND","code":"+9208-4510+610-494+608-492+606fEfG-1622EfG-1620EfGiEhGhGhEfGhEfGhGhEfGhGfGfGfGiEfGfGhGfGhGhEiEfGhE-42200+9186-2226E","mapping_code":"3_69_80_183870045","state":1},{"key":"PLAY","name":"PLAY","code":"+9186-4546+610-504+606-492EfEf+608-1620EfE-1622GfEhGhGiEiEfEhGfEi+612-488EiEiEfEfEfEhGfEiEfEfEiEiGhGfEiE-42162A-2216C","mapping_code":"3_70_80_183853725","state":1},{"key":"FAST_FORWARD","name":"FAST FORWARD","code":"+9210-4518+610-492+608dC-488Ed+606-1622GdG-1620EdGhEiEiEiEdGhEdGiEiEhGhGdGdGdGiEdGdGdGdGiEhGhGdGiE-42160+9186-2220C","mapping_code":"3_71_80_183886365","state":1},{"key":"STOP","name":"STOP","code":"+9208-4504+610-494+606-492+608fEfE-1620GfE-1622GfEhGiEiEiEfEhGfGhGhGfEfEhGfEfEhGfEfEhGhGfG-1624+604hGfEiE-42184+9184-2216C","mapping_code":"3_73_80_183865965","state":1}],"_id":"aAAMkllGQjlIn1PA"}
