{"category":"TV","brand":"SKYWORTH","model":"1337","type":1,"version":"1.0","create_date":1695194547424,"protocol":"SKYWORTH","map_code":[{"key":"0","name":"0","code":"+9172-4518+600-542+598-1630E-500E-1628EgEgEgEgEgEgEgEgEgEgEgEgEgEgEgEgEgEgEgEgEhChEfEhEhChEhChE-40866+9178-2236+602","mapping_code":"3_0_10_1342177535","state":1},{"key":"1","name":"1","code":"+9172-4580+600-512+598-1628E-500EfEgE-498EgEgEgEgEgEgEgEgEgEgE-1630EgEgEgEgEgEgEgEgEfCfEfCfEfEiEfC-40846+9178-2238C","mapping_code":"3_1_10_1342210175","state":1},{"key":"2","name":"2","code":"+9172-4534+600-506+598-1630E-500E-1628EgEgEgEgEgEgEgEgEgEgEgEgEgEhCgEgEgEgEgEgEhEgEfEhEfEhEfEhE-40874+9178-2248C","mapping_code":"3_2_10_1342193855","state":1},{"key":"3","name":"3","code":"+9172-4532+600-508+598-1628C-500EfEgEgEgEgEgEgEgEgEgEgEgC-498EfE-1630EgEgEgEgEgEgEgEgEfEiEfCfEfCfE-40852+9178-2246+602","mapping_code":"3_3_10_1342226495","state":1},{"key":"4","name":"4","code":"+9198-4578+602-522+598-1628E-500Ef+600-498EgEgEgEgEgEgEgEgEgEgEgEgEgEfHgEgEgEgEgE-1630EfEgEfEjEfHfEfH-40834+9202-2246H","mapping_code":"3_4_10_1342185695","state":1},{"key":"5","name":"5","code":"+9172-4516+600-502+598-1628E-500EfC-498EgEgEgEgEgEgEgEgEgEgEgE-1630EgEfEgEgEgEgEgEgEfEgEfCfEfEiEfC-40866+9202-2256C","mapping_code":"3_5_10_1342218335","state":1},{"key":"6","name":"6","code":"+9176-4546+600-502+598-1628C-498EfC-500EhEhEhEhEhEhEhEhEhEhEhEhE-1630EfChEhEhEhEhEfChEgEiEfEiEfEiE-40870+9198-2228C","mapping_code":"3_6_10_1342202015","state":1},{"key":"7","name":"7","code":"+9176-4518+600-502+598-1628C-498CfE-500EhEhEhEhEhEhEhEhEhEhEhEfE-1630EfEhEhEhEhEhEhEhEhEiEfCfEfCfE-40876+9178-2268C","mapping_code":"3_7_10_1342234655","state":1},{"key":"8","name":"8","code":"+9150-4538+600-500+598-1628C-498CfEdEdEdEdEdEdEgEdEdEdEdEdEdEdEdEfEdEdEdEdEfEfCfEdEfCfE-1630EfE-40830+9198-2266C","mapping_code":"3_8_10_1342181615","state":1},{"key":"9","name":"9","code":"+9176-4522+600-500+598-1628CdE-1630EdEdEdEdEdEdEdEdEdEdEdEdEfEdEdEfCdEdEdEdEdEgEfEdEgEfEfCfE-40852+9178-2240C","mapping_code":"3_9_10_1342214255","state":1},{"key":"POWER","name":"POWER","code":"+9172-4512+600-500+598-1630EdE-1628EdEdEdEdEdEdEdEdEdEdEdEdEdEfEdEdEfEdEdEdEgEdEfEgEdEgCgEgC-40872+9178-2254C","mapping_code":"3_18_10_1342195895","state":1},{"key":"MENU","name":"MENU","code":"+9172-4524+600-500C-1628+598dFeFdFdFdFdFdFdFdFdFdFdFdFdF-1630FdFdFdFgFdFdFdFdFgFeFgFdFeFgFeF-40846+9178-2240C","mapping_code":"3_17_10_1342212215","state":1},{"key":"VOLUME_UP","name":"VOLUME UP","code":"+9176-4550+600-500+598-1630EdE-1628EdEdEdEdEdEdEdEdEdEdEdEdEgCdEfEgEdEdEdEdEdCgEdEdEfEgEfEgE-40840+9178-2252C","mapping_code":"3_13_10_1342222415","state":1},{"key":"VOLUME_DOWN","name":"VOLUME DOWN","code":"+9176-4532+600-502+598-1628E-500EfC-498EgEgEgEgEgEgEgEgEgEgEgEgEfCfE-1630EgEgEgEgEiEgEgEgEiEfEiEfC-40894A-2252C","mapping_code":"3_14_10_1342206095","state":1},{"key":"CHANNEL_UP","name":"CHANNEL UP","code":"+9176-4616+602-524+598-1630E-500E-1628+600-498EgEgEgEgEgEgEgEgEg+596gEgEfEhEfEhEgEgEgEgEgEgEgEgEfEhEfEhI-40828+9174-2228I","mapping_code":"3_15_10_1342238735","state":1},{"key":"CHANNEL_DOWN","name":"CHANNEL DOWN","code":"+9176-4542+600-500+598-1630EdE-1628EdEdEdEdEdEdEdE-516EdEdEdEdEdEdEdEdEgCdEdEdEfEgEfEgEdEgCgEfE-40858+9178-2234C","mapping_code":"3_16_10_1342179575","state":1},{"key":"MUTE","name":"MUTE","code":"+9172-4518+600-502+598-1628E-500EfCgE-498ChEgEgEgEgEgEgEgEgEgE-1630EfCgEiEgEgEgEgEgEgEiEgEfEiEfEiE-40866+9178-2244C","mapping_code":"3_11_10_1342230575","state":1},{"key":"INPUT","name":"INPUT","code":"+9254-4606+600-514+598-1628E-500EfCgEgE-498EgEgEgEgEgEgEgEgEgEgEgE-1630EgEfEgEgEgEfCfEgEfEgEiEfEiE-40864+9178-2234C","mapping_code":"3_20_10_1342187735","state":1},{"key":"LAST","name":"LAST","code":"+9178-4548+602-510+598-1628+600-498E-1630E-500EjEjEjEjEjEjEjEjEjEjEjEjEjEiEfGjEjEjEjEiEfEjEjEfGfEfGfE-40862A-2256G","mapping_code":"3_12_10_1342189775","state":1}],"_id":"fY3PFWfkAWuvBJT0"}
