{"category":"TV","brand":"SKYWORTH","model":"2312","type":1,"version":"1.0","create_date":1695108843194,"protocol":"SKYWORTH","map_code":[{"key":"0","name":"0","code":"+9164-4514+600-500+598-498EfEfEfEfEfEfE-1626EgEgEgEgEgEfEgEfEfEgEgEfEfEfEfEgEgEfEfEgEgEgEgE-42728+9166-2248C","mapping_code":"3_12_48896_16593103","state":1},{"key":"1","name":"1","code":"+9160-4534+600-500+598-498EfEfEfEfEfEfE-1626EgEgEgEgEgEfEgEfEgEfEfEfEfEfC-496EgEfEgEgEgEgEgEgE-42690+9164-2218C","mapping_code":"3_2_48896_16597183","state":1},{"key":"2","name":"2","code":"+9188-4610+600-512+598-498EfEfEfEfEfEfE-1626EgEgEgCgEgEfEgEgEgEfEfEfEfEfEfEfEfEgEgEgEgEgEgE-42700+9160-2218C","mapping_code":"3_3_48896_16629823","state":1},{"key":"3","name":"3","code":"+9164-4548+600-500+598-498EfEfEfEfEfEfE-1626EgEgEgEgEgEfEgEfEfEgEfEfEfEfEfEgEgEfEgEgEgEgEgE-42728+9162-2224C","mapping_code":"3_4_48896_16589023","state":1},{"key":"4","name":"4","code":"+9190-4530+600-500+598-498EfEfEfEfEfEfE-1626EgEgEgEgEgEfEgEgEfEgEfEfEfEfEfEfEgEfEgEgEgEgEgE-42730+9164-2230C","mapping_code":"3_5_48896_16621663","state":1},{"key":"5","name":"5","code":"+9190-4530+600-500+598-498EfEfE-496EfEfEfE-1626EhEhEhEhEhEfEhEfEhEhEfEfEfEfEfEhEfEfEhEhEhEhEhE-42734+9164-2248C","mapping_code":"3_6_48896_16605343","state":1},{"key":"6","name":"6","code":"+9190-4538+600-504+598-498EfEfEfEfEfEfE-1626EgEgEgEgEgEfEgEgEgEgEfEfEfEfEfEfEfEfEgEgEgEgEgE-42718+9218-2378C","mapping_code":"3_7_48896_16637983","state":1},{"key":"7","name":"7","code":"+9164-4526+600-498+598dEdEdEdEdEdEdE-1626EfEfEfEfEfEdEfEdEdEdEfEdEdEdEdEfEfEfEdEfEfEfEfE-42742+9190-2242C","mapping_code":"3_8_48896_16584943","state":1},{"key":"8","name":"8","code":"+9188-4514+600-500+598-498EfEfEfEfEfEfE-1626EgEgEgEgEgEfEgEgEfEfEgEfEfEfEf+624fEgEgEfEgEgEgEgE-42722+9218-2394C","mapping_code":"3_9_48896_16617583","state":1},{"key":"9","name":"9","code":"+9190-4588+622-506+598-498EfEfEfEfEfEfE-1626EgEgEgEgEgEfEgEfEgEfEgEfEfEfEfEgEfEgEfEgEgEgEgE-42706A-2228+600","mapping_code":"3_10_48896_16601263","state":1},{"key":"POWER","name":"POWER","code":"+9164-4544+600-500+598-498EfEfEfEfEfEfE-1626EgEgE-1628EgEgEfEgEfEfEfEfEfEfEfEfEg+602-1622EgEgEgEgEgEgE-42736+9216-2280C","mapping_code":"3_0_48896_16580863","state":1},{"key":"MENU","name":"MENU","code":"+9164-4536+600-500+598-498EfEfEfEfEfEfE-1626EgEgEgEgEgEfEgEfEgEgEfEgEfEfEfE-1648EfEfEgEfEgEgEgE-42708+9214-2286C","mapping_code":"3_22_48896_16607383","state":1},{"key":"VOLUME_UP","name":"VOLUME UP","code":"+9188-4522+600-500+598-498EfEfEfEfEfEfE-1626EgEgEgEgEgEfEgEfEfEfEgEfEfEgEfEgEgEgEfEgEgEfEgE-42714+9164-2260C","mapping_code":"3_72_48896_16585453","state":1},{"key":"VOLUME_DOWN","name":"VOLUME DOWN","code":"+9216-4548+600-500+598-498EfEfEfEfEfEfE-1626EgEgEgEgEgEfEgEgEfEfEgEfEfEgEfEfEgEgEfEgEgEfEgE-42744+9164-2226C","mapping_code":"3_73_48896_16618093","state":1},{"key":"CHANNEL_UP","name":"CHANNEL UP","code":"+9160-4508+600-500+598-498EfEfEfEfEfEfE-1626EgEgEgEgEgEfEgEfEgEfEgEfEfEgEfEgEfEgEfEgEgEfEgE-42764+9190-2266C","mapping_code":"3_74_48896_16601773","state":1},{"key":"CHANNEL_DOWN","name":"CHANNEL DOWN","code":"+9188-4520+600-500+598-498EfEfEfEfEfEfE-1626EgEgEgEgEgEfEgEgEgEfEgEfEfEgEfEfEfEgEfEgEgEfEgE-42698+9164-2226C","mapping_code":"3_75_48896_16634413","state":1},{"key":"MUTE","name":"MUTE","code":"+9190-4546+600-514+598-498EfEfEfEfEfEfE-1626EgEgEgEgEgEfEgEgEfEfEfEfEfEfEfEfEgEgEgEgEgEgEgE-42748+9164-2234C","mapping_code":"3_1_48896_16613503","state":1},{"key":"INPUT","name":"INPUT","code":"+9164-4544+600-512+598-498EfEfEfEfEfEfE-1626EgEgEgEgEgEfEgEgEgEgEgEfEfEfEfEfEfEfEfEgEgEgEgE-42738+9166-2262C","mapping_code":"3_15_48896_16642063","state":1},{"key":"REWIND","name":"REWIND","code":"+9164-4530+600-498+598dEdEdEdEdEdEdE-1626EfEfEfEfEfEdEfEdEfEfEdEfEdEfEdEfEdEdEfEdEfEdEfE-42690A-2214C","mapping_code":"3_86_48896_16607893","state":1},{"key":"PLAY","name":"PLAY","code":"+9190-4522+600-500+598-498EfEfEfEfEfEfE-1626EgEgEgEgEgEfEgEgEfEfEfEgEfEgEfEfEgEgEgEfEgEfEgE-42674+9164-2236C","mapping_code":"3_81_48896_16616053","state":1},{"key":"STOP","name":"STOP","code":"+9164-4516+600-500+598-498EfEfEfEfEfEfE-1626EgEgEgEgEgEfEgEfEgEfEfEgEfEgEfEgEfEgEgEfEgEfEgE-42744+9166-2288C","mapping_code":"3_82_48896_16599733","state":1},{"key":"EXIT","name":"EXIT","code":"+9164-4546+600-504+598-498EfEfEfEfEfEfE-1626EgEgEgEgEgEfEgEgEfEgEfEgEfEfEfE-500+596gEfEgEfEgEgEgE-42716A-2280I","mapping_code":"3_21_48896_16623703","state":1},{"key":"LAST","name":"LAST","code":"+9164-4552+600-506+598-498EfEfEfEfEfEfE-1626EgEgEgEgEgEfEgEgEfEgEgEfEfEfEfEfEgEfEfEgEgEgEgE-42752+9190-2224C","mapping_code":"3_13_48896_16625743","state":1},{"key":"PREVIOUS","name":"PREVIOUS","code":"+9162-4526+600-510+598-498EfEfEfEfEfEfE-1626EgEgEgEgEgEfEgEfEfEgEfEgEfEgEfEgEgEfEgEfEgEfEgE-42688+9164-2234C","mapping_code":"3_84_48896_16591573","state":1},{"key":"NEXT","name":"NEXT","code":"+9164-4530+600-500+598-498EfEfEfEfEfEfE-1626EgEgEgEgEgEfEgEgEfEgEfEgEfEgEfEfEgEfEgEfEgEfEgE-42742+9166-2278C","mapping_code":"3_85_48896_16624213","state":1},{"key":"RED","name":"RED","code":"+9160-4506+600-500+598-498EfEfEfEfEfEfE-1626EgEgEgEgEgEfEgEfEfEgEgEfEfEgEfEgEgEfEfEgEgEfEgE-42754+9164-2238C","mapping_code":"3_76_48896_16593613","state":1},{"key":"GREEN","name":"GREEN","code":"+86-37444+9166-4508+600-500+598-498GhGhGhGhGhGhG-1626GiGiGiEiGiGhGiGiGhGiGiGhGhGiGhGhGiGhGhGiGiGhGiG-42736C-2272+680","mapping_code":"-1_0_0_1729351439","state":1},{"key":"BLUE","name":"BLUE","code":"+9160-4512+600-500+598-498EfEfEfEfEfEfE-1626EgEgEgEgEgEfEgEgEgEgEgEfEfEgEfEfEfEfEfEgEgEfEgE-42714+9164-2238C","mapping_code":"3_79_48896_16642573","state":1},{"key":"YELLOW","name":"YELLOW","code":"+9164-4514+600-500+598-498EfEfEfEfEfEfE-1626EgEgEgEgEgEfEgEfEgEgEgEfEfEgEfEgEfEfEfEgCgEfEgE-42744A-2270C","mapping_code":"3_78_48896_16609933","state":1},{"key":"PICTURE_MODE","name":"PICTURE MODE","code":"+9164-4532+600-500+598-498EfEfEfEfEfEfE-1626EgEgCgEgEgEfEgEgEfEfEfEfEfEgEfEfEgEgEgEgEgEfEgE-42742+9166-2242C","mapping_code":"3_65_48896_16614013","state":1},{"key":"SOUND_MODE","name":"SOUND MODE","code":"+9162-4514+600-500+598-498EfEfEfEfEfEfE-1626EgEgEgEgEgEfEgEfEgEfEfEfEfEgEfEgEfEgEgEgEgEfEgE-42700+9164-2272C","mapping_code":"3_66_48896_16597693","state":1},{"key":"FAST_FORWARD","name":"FAST FORWARD","code":"+9162-4524+600-500+598-498EfEfEfEf+596fEfE-1628E-1626EhEiEhEiEfEiEiEiEiEfEiEfGhEfEfEfGdEiEfEiEfEiE-42686A-2212C","mapping_code":"3_87_48896_16640533","state":1}],"_id":"D1fNMWt3Y1przarg"}
