{"category":"TV","brand":"SKYWORTH","model":"2615","type":1,"version":"1.0","create_date":1695112679463,"protocol":"SKYWORTH","map_code":[{"key":"0","name":"0","code":"+438-1576+418-1572+366-1624+392-628+390-630+388hI-1598IhIlIhIhIlIhKjKhIhI-27974+416-1600IlIlIhIhKjKlIhIlIhIhKoIhIhIjKhI","mapping_code":"12_0_0_58000","state":1},{"key":"1","name":"1","code":"+440-1574+418-1570+366-1624+390-628GhGhG-1598Gh+388-630JkJhGhGhGhGhGhG-29904G-1620GiGiGhGhG-642G-1600GhGhGhGhGhGhGhGhJkG","mapping_code":"12_0_0_57856","state":1},{"key":"2","name":"2","code":"+436-1578+416-1574+366-1622+392-628+390h+388hI-1598IhIhIhIhJ-1600IhIhIhIhI-28946ClIkIkIhIhIhIkIhIhIhIhJlI-630JnJnJnJ","mapping_code":"12_0_0_57872","state":1},{"key":"3","name":"3","code":"+440-1574+418-1570+366-1624+392-628+390-630IhI-1598IhIhIhIhIhIkIhIhIhI-28998C-1612I-1620IkIhIh+388jOkIhIhIhIhOjO-1600IhIhIhI","mapping_code":"12_0_0_57864","state":1},{"key":"4","name":"4","code":"+440-1574+418-1572+366-1624+392-628+390hIhI-1598I-630+388kIhLhIjIjIhIhIhI-27942IjGjIjIhIhIhIjIkLhIkLhI-1600IjIkLkLkL","mapping_code":"12_0_0_57880","state":1},{"key":"5","name":"5","code":"+440-1574+418-1572+366-1624+392-628+390hIhI-1598I-630+388kLhIhIhIkLjIhIhI-28920IjIjIjIhIkLkL-1600IhIhIhIhIhIhIjIkLkL","mapping_code":"12_0_0_57860","state":1},{"key":"6","name":"6","code":"+440-1574+418-1570+366-1624+392-628+390-630IhI-1598IhIhIhIhIkIhIkIj+388jL-27956G-1610IkIkIhIhLjL-1600IhIhIhIhIkIhLoIjLjL","mapping_code":"12_0_0_57876","state":1},{"key":"7","name":"7","code":"+440-1574+418-1572+366-1624+390-628GhGhG-1598GhGhGhGhGhGiG-1600GhGhG-27948GiGiGiGhGhGhGiGhGhGhGhGhGiGjG-630+388l+442","mapping_code":"12_0_0_57868","state":1},{"key":"8","name":"8","code":"+440-1574+418-1572+366-1624+392-628+390-630+388jK-1598IhIhIhIhK-1600IlIlIhIhI-27002+416mIlIlI-658IhIhIlIjKjKjKjKmIlImIjKjK","mapping_code":"12_0_0_57884","state":1},{"key":"9","name":"9","code":"+440-1574+418-1570+366-1624+390-628G-630+388hG-1598GhGkGhGhJiJiJiJiJiJ-28932+392-1610GkGkGhGhJiJ-1600GhGkGiGhJiJiJiGhJiJ","mapping_code":"12_0_0_57984","state":1},{"key":"MENU","name":"MENU","code":"+440-1574+418-1572+366-1624+392-628+388-630IjI-1598+390hLhLkLkLkLkLkLkLkL-23100G-1616LkLkLhLhLhLkLjIjIkLkLkLkLkLkL-1600L","mapping_code":"12_0_0_57983","state":1},{"key":"VOLUME_UP","name":"VOLUME UP","code":"+440-1574+418-1572+366-1624+392-628+390hIhI-1598IhIhIjIhIhIhIjI-630+388kL-27956G-1614IjIjIhIhIhIjIkLkL-1600IhIhIhIjIkLkL","mapping_code":"12_0_0_57924","state":1},{"key":"VOLUME_DOWN","name":"VOLUME DOWN","code":"+438-1576+418-1572+366-1624+390-628GhGhG-1598Gh+388-630J-1600GhGiGhGiGkJkJ-26974GiGiGiGhGhGhGiGkJkJlGhGiGkGiGkJkJ","mapping_code":"12_0_0_57940","state":1},{"key":"CHANNEL_UP","name":"CHANNEL UP","code":"+440-1574+418-1572+366-1624+392-628+390hIhI-1598IhIhIjIhI-1600IhIhIhIh+388-27982+416-1602IjIjI-630IhLpLkIhIpLjIhLkIpLpLpLpL","mapping_code":"12_0_0_57936","state":1},{"key":"CHANNEL_DOWN","name":"CHANNEL DOWN","code":"+440-1574+418-1572+366-1662+392-628+390hIhI-1598IhIh+388jIhIhIjIhIhIhI-27956G-1610IjIjIhIhIhIjIhK-630K-1600InKnKoIhIhKnI","mapping_code":"12_0_0_57928","state":1},{"key":"MUTE","name":"MUTE","code":"+440-1574+418-1572+366-1624+390-628GhGhG-1598GhGhGiG-630+388jK-1600GiGhGhG-26998+416-1602GiGiGjKhGjKiGhGhGiGhGhKlGlGhGhG","mapping_code":"12_0_0_57932","state":1},{"key":"LAST","name":"LAST","code":"+442-1576+418-1572+366-1624+390-628GhGhG-1598G-630+388-1600GiGiGjKjKjKjKjK-26992KfGiGiGhGjKjKlGhGiGlGlGhKjKjGhKjK","mapping_code":"12_0_0_58080","state":1},{"key":"POWER","name":"POWER","code":"+9152-4528+600-500+598-498EfE-1628EfEfEfEfEgE-1626EgEfEgEgEgEgEhEfEgEfEfEfEfEfEfEgEfEgEgEgEgEgE-41592A-2242C","mapping_code":"3_5_8_284139615","state":1}],"_id":"L8pULwv4B8N7Xyg2"}
