{"category":"TV","brand":"SKYWORTH","model":"3188","type":1,"version":"1.0","create_date":1695118880727,"protocol":"SKYWORTH","map_code":[{"key":"0","name":"0","code":"+4626-4536+602-498+598-1626+600dEfG-496GhGd+596dGhGfGdEfGhGhGhGdEhEdGhGhGhEdGhEdE-1628EfGfEfGfGfEfGfG","mapping_code":"7_0_10_1347420415","state":1},{"key":"1","name":"1","code":"+4598-4556+602-502+600-1626E-498+598fE-496EiEiEiEiEfHgHfEgHgHgHgHfEiHgHgHgHgHd+594gHgHfEfEfHfEfH-1628HfE","mapping_code":"7_1_10_1347453055","state":1},{"key":"2","name":"2","code":"+4622-4520+602-498+598-1626+600dEfEdEdEdEdEdEfEdEfG-496EdGhEdEdEfGdEdGhEdEdEdEfGdEfEfE-1628EfGfEfE","mapping_code":"7_2_10_1347436735","state":1},{"key":"3","name":"3","code":"+4600-4560+624-498+598-1626+600-496GfGdEdEdEdEhGfEdEfGhEdEdEdEfGfEdEdEdEdEdEdEdEdEfEfGfEfGfEfG","mapping_code":"7_3_10_1347469375","state":1},{"key":"4","name":"4","code":"+4600-4526+600-500C-1626C-496CeC-498+598gHgHfCfCeCgHeHgHgHgHgHgHgHeHgHgHgHgHgHeHeCgHeHeCeHeCeH","mapping_code":"7_4_10_1347428575","state":1},{"key":"5","name":"5","code":"+4600-4542+624-498+600-1626Ed+598fEdGdGdGdGdGfGdGfEdGdGdGdGfEdGfGdGdGdGdGdGdGfEdGfG-1628GfEfGfE","mapping_code":"7_5_10_1347461215","state":1},{"key":"6","name":"6","code":"+4600-4526+600-500+598-1626C-496CfC-498EhEhEhEhEfCgCfEhEhEhEhEhEfCfEhEhEhEhEhEfC-502+594hEfCfEfC-1628EkE","mapping_code":"7_6_10_1347444895","state":1},{"key":"7","name":"7","code":"+4626-4542+600-498C-1626Cd+598eC-496FdFdFdFdFeCgFeCdFdFgFdFeCeCeFdFdFdFdFdFdCgFdFeCeFeCeFeC","mapping_code":"7_7_10_1347477535","state":1},{"key":"8","name":"8","code":"+4600-4524+602-498+598-1626+600dEfEdEdEdEdEdEfEdEfGdEdEdE-496EdEdEdEfGdEdEdEhEfGfGfEdEfE-1628EfGfE","mapping_code":"7_8_10_1347424495","state":1},{"key":"9","name":"9","code":"+4600-4542+602-506+598-1626+600-498EfG-496GiGiGiEhEfGhEfGhEhEhEhEfEhEhEfGhEhEhEhEhEfEfGhEfGfEfGfE","mapping_code":"7_9_10_1347457135","state":1},{"key":"POWER","name":"POWER","code":"+4626-4548+600-498C-1626Cd+598eC-496CgFdFdFdFeCgCeCdFdFdFdF-1628FeCdFdFeCdFdFdFdFgFhFeFdFeCeFeC","mapping_code":"7_19_10_1347471415","state":1},{"key":"MENU","name":"MENU","code":"+4600-4648+600-518+598-1626C-496CfC-498EgCgCgCgCfEhEfEhEhEhEhEfEhEhEhEfChEhEgCgEfCfEfChEfEfCfE","mapping_code":"7_17_10_1347455095","state":1},{"key":"CHANNEL_UP","name":"CHANNEL UP","code":"+4626-4600+602-506+598-1626+600-496GfG-498EiEiG-494GiEfEiEfGhEiEiEiEfGfEfGfEiEiEiEiEiEiEhGhE-1628EfGfEfG","mapping_code":"7_15_10_1347481615","state":1},{"key":"CHANNEL_DOWN","name":"CHANNEL DOWN","code":"+4726-4520+602-504+598-1626+600-498EfG-496GiGiGiGiGfEhEfGhE-500+596hEhEhEhEhEhEfEhEhEhEfGfGfEfGhEfEfGfG","mapping_code":"7_16_10_1347422455","state":1},{"key":"VOLUME_UP","name":"VOLUME UP","code":"+4600-4566+626-504+598-1626+600-496GfG-498EiEhGhGhGfGiEfEiEiEiEiEfGhEfGfEiEiEiEiEiEfEiEiEfGfEfGfE","mapping_code":"7_13_10_1347465295","state":1},{"key":"VOLUME_DOWN","name":"VOLUME DOWN","code":"+4622-4538+600-500+598-1626C-496CfC-498EgCgCgCgCfChEfCgEhEhEhEhEfCfCfCgEhEhEhEfCgEhEhEfCfEfCfE","mapping_code":"7_14_10_1347448975","state":1},{"key":"MUTE","name":"MUTE","code":"+4600-4520+602-498+598-1626+600dEfEdEdEdEdEdEfGdEfG-496EdEdEdE-1628EfGdEfE-500+596dEdEdEdEdEfGdEfC-1638GfEfG","mapping_code":"7_11_10_1347473455","state":1},{"key":"INPUT","name":"INPUT","code":"+4622-4508+600-500+598-1626C-496CfCgCgE-498EhEhEfChEfCgEhCgCgE-1628EhEfChEfEhEhEhEhEfChEfChEfEfCfE","mapping_code":"7_21_10_1347463255","state":1},{"key":"DISPLAY","name":"DISPLAY","code":"+4600-4526+600-500+598-1626C-496CfC-498EhEhEhEhEfCgCfEhEhEhEhEhEfCfEhE-1628EhEhEhEfChEhEfEhEfCfCfE","mapping_code":"7_22_10_1347446935","state":1}],"_id":"ZYGvrMD6kvnR7shm"}
