{"category":"TV","brand":"SKYWORTH","model":"397","type":1,"version":"1.0","create_date":1695113346326,"protocol":"SKYWORTH","map_code":[{"key":"0","name":"0","code":"+4620-4540+606-1634+604-1632E-1630E-500+602fE-498EjEjEfEfEfEhIfEhIhIhIfEhIhIhIfEhIhIhIhIfEfEfEhIfEfEfE-46362+4646-4518C-502I","mapping_code":"7_17_23_3907553399","state":1},{"key":"1","name":"1","code":"+4620-4540+606-1632+604dEdE-498+602dE-500GhEfGdEdEdEhGdEfGhGhGhGhGdEhGhGhGhGhGdEdEhGdEdEdEdEdE-46382+4648-4524C-502G","mapping_code":"7_4_23_3907526879","state":1},{"key":"2","name":"2","code":"+4646-4536+606-1634+604-1632E-1630E-500+602fE-498EjEjEfEfEfEjIfEhIhIhIfEjIfEhIhIhIhIhIhIfEhIfEfEfEfEfE-46412+4650-4534C-502I","mapping_code":"7_5_23_3907559519","state":1},{"key":"3","name":"3","code":"+4620-4546+606-1634+604-1632EfE-498EfEgEgEg+602fEfEfE-500HfEiHiHiHiHfEfEiHiHiHiHiHfEiHiHfEfEfEfEfE-46380+4648-4584E-524E","mapping_code":"7_6_23_3907543199","state":1},{"key":"4","name":"4","code":"+4620-4550+606-1634+604-1632EfE-498EfE-500+602hIhIfEfEfEhIfEgIhIhIhIhIhIfEhIhIhIhIfEfEfEhIfEfEfEfE-46382+4650-4580ChE","mapping_code":"7_8_23_3907522799","state":1},{"key":"5","name":"5","code":"+4644-4548+606-1634+604-1632EfE-500+602fE-498EgHiEfEfEfEiHfEgHgHgHfEgHgHfEgHgHgHgHgHfEfEgHfEfEfEfE-46364+4650-4592C-508H","mapping_code":"7_9_23_3907555439","state":1},{"key":"6","name":"6","code":"+4620-4562+628-1632+604dEdE-500+602dE-498EhEhEdE-1630EdEhEdEfGfGfGfGdEfGdEhGfGfGfGdEfGdGfGdEdEdEdE-46396+4648-4540+606fE","mapping_code":"7_10_23_3907539119","state":1},{"key":"7","name":"7","code":"+4620-4596+628-1630+604dE-1632E-498+602fE-500HiHgEfEfEfEiHfEgHiHiHiHiHfEfEiHiHiHiHfEfEiHiHfEfHfEfE-46368+4624-4544+606iE","mapping_code":"7_12_23_3907530959","state":1},{"key":"8","name":"8","code":"+4646-4552+606-1642+604-1632EfE-500+602fEgH-498EgHfEfEfEgHfEgHgHgHfEgHfEfEgHgHgHgHgHfEgHgHfEfEfHfE-46376+4648-4528CgH","mapping_code":"7_13_23_3907563599","state":1},{"key":"9","name":"9","code":"+4622-4540+604-1634C-1632CeC-498CeC-500+602gHgHeCeCeCgHeCgHgHgHgHeCeCeCgHgHgHgHeCgHgHgHeCeCeCeC-46376+4644-4528+606gH","mapping_code":"7_14_23_3907547279","state":1},{"key":"POWER","name":"POWER","code":"+4622-4556+606-1634+604-1632EfE-498EfE-500+602hIhIfEfEfEhIfEgIhIhIhIfEhIhIhIhIhIhIfEhIfEfEfEfEfEfE-46398+4650-4534C-502I","mapping_code":"7_2_23_3907535039","state":1},{"key":"MENU","name":"MENU","code":"+4620-4546+606-1634+604-1630E-1632E-498+602gE-500EhIhEgEgEgEjIgEhIjIjIjIgEjIgEgEjIjIjIgEjIgEjIjIgIgEgE-46344+4644-4522CjE","mapping_code":"7_26_23_3907541159","state":1},{"key":"VOLUME_UP","name":"VOLUME UP","code":"+4620-4546+606-1634+604-1632EfE-500+602fE-498EiEiHfEfEfEgHfEiHgHgHfEfEfEgHgHgHgHgHgHgHgHfEfEfEfEfE-46366+4622bC-502H","mapping_code":"7_7_23_3907575839","state":1},{"key":"VOLUME_DOWN","name":"VOLUME DOWN","code":"+4620-4726+606-1640+604-1632E-1630E-498EfE-500+602iJiJfEfEfEhJfEiJiJiJfEfEiJfEiJiJiJiJiJiJfEiJfEfEfEfE-46390+4648-4530CiE","mapping_code":"7_11_23_3907571759","state":1},{"key":"CHANNEL_UP","name":"CHANNEL UP","code":"+4620-4540+606-1634+604-1632EfE-498+602fEgEgEgEfEfEfE-500HfEgHiHiHiHfEiEgHfEiHiHiHfEiHfEfEiHfEfEfE-46362A-4554CiE","mapping_code":"7_18_23_3907537079","state":1},{"key":"CHANNEL_DOWN","name":"CHANNEL DOWN","code":"+4644-4534+606-1634+604-1632EfE-498EfE-500+602hIhIfEfEfEhIfEhIhIhIgIhIhIhIfEhIhIhIfEfEfEfEhIfEfEfI-46370+4676-4616C-520I","mapping_code":"7_16_23_3907520759","state":1},{"key":"MUTE","name":"MUTE","code":"+4622-4546+606-1634+604-1630E-1632E-498EgE-500+602iJiJgEgEgEiJgEiJiJhEgEgEgEgEiJiJiJiJiJiJiJiJgEgEgEgE-46388+4650-4532CiE","mapping_code":"7_15_23_3907579919","state":1},{"key":"INPUT","name":"INPUT","code":"+4620-4540+606-1632+604dEdE-498+602dE-500GhGhGdEdEdEhGdEhGhGhGdEhGdEfGdEhGhGhGhGdEhGdEhGdEdEdE-46368+4650-4576ChG","mapping_code":"7_21_23_3907561559","state":1},{"key":"FAST_FORWARD","name":"FAST FORWARD","code":"+4618-4540+606-1632+604dEdE-500+602dE-498EhGfGdE-1634+600dEfGdEfGfGfGdEfGfGfGfGfGfGfGfGdEdEdEdEdEdEdE-46338+4622-4536CfG","mapping_code":"7_1_23_3907551359","state":1},{"key":"INFO","name":"INFO","code":"+4646-4542+606-1634+604-1630E-1632E-498EgEh+602-500IjIgEgEgEjIgEjIhEhIjIgEgEjIjIgEjIjIgEjIjIgEgEjIgEgE-46364+4644-4610+630-510I","mapping_code":"7_38_23_3907544219","state":1},{"key":"SLEEP","name":"SLEEP","code":"+4618-4584+606-1652+604-1632E-1630E-500+602fE-498IhIhIfEfEfEjIfEhIhIhIhIfEhIhIhIfEhIhIfEhIfEfEfEhIfEfE-46334+4622-4534ChI","mapping_code":"7_34_23_3907536059","state":1},{"key":"LAST","name":"LAST","code":"+4648-4578+632-1638+604-1632EfE-498EfE-500+602hIhIfEfEfEhIfEhIhIgIhIfEfEhIfEhIhIhIfEhIhIfEhIfEf+606-1630E-46378A-4530JhE","mapping_code":"7_22_23_3907545239","state":1},{"key":"RED","name":"RED","code":"+4622-4544+606-1632+604dEdE-500+602dE-498EhG-502+600dEdEdEhEdEfGfGfGdEdEfGdEdEfGfGfGfGfGdEfGfGdEdEdE-46376+4648-4530CfE","mapping_code":"7_27_23_3907573799","state":1},{"key":"GREEN","name":"GREEN","code":"+4646-4548+606-1634+604-1632EfE-498EfEgEg+602-500E-1630EfEfEiHfEiHiHiHiHiHfEfEiHfEiHiHfEfEiHiHfEiHfEfE-46376+4644-4578+628-510H","mapping_code":"7_44_23_3907531979","state":1},{"key":"BLUE","name":"BLUE","code":"+4644-4546+606-1634+604-1632EfE-500+602fE-498HgHgHfEfEfEgHfEgHgHgHfEfEgHfEgHfEgHgHgHgHfEgHfEgHfEfE-46390+4648-4530CgH","mapping_code":"7_43_23_3907572779","state":1}],"_id":"AB3YsCrdFAUNYyEI"}
