{"category":"TV","brand":"SKYWORTH","model":"4329","type":1,"version":"1.0","create_date":1695112266759,"protocol":"SKYWORTH","map_code":[{"key":"0","name":"0","code":"+9202-4530+602-498+600-496EfEfEfE-1624EfEfEgCgE-1626EgCgEfEfEhEfEgCgEfEfEfEfEfEhEf+598dIhEhEhEhEhE-42782+9180-2226C","mapping_code":"3_6_40736_83452063","state":1},{"key":"1","name":"1","code":"+9178-4528+602-498+600-496EfEfEfE-1624EfEfEgE-1626E-1630+594hEgEfEfEhEgEfEhEf+598fEfEgEfEfEgEfEhEhEhEdKhE-42754A-2226C","mapping_code":"3_69_40736_83468893","state":1},{"key":"2","name":"2","code":"+9178-4536+602-498+600-496EfEfEfE-1624EfEfEgCgCgEgCgEfEfE-1626EfEfEfEfEgEd+598fEfEhEhEhEhEfEgEhEhE-42744+9232-2282C","mapping_code":"3_16_40736_83429623","state":1},{"key":"3","name":"3","code":"+9204-4534+604-498+600-496EfEd+598fE-1626EfEfE-1624EhEi+602iEhEfEfEiJiEfEfEfEhEfEfGdEfEiEhEhEdGhEhEiE-42764+9152-2240C","mapping_code":"3_17_40736_83462263","state":1},{"key":"4","name":"4","code":"+9178-4512+602-498+600-496EfEfEfE-1624CfEfEgEgCgE-1626EgCfEfEgEhEgCfEhEfEfEfEfEfEfEhEfEgEhEhEgE-42736+9206-2272C","mapping_code":"3_11_40736_83480623","state":1},{"key":"5","name":"5","code":"+9176-4540+602-498+600-496EfEfEfE-1624CfEfEgEgCgEgCgEfEfEgCd+596fEfE-1626EfEf+598dJfEiEgEiEfEgEiEgEiE-42742+9152-2244C","mapping_code":"3_8_40736_83431663","state":1},{"key":"6","name":"6","code":"+9204-4586+602-498+600-496EfEfEfE-1624CfEfEgE-1626EgCgEgCfEfEgEhEfEfEgCfEfEd+598fEfEgEhEfEgEhEhEgE-42748+9178-2252+604","mapping_code":"3_9_40736_83464303","state":1},{"key":"7","name":"7","code":"+9178-4526+602-498+600-496EfEfEfE-1624EfEfEgEgCgCgEgEfEfE-1626EgEhEgEfEfEfEgEd+598fEfEfEhEhEhEfIhE-42704+9154-2252+604","mapping_code":"3_71_40736_83485213","state":1},{"key":"8","name":"8","code":"+9176-4508+602-498+600-496EfEfEfE-1624CfEfE-1626EgCgEhEgCfEfEgEgCgEfEhEfEfEhEf+598dEfEgEdIhEgEdIhE-42746+9154-2234+604","mapping_code":"3_75_40736_83481133","state":1},{"key":"9","name":"9","code":"+9204-4534+602-498+600-496EfEfEfE-1624EfEfE-1626EgCgEhEgEfEfEhEgCgEhEgEd+598dIhEfEfEfEfEfEhEgEfEhE-42742+9154-2232C","mapping_code":"3_79_40736_83489293","state":1},{"key":"POWER","name":"POWER","code":"+9202-4534+604-510+600-496EfEfEfE-1626EfEfE-1624+602hEhIhEgEfEfEhIhEgEhE-498Ef+598jKjKfEjKfEfEgEgKgEgEgE-42784+9180-2246C","mapping_code":"3_7_40736_83484703","state":1},{"key":"MENU","name":"MENU","code":"+9174-4546+604-502+600-496EfEfEfE-1624EfEfEg+602gHgEgHgEfEfE-1626EfEfEfEgHgEfEfEfEiEgEiEfEfEgHgEiE-42782+9180-2240H","mapping_code":"3_24_40736_83433703","state":1},{"key":"VOLUME_UP","name":"VOLUME UP","code":"+9178-4542+602-508+600-496EfEfEfE-1624EfEfE-1626+604-1622EhEhEgEfEfEhEhE-498+598hEhEfEfEfEfEfEgEkLkLhEhEgEhE-42744+9154-2270C","mapping_code":"3_13_40736_83472463","state":1},{"key":"VOLUME_DOWN","name":"VOLUME DOWN","code":"+9178-4522+602-498+600-496EfEfEfE-1626EfEfE-1624EgEhEgEhEfEfEgEf+598gEgEhEfEfEfEfIgEfEfEfEgEgEgEgE-42726+9152-2242C","mapping_code":"3_14_40736_83456143","state":1},{"key":"CHANNEL_UP","name":"CHANNEL UP","code":"+9150-4536+602-498+600-496E-500+596fEfE-1626EfEf+598iEiE-1624EiEkEfEfEkEiEfEfJdJiEfEiEfJdJiEiEiEfEiEdJiE-42780+9182-2242C","mapping_code":"3_81_40736_83462773","state":1},{"key":"CHANNEL_DOWN","name":"CHANNEL DOWN","code":"+9180-4540+602-502+600-496EfEfEfE-1624EfEfE-1626EgEhEhEgEfEfEhEgCgEhEgEhEfEfEfEfEfEfEfEfEhEhEhE-42738+9152-2242C","mapping_code":"3_31_40736_83490823","state":1},{"key":"MUTE","name":"MUTE","code":"+9178-4516+602-498+600-496EfEfEfE-1624CfEfEgCgEgCgE-1626EfEfEgCgEhEfEfEfEfEfEfEfEfEgEhEgCgEhEgE-42780+9180-2228C","mapping_code":"3_3_40736_83476543","state":1},{"key":"INPUT","name":"INPUT","code":"+9388-4514+602-498+600-496E-500+596fEfE-1624EfEfEiEiCiCiEiEfEfEiCiEiCiEfEiEfEfEfEfEfEfEiEd+598-1626EiEkE-42754+9178-2226+604","mapping_code":"3_23_40736_83486743","state":1},{"key":"EXIT","name":"EXIT","code":"+9204-4536+602-498+600-496EfEfEfE-1624CfEfEgCgEgCgCgEfEfEgCfEfEfEfEfEfEfEfEgE-1626EgCgEhEgCgEhE-42766+9154-2234+604","mapping_code":"3_0_40736_83427583","state":1},{"key":"LAST","name":"LAST","code":"+9202-4530+602-498+600-496EfEfEfE-1624CfEfE-1626EhEhEgEhEfEf+598hEhEfEhEdIdIdIdIdIdIhEfEhEhEhEhEhE-42738+9180-2258C","mapping_code":"3_5_40736_83468383","state":1},{"key":"DISPLAY","name":"DISPLAY","code":"+9202-4524+602-498+600-496EfEfEfE-1624EfEfE-1626EhEgEhEgCfEd+598hEfEhEgEdIhEfEfEfEhEfEdIhEfEhEhEhE-42762+9178-2228C","mapping_code":"3_22_40736_83454103","state":1}],"_id":"qW0KydwXUlW5CMFm"}
