{"category":"TV","brand":"SKYWORTH","model":"4331","type":1,"version":"1.0","create_date":1695118488478,"protocol":"SKYWORTH","map_code":[{"key":"0","name":"0","code":"+8074-3992+550-446+546dEdE-1442+548fGdEfEfG-3942GfEfEdEdEdEfG-444EdE-19964+8050-3980G-448EdEdE-1444EfGdEfGfEhGfGfEdEdEdEfGiEdG","mapping_code":"39_196_27_7108","state":1},{"key":"1","name":"1","code":"+8052-3976+548-466+546-450+542-446E-1442CiEhEiEiC-3998+574-478EiC-444CmCmEhEhEhE-21948+8074-4014C-448K-460EhEiCiEhEiCiC-3960+550-454EiChEhEhEmCmEhE","mapping_code":"39_64_27_6976","state":1},{"key":"2","name":"2","code":"+8052-3992+550-446+546dEdE-1442+548fG-444GfEfG-3942GhEfGfGhGdEhGhGdE-20980+8050bC-458EdEdEfEfGdEfEfGiEdEfGfEdEdEdEdEdE","mapping_code":"39_96_27_7008","state":1},{"key":"3","name":"3","code":"+8072-3964+548-446+546dEdE-1442CfEdEfCfE-4350C-448EfCdEfC-444EdEdEdE-20998+8044-3974ChEdEdEfEfCdEfEfCl+550-452CfCdEfEdEdEdEdE","mapping_code":"39_80_27_6992","state":1},{"key":"4","name":"4","code":"+8072-3970+548-446C-444+546dF-1442CgFdFgCgF-3948FgCdFdFeCeFdFdFdF-21970+8068-3950C-448FdFdFgCgFdFgCgC-3942FgCdFdFdFdFdFdFdF","mapping_code":"39_128_27_7040","state":1},{"key":"5","name":"5","code":"+8070-3972+548-448+546-446EfE-1442EgC-444CgEgC-3966+550-1460ChCgEfEfEfEfEfE-20956+8050-3982J-456ChEfEgCgEfEgCgE-3942CgEfEgCfEfEhEfEfE","mapping_code":"39_160_27_7072","state":1},{"key":"6","name":"6","code":"+8074-4028+548-446+546dEdE-1442CfCdEfEfC-3942CfEdEdEfC-444EdEdEdE-20958+8072-4006+550-456EdEdE-1444EfChCfEfCgCfEdEdEfCdEdEdEdE","mapping_code":"39_144_27_7056","state":1},{"key":"7","name":"7","code":"+8074-3984+548-448+546-444E-446E-1442ChCfEhChC-3988+550-464EgEgEgEgEgEgEgE-22970+8046-3968C-472EgEgEhEhCfChEhC-3942EgEgEgEgEgEgEfEgE","mapping_code":"39_0_27_6912","state":1},{"key":"8","name":"8","code":"+8078-3972+548-448+546-446EfE-1442EgCfEgEgC-3942C-444EfEgCiCiCiCiEfE-21976+8072-3974CdEfEfEgCgCfEgCgEhCfEfEgCiCiCiCiCfE","mapping_code":"39_32_27_6944","state":1},{"key":"9","name":"9","code":"+8048-3974+548-448+546-444CfC-1442CgCfCgCgC-3942E-446EiEiEgEiEiEiEiE-21962A-4000+550iEiEiEgEgCiEgEgChEiEiEiEgCfEiEiEiE","mapping_code":"39_16_27_6928","state":1},{"key":"POWER","name":"POWER","code":"+8074-3978+550-446+546dEdE-1442+548fG-444E-1444EfG-3942EfGfGdEdEdEdEhGdE-20964+8050-3968GdEdEdEfGfEdEfGfEjCiEiEdEdEdEdEdEdE","mapping_code":"39_192_27_7104","state":1},{"key":"MENU","name":"MENU","code":"+8046-3966+550-446+546dEd+548-1442FgEdEgFgE-3942F-444FgEdEdEgEdEdEdE-20948A-3946FiEdEdEgFgEdEgFgEhFdEgEdEdEgFiEdEdE","mapping_code":"39_72_27_6984","state":1},{"key":"VOLUME_UP","name":"VOLUME UP","code":"+8078-3972+550-446+546dEdE-1442+548fEdEfGfE-3960+544-1468EfGdEdEfG-444EdEdG-19982+8050-3968GdEdEdEfGfEdEfE-1444EnC-1456EfGdEdEfEdEdEdE","mapping_code":"39_200_27_7112","state":1},{"key":"VOLUME_DOWN","name":"VOLUME DOWN","code":"+8048-3972+548-448+546-446EfE-1442EgCfEgEgC-3946CgEfEfEfEgC-444EfEfE-20994+8050-3970+550fEfEfEgCgEfE-1444EgC-3942EnEfEfEfEgCfEfEfE","mapping_code":"39_136_27_7048","state":1},{"key":"CHANNEL_UP","name":"CHANNEL UP","code":"+8048-3976+548-452+546-446EfE-1442CgEfEgCgC-3942EfEfEfEgCfEgC-444EfE-20960+8050-3972+550fCiEfEgCgCiCgEgC-3950E-448EfEfEgCiEgCfEfE","mapping_code":"39_20_27_6932","state":1},{"key":"CHANNEL_DOWN","name":"CHANNEL DOWN","code":"+8046-4022+548-446C-444+546dF-1444F-1442CeChFhC-3942CeCeCeCeFhCdFdFdF-21986+8050-3980CdFdFdFhChCdFhChFiCeFdFdFdFhCeCeFdF","mapping_code":"39_8_27_6920","state":1},{"key":"MUTE","name":"MUTE","code":"+8098-4004+548-446C-444+546dC-1442CgCeCgFgC-3942CgFgCgF-1444FdFdFdFdF-18948+8050-3994+550dFdFdFgFgCdFgFgChFgCgFgCgFdFdFdFdF","mapping_code":"39_240_27_7152","state":1},{"key":"LAST","name":"LAST","code":"+8074-3984+550-446+546dEdE-1442+548fG-444C-1438GfG-3942GfGdEfGfEdEdEdEdE-19972+8100-4006GdGhEdEfGf+552-440EfGfE-3962C-1456EdEfEfGdEdEdEdE","mapping_code":"39_176_27_7088","state":1},{"key":"DISPLAY","name":"DISPLAY","code":"+8048-3968+548-448+546-446EfE-1442CgEfEgCgC-3946+542gCgEgCfEfEfEfEfE-20010+8070-4008+550fEfEfEgCgCfEgEgC-3944EgEgCgEfEfEfEfE-444C","mapping_code":"39_224_27_7136","state":1},{"key":"INPUT","name":"INPUT","code":"+8048-3968+548-448+546-446C-444E-1442ChEfEhChE-3960C-456EfE-1444EfEfEhEfEfE-20968A-3964CfEfEfEhEkEfEhEkE-3942EfEfEkEfEfEkEfEfE","mapping_code":"39_36_27_6948","state":1}],"_id":"flwutQlGfQDTewYK"}
