{"category":"TV","brand":"SKYWORTH","model":"4732","type":1,"version":"1.0","create_date":1695119366550,"protocol":"SKYWORTH","map_code":[{"key":"0","name":"0","code":"+9188-4518+604-1628+602-496EfEfEfEfEfEfEfEfE-1626EgEgC-1624EgEgEdEgEgE-498+600iJiJiJgEfJiJiJdEgEgEgEiJ-40806+9194-2230C","mapping_code":"3_135_64513_2151670046","state":1},{"key":"1","name":"1","code":"+9162-4528+608-1624+602-496EfEfEfEfEfE-498+600fEfE-1626EiEiEiEiEiEgHiEgHgHiEgHgHiE-1628EgHiEiEgHiEiEfH-40784+9194-2252+604","mapping_code":"3_146_64513_2151631286","state":1},{"key":"2","name":"2","code":"+9166-4534+604-1628+602-496+600-498GhEfGhGhGhGhGhG-1626EiEiEiEiEiEiEiEhGhGiEfEhGiEfGhGiEiEhGiEiEhG-40786+9194-2276C","mapping_code":"3_147_64513_2151663926","state":1},{"key":"3","name":"3","code":"+9166-4532+604-1628+602-496EfEfEfEfEfEfEfEfE-1626EgEgEgEgEgEfEfEgEgE-498+600fEgEdEgEgEhIhIgEgEfIhE-40786+9192-2284C","mapping_code":"3_204_64513_2151625676","state":1},{"key":"4","name":"4","code":"+9166-4532+604-1628+602-496EfEfEfEfEf+600-498EfGhG-1626EiEiEiEiEiEhGiEiEiEhGhGhGiEiEhGhGhGdEiEiEhG-40792+9220-2284+606","mapping_code":"3_142_64513_2151641486","state":1},{"key":"5","name":"5","code":"+9166-4556+604-1638+602-496EfEfEfE-498+600fEfEfEgH-1626EiEiEiEiEiEiEiEiEiEgHgHgHiEgHgHgHgHiE-1628EiEgH-40816+9194-2226C","mapping_code":"3_143_64513_2151674126","state":1},{"key":"6","name":"6","code":"+9192-4530+604-1634+602-496EfEfEfEfEfEfEfEfE-1626EgEgEgEgEgE-498+600hIhIgEfEhIgE-1628EgEgEjEhIgEgEhIhI-40812+9194-2226C","mapping_code":"3_200_64513_2151617516","state":1},{"key":"7","name":"7","code":"+9166-4532+604-1628+602-496EfEf+600-498GfEfEfEfEfE-1626EiEiEiEiEiEfEiEhGiEfGhGhGiEiEhGiEhGiEiEiEhG-40780A-2242C","mapping_code":"3_138_64513_2151633326","state":1},{"key":"8","name":"8","code":"+9188-4524+604-1628+602-496EfEfEfEfEfEfEfEfE-1626EgEgEgEgEgEgEgE-498+600gEfIhIhIdEhIhIgEhIgEdEgEfI-40818+9194-2224C","mapping_code":"3_139_64513_2151665966","state":1},{"key":"9","name":"9","code":"+9166-4530+604-1628+602-496EfEfEfEfEfEfEfEfE-1626EgEgEgEgEgE-498+600hIgEhIhIhIgEgEdEgEhIdEgEgEhIhI-40782+9168-2246C","mapping_code":"3_196_64513_2151621596","state":1},{"key":"POWER","name":"POWER","code":"+9188-4522+604-1628C-496+600-498FgFgFgFgFgFgFgF-1626+602hIhIhIhIhIgFgFhIdIhIeFdIdIhIhIgFgFgFdIgFgF-40772+9194-2740+606","mapping_code":"3_220_64513_2151627716","state":1},{"key":"MENU","name":"MENU","code":"+9166-4532+604-1628+602-498+600fGfGfGfGfGfGfGfG-1626EhEdEhEdEhEfGhEdEhEfGfGdEdEdGfGf+630-508GdEhEfGfG-40772+9220-2262C","mapping_code":"3_206_64513_2151641996","state":1},{"key":"VOLUME_DOWN","name":"VOLUME DOWN","code":"+9186-4514+604-1628+602-498+600fGfGfGfGfGfGfGfG-1626EhEhEhEhEhEhEfGfGdEhEfGfGdEfGdEhEfGfGdEdEfG-40774+9194-2274C","mapping_code":"3_153_64513_2151651686","state":1},{"key":"CHANNEL_DOWN","name":"CHANNEL DOWN","code":"+9162-4546+604-1628+602-496E-498+600gHgHgHgHgHgHgH-1626EiEiEiEdEiEgHdEgHgHdEgHiEdEiEgHdEdEgHdEgHgH-40790+9218-2266C","mapping_code":"3_210_64513_2151631796","state":1},{"key":"MUTE","name":"MUTE","code":"+9166-4542+606-1634+604-496+602fGfGfGfGfGfGfGfG-1626GhGhGhGhGhGfGfGhGhGhGfGfGhGhGhG-498+600iE-506GhGhGiJ-40790+9194-2758+624","mapping_code":"3_156_64513_2151627206","state":1},{"key":"EXIT","name":"EXIT","code":"+9190-4536+604-1628C-496+602eFeFeFeFeFeFeFeF-1626FgCgFgFgFgFgFeFeFeFgFeFgFgFeFgFgFgF-498+600gFeFeF-40800+9194-2236C","mapping_code":"3_209_64513_2151648116","state":1},{"key":"LAST","name":"LAST","code":"+9190-4514+604-1626C-496+602eFeFeFeFeFeFeF-498+600dFdFdFdFdFdFdFdFdFdFdFdFdFdFgHgHgHgHgHgHgHgH-40802A-2264+606","mapping_code":"3_255_64513_2151677696","state":1},{"key":"DISPLAY","name":"DISPLAY","code":"+9166-4526+604-1628C-496+602eFeFeFeFeFeFeFeF-1626FgFgFgFgFgFgFe+600-498HgFgFeFgFgFeFgFgFiHiHgFeFeF-40800+9194-2242+606","mapping_code":"3_217_64513_2151652196","state":1},{"key":"VOLUME_UP","name":"VOLUME UP","code":"+9164-4978+600-1630C-500+598eF-498CgFeFeFeFeFeFdCdFdCdFdCdFdCgFeFeFeFeFdCdFeFdCdFdCdFdCgFeF-40748A-2270+602","mapping_code":"3_193_64513_2151646076","state":1},{"key":"CHANNEL_UP","name":"CHANNEL UP","code":"+9164-4540+600-1632+598-500EfEfEfE-498CgCgCgCgE-1630ChChEhChEhCgEhEfEhCgEfChEhChEfEhCgChEhCgCgE-40774A-2244+602","mapping_code":"3_202_64513_2151633836","state":1},{"key":"INPUT","name":"INPUT","code":"+9212-4546+602-1630+600-498EfEfEf+598-500GhGhGhGhGdEdGdGdGdEdGhGhGhGhGfEfEdGdEdGdGdGdEdGdEfEfG-40788+9190-2254E","mapping_code":"3_192_64513_2151613436","state":1}],"_id":"IKYKRJApZIlgKuWR"}
