{"category":"TV","brand":"SKYWORTH","model":"617","type":1,"version":"1.0","create_date":1695117466673,"protocol":"SKYWORTH","map_code":[{"key":"0","name":"0","code":"+9192-4552+604-1636+602-1634EfE-500EgEgEgEgEgEgEgEfEfEfEfEfEgEgEgEgEgEgEgEgEfEfEfEdEfEfEdEfE-41836+9216-2230C","mapping_code":"3_0_7_3760128255","state":1},{"key":"1","name":"1","code":"+9214-4544+604-1636+602-1634EfE-500EgEgEgEgEgEgEgEfEfEfEfEfEfEgEgEgEgEgEgEgEgEfEfEfEfEfEfEfE-41832+9216-2242C","mapping_code":"3_1_7_3760160895","state":1},{"key":"2","name":"2","code":"+9242-4560+604-1636+602-1634EfC-500EgEgEgEgEgEgEgEfEfEfEfEfEgEdEgEgEgEgEgEgEfEg+600dEfEfEfEfEfE-41816+9220-2304+626","mapping_code":"3_2_7_3760144575","state":1},{"key":"3","name":"3","code":"+9192-4546+604-1636C-1634+602eF-500FgFgFgFgFgFgFgFeFeFeFeFeFeFeFgFgFgFgFgFgFgFgFeFdFeFeFeFeF-41846+9218-2238C","mapping_code":"3_3_7_3760177215","state":1},{"key":"4","name":"4","code":"+9218-4564+604-1636+602-1634EfE-500EgEgEgEgEgEgEgEfEfEfEfEfEgEgEfEgEg+600gEgEgEdEfEgEfEdEfEfEfE-41922+9244-2240C","mapping_code":"3_4_7_3760136415","state":1},{"key":"5","name":"5","code":"+9216-4538+604-1636+602-1634EfE-500EgEgEgEgEgEgEgEfEfEfEfEfEfEgEfEgEgEgEgEgEgEfEgEfEfEfEfEfE-41846+9220-2244C","mapping_code":"3_5_7_3760169055","state":1},{"key":"6","name":"6","code":"+9192-4552+604-1636+602-1634EfE-500EgEgEgEgEgEgEgEfEfEfEfEfEgEfEdEgEgEgEgEgEfEgEg+600dEfEfEdEfE-41814+9220-2234C","mapping_code":"3_6_7_3760152735","state":1},{"key":"7","name":"7","code":"+9190-4562+604-1636+602-1634EfE-500EgEgEgEgEgEgEgEfEfEfEfEfEfEfEfEgEgEgEgEgEgEgEgEfEfEfEfEfE-41812+9218-2256C","mapping_code":"3_7_7_3760185375","state":1},{"key":"8","name":"8","code":"+9188-4552+604-1636+602-1634EfE-500EgEgEgEgEgEgEgEfEfEfEfEfEgEgEgEfEgEgE-502EgEfEfEfEgEfEfEfEfE-41826+9218-2306+626","mapping_code":"3_8_7_3760132335","state":1},{"key":"9","name":"9","code":"+9216-4552+604-1636+602-1634EfE-500EgEgEgEgEgEgEgEdEfEfEfEfEfEgEgEfEgEgEgEgEgEfEfEgEfEdEfEfE-41814+9218-2246C","mapping_code":"3_9_7_3760164975","state":1},{"key":"POWER","name":"POWER","code":"+9218-4554+604-1636+602-1634EfE-500EgEgEgEgEgEgEgEfEfEfEfEfEgEgEgEfEfEgEgEgEfEfEfEgEgEfEfEfE-41822+9220-2234C","mapping_code":"3_24_7_3760134375","state":1},{"key":"VOLUME_UP","name":"VOLUME UP","code":"+9218-4570+604-1638+602-1634EfE-500EgEgEgEgEgEgEgEfEfEfEfEfEgEgEfE-1636EgEgEgEg+600hEfEgI-502IfEfEfEfE-41832+9220-2236C","mapping_code":"3_12_7_3760140495","state":1},{"key":"VOLUME_DOWN","name":"VOLUME DOWN","code":"+9218-4566+604-1646+602-1634EfE-500EgEgEgEgEgEgEgEfEfEfEfEfEfEfEgEfEgEgEgEgEgEgEfEgEfE-1636EfEfE-41818+9220-2274C","mapping_code":"3_11_7_3760181295","state":1},{"key":"CHANNEL_UP","name":"CHANNEL UP","code":"+9214-4550+604-1636+602-1634EfE-500EgEgEgEgEgEgEgEfEfEfEfEfEfEgEfEfEg+600-502EgEgEgHdEgEgEfEfEfEfE-41840+9216-2230C","mapping_code":"3_13_7_3760173135","state":1},{"key":"MUTE","name":"MUTE","code":"+9210-4530+604-1636+602-1634CfE-500EgEgEgEgEgEgEgEfEfEfEfEfEfEfEfEgEfEgEgEgEg+600-502EgEfEgEfEfEfE-41820+9244-2278C","mapping_code":"3_23_7_3760187415","state":1},{"key":"INPUT","name":"INPUT","code":"+9216-4564+604-1648C-1634+602eF-500FgFgFgFgFgFgFgFeFeFeFeFeFeFeFgFgFeFgFgFgFgFgFeFeFg+600-1636FeFeF-41816+9220-2282C","mapping_code":"3_19_7_3760179255","state":1},{"key":"INFO","name":"INFO","code":"+9192-4578+602-1642C-1634+604eC-500CgCgCgCgCgCgCgCeCeCeCeCeCeCgCeCeCeCgCgCgCgCeCgCgCgCeCeCeC-41826+9220-2238F","mapping_code":"3_29_7_3760175175","state":1},{"key":"SLEEP","name":"SLEEP","code":"+9242-4562+604-1636+602-1634EfE-500EgEgEgEgEgEgEgEfEfEfEfEfEgEgEfEgEfEgEgEgEfEfEgEfEgEfEdEfE-41844+9220-2246C","mapping_code":"3_20_7_3760138455","state":1},{"key":"CHANNEL_DOWN","name":"CHANNEL DOWN","code":"+9190-4548+602-1638+600-1636CfE-502EgEgEgE-500ChEgEgEfCfEfEfEfEgEfEfEfEgEgEgEgEfEgEgEgEfCfEfCfE-41786+9192-2252+604","mapping_code":"3_14_7_3760156815","state":1}],"_id":"WVmQyZzzykMthX45"}
