{"category":"TV","brand":"SKYWORTH","model":"782","type":1,"version":"1.0","create_date":1695117876168,"protocol":"SKYWORTH","map_code":[{"key":"0","name":"0","code":"+9152-4524+602-1628+600-498+598fGfGfGfGfGfG-1626EfGhGhEhEhGhEhGhEhE-496EfGhGfGfGfGfGfGhEhGfGhEhEhG-41618+9174-2274E","mapping_code":"3_19_64769_2160052279","state":1},{"key":"1","name":"1","code":"+9204-4562+602-1628+600-496+598-498GhGhGhGhGhG-1626GhGiEiGiEiGiEiGhGdGhGiGhGhGhGhGiGhGiEfEiGiEiGiE-41590A-2242E","mapping_code":"3_10_64769_2160021679","state":1},{"key":"2","name":"2","code":"+9150-4526+600-1628C-496+598-498FgFgFgFgFgF-1626CgFhChChChFhChCgFeCeChFgFgFgFgFhChFhCgFhChFhChC-41628+9204-2272C","mapping_code":"3_8_64769_2160005359","state":1},{"key":"3","name":"3","code":"+9178-4526+600-1628C-496CeCeC-498+598eCeCfG-1626CeGhChChGhChChGfGhCfGhGfGfGhCfGhCeChGfGhChCeGdG-41620+9176-2286+602","mapping_code":"3_74_64769_2160022189","state":1},{"key":"4","name":"4","code":"+9176-4542+600-1628+598-498EfEfEfEfE-496CgC-1626EfEhChEhChEhChEfEhChEfEfEfEfEg+602-1624EfEfEhChEhChEhC-41600+9178-2262C","mapping_code":"3_6_64769_2160025759","state":1},{"key":"5","name":"5","code":"+9152-4530+600-1628C-496Ce+598-498FgFgFgFgF-1626FgFhChFhChFhChFgFgFhCeCeFgFgFgFhChFgFhChFhChFhC-41642+9178-2234C","mapping_code":"3_4_64769_2160009439","state":1},{"key":"6","name":"6","code":"+9152-4548+602-1638+600-498+598fGfG-496EhEhEhG-1626EfGiGiEiEiEiEiEfGiGiEfGfGfGiGfGiEhGfGiEiGiEfGiG-43530+9178-2248E","mapping_code":"3_70_64769_2160026269","state":1},{"key":"7","name":"7","code":"+9152-4560+602-1646+600-496Ef+598-498GhGhGhGfE-1626EfGiEiEiEiGiEiGhGiEfEfEfEfGhGhGiEhGiGiEiGiEiGiE-41594+9176-2222C","mapping_code":"3_2_64769_2160017599","state":1},{"key":"8","name":"8","code":"+9176-4532+600-1628C-496Ce+598-498FgFgFgFgF-1626FgFhChFhChFhChFgFgFgFgFgFgFeCeFhChChChChChChChC-41608+9152-2238+602","mapping_code":"3_0_64769_2160001279","state":1},{"key":"9","name":"9","code":"+9150-4530+602-1628+600-498+598fGfGfGfGfGfG-1626E-496EhGhEhEhEhEhGfGhEfGfGfGfGhEiEhGfGhEhGhEhEfGhG-41618+9178-2218C","mapping_code":"3_66_64769_2160018109","state":1},{"key":"POWER","name":"POWER","code":"+9152-4524+602-1628+600-496EfEfE-498+598fEfEgH-1626EfHiEiEiHiEiEiEiEiHgHiEgHgHiEfHgHgEiHgHiEiHgHiE-41648+9176-2226C","mapping_code":"3_75_64769_2160054829","state":1},{"key":"VOLUME_UP","name":"VOLUME UP","code":"+9148-4532+600-1628C-496CeCeCeCeCeCeC-1626C-498+598fCfCfCfCfHfCfCeHfCfCgHgHfHgHgHfCgHgHfCfHgHfC-41612+9178-2274+602","mapping_code":"3_77_64769_2160046669","state":1},{"key":"CHANNEL_DOWN","name":"CHANNEL DOWN","code":"+9174-4508+602-1628+600-498+598fGfGfGfGfGfG-1626E-496EhEhEhEhEhEhEiGfGhEhEfGiEhGfGhEhEiEiEhEhEf+624hE-41630+9204-2278E","mapping_code":"3_76_64769_2160014029","state":1},{"key":"MUTE","name":"MUTE","code":"+9148-4532+602-1628+600-496EfEf+598-498GhGhGhG-1626EfEiEiEiEiEiEiEfEiEhGhGiEhGhGhGiEfGiEiEhGiGiEiE-41620+9180-2256C","mapping_code":"3_18_64769_2160019639","state":1},{"key":"INPUT","name":"INPUT","code":"+9174-4522+600-1628C-496CeCeCeCeCeCeC-1626C-498+598fCfCfCfCfHfCfCeCeCfCgHgHgHgHgHfCfHgHfCfCfCfC-41642+9180-2292+624","mapping_code":"3_9_64769_2160037999","state":1},{"key":"INFO","name":"INFO","code":"+9178-4516+602-1628+600-496EfEfEf+598-498GhEfG-1626EhGiEiEiEiEiEiEfEfEiEiEhGhGfEhGiEiEhGhGiEiGiEiE-41622+9174-2266C","mapping_code":"3_12_64769_2160013519","state":1},{"key":"LAST","name":"LAST","code":"+9174-4518+602-1632+600-496EfEfEfEfEfEfE-1626E-498+598gEgEgEgEgEgEgIgEfEhIgEfEgEhIhIhIgEgIhIgEhIgE-41636+9176-2220C","mapping_code":"3_83_64769_2160052789","state":1},{"key":"RED","name":"RED","code":"+9152-4524+602-1628+600-496EfEfEfEfEfEfE-1626Ef+598gEgEgEgEgEgEgEgEgEgEfEfEgE-498HiHiHiHiHgEgHiHgE-41614+9176-2250C","mapping_code":"3_79_64769_2160062989","state":1},{"key":"PICTURE_MODE","name":"PICTURE MODE","code":"+9176-4522+602-1628+600-496E-498+598gHgHfEgHgH-1626EfEiEiEiEiEiEiHgHgHgHgHiEgHgHgHiEiEiEiEfHiEiEi+624-41668+9180-2240C","mapping_code":"3_16_64769_2160003319","state":1},{"key":"SOUND_MODE","name":"SOUND MODE","code":"+9200-4516+602-1628+600-496+598-498EfGhGhGhGhG-1626EfEiEiEiEiEiEiEfEiEhGhGiEfEiEhGiEhGiEiEhGiEfEiE-41626+9178-2246C","mapping_code":"3_82_64769_2160020149","state":1},{"key":"VOLUME_DOWN","name":"VOLUME DOWN","code":"+9148-4548+600-1636+598-498EfEfEfEfEfEfE-1626EfE-1628EhEhEhEhEgEhEfEhEhEfEfEfEfEfEhEfEfEhEhEhEhE-41612+9174-2224C","mapping_code":"3_13_64769_2160046159","state":1},{"key":"CHANNEL_UP","name":"CHANNEL UP","code":"+9172-4534+602-1638+598-498EfEfEfEfEfEfE-1628EfEgEgEgEgEgEgEgEgEgEgEfEfEfEfEfEfEfEfEgEgEgEgE-41590+9204-2260+600","mapping_code":"3_15_64769_2160062479","state":1},{"key":"MENU","name":"MENU","code":"+9166-4538+602-500+598d+600-498FgFgFdE-1630EdFgEdEhF-1628Ed+596-1632E-502JdEdEdFdEgFhEgFgFdJhFhFiFhElJhFhEhE-44704+9190-2232C","mapping_code":"3_16_11328_36964599","state":1}],"_id":"BnWKs3aynZpFJa11"}
