{"category":"TV","brand":"SKYWORTH","model":"792","type":1,"version":"1.0","create_date":1695118236647,"protocol":"SKYWORTH","map_code":[{"key":"0","name":"0","code":"+4632-4546+606-500+604-1634C-498EfEgEgEgEgEgEfEgEfCgEgEgEgEgEgEgEgEgEgEgEgEfEfEfEfEfEfEfEfE","mapping_code":"7_0_10_1347420415","state":1},{"key":"1","name":"1","code":"+4628-4552+608-500+604-1634+606-498EfEhEhEhEhEhC-1642EhEfEhEhEhEhEfEhEhEhEhEhEhEhEhEfEfC-1632EfEfEfEfE","mapping_code":"7_1_10_1347453055","state":1},{"key":"2","name":"2","code":"+4628-4544+608-498+604-1634EdEf+606dEdEdEdEdEfGdEfEdEdG-494EdEdEfEdEdEdEdEdEdEfEdEfEfEfEfEfEfE","mapping_code":"7_2_10_1347436735","state":1},{"key":"3","name":"3","code":"+4626-4572+608-500+604-1634+606-498EfEhEhEhEhEhEfEhEfEd+602hEhEhEfEfEhEhEhEhEhEhEhEhEfEfEfEfEfEfE","mapping_code":"7_3_10_1347469375","state":1},{"key":"4","name":"4","code":"+4652-4534+608-498+604-1634EdEf+606dEdEdEdEdEfGdEfE-502+600dEdEdEdEdEfEdEdEdEdEdEfEfEdEfEfEfEfEfE","mapping_code":"7_4_10_1347428575","state":1},{"key":"5","name":"5","code":"+4630-4572+608-506+604-1634E-498EfEgEgEgEgEgEfEgEfEgEgEgEgEf+606gEfEgEgEgEgEgEgEfEgEfEfEfHfEfE","mapping_code":"7_5_10_1347461215","state":1},{"key":"6","name":"6","code":"+4628-4576+608-502+604-1634+606-498EfEhEhEhEhEhEfEhEfEhEhEhEhEhEfEfEhEhEhEhEhEfEhEhEfEfEfEfEfE","mapping_code":"7_6_10_1347444895","state":1},{"key":"7","name":"7","code":"+4652-4568+606-500+604-1634C-498EfEgEgEgEgC-496EfEgEfEgEgEgEgEfEfEfEgEgEgEgEgEgEgEgEfEfEfEfEfE","mapping_code":"7_7_10_1347477535","state":1},{"key":"8","name":"8","code":"+4654-4552+608-506+604-1634E-498Ef+606gEgEgEgEgEfEgEfHgEgEgEgEgEgEgEfEgEgEgEgEfEfEfEgEfEfEfEfE","mapping_code":"7_8_10_1347424495","state":1},{"key":"9","name":"9","code":"+4656-4568+608-498+604-1634EdEf+606dEdEdEdEdEfGdEfEdEdEdEdEfEdEdEfEdEdEdEdEdEfGfEdEfEfEfEfE","mapping_code":"7_9_10_1347457135","state":1},{"key":"POWER","name":"POWER","code":"+4652-4668+740-508+604-1634E-498EfEgEgEgEgEgEfEgEf+606gEgEgEgEfEfEgEgEfHgEgEgEgEgEfEfEgEfEfEfE","mapping_code":"7_19_10_1347471415","state":1},{"key":"MENU","name":"MENU","code":"+4630-4562+606-500+604-1634C-498EfEgEgEgEgEgEfEgEfEgEgEgEgEfCfEgEgEgEfEgEgEgEgEfEfEfEgEfEfE","mapping_code":"7_35_10_1347470395","state":1},{"key":"VOLUME_UP","name":"VOLUME UP","code":"+4628-4584+608-498+604-1634+606dEfGdEdEdEdEdEfEdEfEdEdEdEdEfEdEfGfEdEdEdEdG-496EfEdEdEfEfEfEfE","mapping_code":"7_13_10_1347465295","state":1},{"key":"VOLUME_DOWN","name":"VOLUME DOWN","code":"+5180-4564+608-500+604-1634E-498Ef+606gEgEgEgEgEfHgEfEgEgEgEgEgEfEfEfEgEgEgEgEfEgEgEgEfEfEfEfE","mapping_code":"7_14_10_1347448975","state":1},{"key":"CHANNEL_UP","name":"CHANNEL UP","code":"+4648-4534+608-498+604-1634+606dE-1646EdEdEdEdEdEfEdEfEdEdEdEdEfEfEfEfEdEdEdEdEdEdEdEdEfEfEfEfE","mapping_code":"7_15_10_1347481615","state":1},{"key":"CHANNEL_DOWN","name":"CHANNEL DOWN","code":"+4628-4556+608-498+604-1634EdEf+606dEdEdEdEdEfGdEfEdEdEdEdEdEdEdEdEfEd+602dEdEfEfEfEfEdEfEfEfE","mapping_code":"7_16_10_1347422455","state":1},{"key":"MUTE","name":"MUTE","code":"+4630-4544+606-500+604-1634C-498EfEgEgEgEgEgEfEgEfEgEgEgEgEfEfEgEfEgEgEgEgEgEgEfEgEfEfEfEfE","mapping_code":"7_11_10_1347473455","state":1},{"key":"INPUT","name":"INPUT","code":"+4628-4544+606-500+604-1634E-498EfEgEgEgEgEgEfEgEfCgEgEgEgEfEgEfEgEfEgEgEgEgEfEgC-1632EgEfEfEfE","mapping_code":"7_21_10_1347463255","state":1},{"key":"GREEN","name":"GREEN","code":"+4628-4556+608-502+604-1634+606-498EfGhEhEhEhEhEfEhEfEhEhEhEhEhEhEfEhEhEfEhEhEfEfEhEfEfEhEfEfE","mapping_code":"7_36_10_1347429595","state":1},{"key":"YELLOW","name":"YELLOW","code":"+4652-4556+608-498+604-1634EdEfEdEdEdEdEdEfEdEfEdEdEdEdEf+606dEfEdEdEfEdEdEdEfEdEfEfEdEfEfE","mapping_code":"7_37_10_1347462235","state":1}],"_id":"F9uJO2A9vRAuquIm"}
