{"category":"TV","brand":"SKYWORTH","model":"797","type":1,"version":"1.0","create_date":1695110629777,"protocol":"SKYWORTH","map_code":[{"key":"0","name":"0","code":"+9150-4532+600-1628C-498+598eF-496FeFeFeFeFeFeF-1626FdFhFdF-1630+594dFhChFeFeFhFeFeFeFeFeFhFdFeFhFdFhF-42712+9176-2244C","mapping_code":"3_19_64513_2151663671","state":1},{"key":"1","name":"1","code":"+9154-4560+602-1654+598-498EfEfEfEfEfEfEfEfE-1626Eg+600gEgHgEgEfEfEfEfEfEfEfEfEgE-1628EgEiEgEiEgEiE-42706+9152-2268H","mapping_code":"3_0_64513_2151612671","state":1},{"key":"2","name":"2","code":"+9230-4540+600-1628C-496+598-498FgFgFgFgFgFgF-500+596-1626FdFjFjCjFdFjFjCjFgFgFgFgFgFgFgFgFjFjCjFjCjF-42716+9148-2238C","mapping_code":"3_7_64513_2151669791","state":1},{"key":"3","name":"3","code":"+9174-4528+602-1628+600-498+598fGfGfG-496GfGfGfGfGdGdG-1626EiGiEiGfGiEiEfGfGfGfGfGdGfGfGiGdGiGdGiG-42716+9152-2234E","mapping_code":"3_6_64513_2151637151","state":1},{"key":"4","name":"4","code":"+9252-4564+600-1628C-496+598-498FgFgFgFgFgFgFgF-1626FhFdFhFdFhCeFgFdFgFgFgFgFgFdFhFgFhChFdFhFdF-42716+9174-2226C","mapping_code":"3_4_64513_2151620831","state":1},{"key":"5","name":"5","code":"+9172-4530+600-1628C-498+598eFeFeFeFeFeFeFeF-1626FdFgCgFdFgFdFdFeFgFeFeFeFeFeFeFdFeFgFdFgCgF-42746+9178-2274C","mapping_code":"3_11_64513_2151665711","state":1},{"key":"6","name":"6","code":"+9150-4526+600-1628+598-498EfEfEfEfEfEfEfEfE-1626CgEdEdEgEdEfEgCfEgEfEfEfEfEdEfEgCfEgEgCgEdE-42750+9176-2268+602","mapping_code":"3_10_64513_2151633071","state":1},{"key":"7","name":"7","code":"+9146-4538+600-1628C-498+598eFeFeFeFeFeFeFeF-1626FdFgFdFgCgFeFeFeFdFeFeFeFeFgFdFgCeFgFdFgCgF-42766+9176-2426+602","mapping_code":"3_8_64513_2151616751","state":1},{"key":"8","name":"8","code":"+9174-4530+600-1628C-498+598eFeFeFeFeFeFeFeFdFdF-1626FdFgCgFdFgCgFdFeFeFeFeFeFeFeFeFgFdFgCgF-42776+9178-2452+628","mapping_code":"3_15_64513_2151673871","state":1},{"key":"9","name":"9","code":"+9148-4536+600-1628C-496+598-498FgFgFgFgFgFgFgF-1626FhChFhChFhCgFdFhChFgFgFgFgFhFgFgFgFhFdFhChF-42718+9174-2226+602","mapping_code":"3_14_64513_2151641231","state":1},{"key":"POWER","name":"POWER","code":"+9176-4522+600-1628C-496C-498+598eGfGfGfGfGfGfGdG-1626ChGdGhGdGhCfGfGfGfGfGfGfGfGdGhChGdGhChGdG-42754A-2298+602","mapping_code":"3_1_64513_2151645311","state":1},{"key":"MENU","name":"MENU","code":"+9176-4534+600-1628+598-498EfEfEfEfEfEfEfEfE-1626CgEgCgEdEgCgEfEdEfEgEfEfEfEfEdEfEgCfEgEdEgC-42746+9204-2282+602","mapping_code":"3_21_64513_2151655511","state":1},{"key":"VOLUME_UP","name":"VOLUME UP","code":"+9198-4552+602-1630+600-498+598fGfGfGfGfGfGfGfG-1626GhEhEhGhEhG-1628GfGfGfGfGfGhGfGfGiGhEhGiGhEfGiG-42754+9174-2280E","mapping_code":"3_65_64513_2151645821","state":1},{"key":"VOLUME_DOWN","name":"VOLUME DOWN","code":"+9178-4534+600-1628+598-498EfEfEfEfEfEfEfEfE-1626CgEgCgEdEgCfEgEfEfEfEfEdEfEgEfEdEdEgEdEfEgC-42762+9176-2306+628","mapping_code":"3_66_64513_2151629501","state":1},{"key":"CHANNEL_UP","name":"CHANNEL UP","code":"+9148-4532+600-1628C-498+598eF-496CeFeCeFeFeCgF-1626ChChFdFhChFdFhFdFeFdFeFeFeFeFeFeFhFeFdFhFdF-42754+9178-2242C","mapping_code":"3_23_64513_2151671831","state":1},{"key":"CHANNEL_DOWN","name":"CHANNEL DOWN","code":"+9174-4510+600-1628+598-498EfEfEfEfEfEfEfEfE-1626CgEdEgCgEdEfEgEfEdEgCfEfEfEgEfEdEfEfEg+602-1624EgC-42766+9176-2226C","mapping_code":"3_26_64513_2151635111","state":1},{"key":"MUTE","name":"MUTE","code":"+9170-4530+602-1632+598-498EfEfEfEfE-496EfEfEfE-1626+600hEhIhE-1628EhEfEhIfEfEjEfEfEfEhEfEjEhEfEhIhEjE-42744+9174-2222I","mapping_code":"3_18_64513_2151631031","state":1},{"key":"INPUT","name":"INPUT","code":"+9152-4540+602-1630+600-498+598fG-496GfGfGfGfGfGfG-1626G-1628GiGjGiEiGiEfGfGjGfGfGfGfGfGjGiGfGjGiEiGiE-42746+9174-2224E","mapping_code":"3_9_64513_2151649391","state":1},{"key":"INFO","name":"INFO","code":"+9150-4788+602-1630+600-498+598fGfGfGfGfGfGfGfG-1626G-1628GhEhGhEhGiGiGhGfGiGfGhE-500+596fGfGfGiGfGiGfGhG-42902+9176-2268E","mapping_code":"3_87_64513_2151672341","state":1},{"key":"LAST","name":"LAST","code":"+9152-4530+600-1628C-496+598-498FgFgFgFgFgFgFgFdF-1626ChFdFhFdFhCgFhFgFdFgFhFgFgFdFgFdFgFhFgFdF-42758+9178-2274+602","mapping_code":"3_85_64513_2151656021","state":1},{"key":"RED","name":"RED","code":"+9148-4532+600-1628+598-498EfEfEfEfEfEfEfEfE-1626EdEgCgEdEgCgEfEfEfEdEfEgEfEfEdEgCgEfEdEfEgC-42756+9174-2222C","mapping_code":"3_81_64513_2151647861","state":1},{"key":"GREEN","name":"GREEN","code":"+9174-4544+600-1628+598-498EfEfEfEfEfEfEfEfEdE-1626EdEgCgEgEfEdEfEfEgEfEgCfEdEfEgEdEfEgEfEdE-42762+9178-2230C","mapping_code":"3_82_64513_2151631541","state":1},{"key":"BLUE","name":"BLUE","code":"+9178-4564+600-1632+598-498EfEfEfEfEfEfEfEfE-1626CgEgCgEgCgEfEfEgEfE-1628EfEg+602-494EgCgEfEgEfEhEfEgE-42724+9176-2214C","mapping_code":"3_84_64513_2151623381","state":1},{"key":"PICTURE_MODE","name":"PICTURE MODE","code":"+9174-4512+600-1628C-498+598eFeFeFeFeFeFeFeFdFdF-1626FdFdFgFeFdFeFgCgFeFdFeFgFeFdFeFeFgCeFgF-42748+9178-2272C","mapping_code":"3_90_64513_2151635621","state":1},{"key":"SOUND_MODE","name":"SOUND MODE","code":"+9174-4528+600-1628+598-498EfEfEfEfEfEfEfEfE-1626EdEgCgEdEgEfEgEdEgEfEfEdEfEgCfEfEfEdEdEfEgE-42766+9178-2268+602","mapping_code":"3_78_64513_2151641741","state":1}],"_id":"q5PwBqzIqzYu2Frj"}
