{"category":"TV","brand":"SKYWORTH","model":"812","type":1,"version":"1.0","create_date":1695111157457,"protocol":"SKYWORTH","map_code":[{"key":"0","name":"0","code":"+9176-4522+600-498+598dE-1628EdEdEdEdEdEfC-496EdEdEfE-1626CdEfEdEhEdEdEfEdEdEhEhCdEfEhCdEfEhEdE-39952+9178-2222C","mapping_code":"3_146_45316_546130358","state":1},{"key":"1","name":"1","code":"+9174-4514+600-498+598dE-1628EdEdEdEdEdE-1626CdEdEdEfEfEdEgEdEdEdEfEdEdEgCgEfEgCgEdEfEgEdEdE-39994+9178-2232C","mapping_code":"3_200_45316_546116588","state":1},{"key":"3","name":"3","code":"+9152-4530+600-500+598-498E-1626EfEfEfEfEfEgCfEfEfEgE-1628EfEgCfEfEfEgEfEfEfEhEgEhEhEfEgEhEhEfE-39970+9204-2264C","mapping_code":"3_136_45316_546116078","state":1},{"key":"4","name":"4","code":"+9150-4532+600-500+598-498E-1626CfEfEfEfEfEgEfEfEfE-1628EgEfEhEfEfEfEfEhEgEhEgCgEhEgEhEfEfEfEfE-39996+9178-2234C","mapping_code":"3_240_45316_546115568","state":1},{"key":"5","name":"5","code":"+9176-4530+600-500+598-498E-1626EfEfEfEfEfEgEfEfEfEgCgEfEgCfEfEfEfE-1628EgEfEfEgEhEgCgEfEfEgEhE-39924+9174-2232C","mapping_code":"3_48_45316_546114803","state":1},{"key":"6","name":"6","code":"+9150-4530+600-500+598-498E-1626CfEfEfEfEfE-1628EfEfEfEgCgEfEhEfEfEfEfEgEhEfEhEgEhEhEgEfEfEhEfE-39974+9178-2216C","mapping_code":"3_176_45316_546115058","state":1},{"key":"7","name":"7","code":"+9178-4528+600-500+598-498E-1626CfEfEfEfEfE-1628EfEfEfEgCgEfEhEfEfEfEfEgEfEhEhEgEhEhEgEfEhEfEfE-39982A-2224C","mapping_code":"3_208_45316_546114548","state":1},{"key":"8","name":"8","code":"+9174-4536+600-500+598-498E-1626EfEfEfEfEfE-1628EfEfEfEgEhEfEhEfEfEfEfEgEfEfEfEhEgEhEhEfEgEhEgC-39990+9148-2248+602","mapping_code":"3_16_45316_546113783","state":1},{"key":"9","name":"9","code":"+9176-4538+600-500+598-498E-1626EfEfEfEfEfEgEfEfEfEgCgEfEgCfEfEfEfE-1628EfEfEhEgCgEgEhEfEgEhEfE-40014+9200-2222C","mapping_code":"3_144_45316_546114038","state":1},{"key":"POWER","name":"POWER","code":"+9152-4546+600-506+598-498E-1626CfEfEfEfEfEgEfEfEfE-1628EgCfEhEfEfEfEgCgCfEhEfEgCgEhEfEfEgEfEhE-39960+9174-2234C","mapping_code":"3_88_45316_546118373","state":1},{"key":"VOLUME_UP","name":"VOLUME UP","code":"+9150-4540+602-508+598-498E-1626+600fEfEfEfEfEgEfEfEfEgHgEfE-1628EfEgHfEfEfEfEgEfEiEfEgHgEgHgEfEiE-39972+9172-2236H","mapping_code":"3_66_45316_546128573","state":1},{"key":"VOLUME_DOWN","name":"VOLUME DOWN","code":"+9150-4530+600-500+598-498E-1628EfEfEfEfEfEgEfEfEfE-1626EgEfEhEfEfEfEfEfEfEfEhEgEhEgEhEgEhEgEfE-39924+9174-2208C","mapping_code":"3_128_45316_546111998","state":1},{"key":"CHANNEL_UP","name":"CHANNEL UP","code":"+9176-4536+602-518+598-498E-1626EfEfEfEfEfE-1628EfEfEfEgEhEfEg+600fEfEfEfEgEfEhEfEgIgEhEgEfEhEfEhE-39968+9200-2262C","mapping_code":"3_80_45316_546114293","state":1},{"key":"CHANNEL_DOWN","name":"CHANNEL DOWN","code":"+9174-4510+602-498+598dE-1626+600dEdEdEdEdEfEdEdEdE-1628EfEdEhEdEhEdEdEdEdEdEfEhEdEfEhEhEfEhEdE-39990+9178-2228G","mapping_code":"3_130_45316_546128318","state":1},{"key":"MUTE","name":"MUTE","code":"+9176-4562+602-508+598-498E-1628EfEfEfEfEfE-1626EfEfEfEgEh+600fEhEfEfEfEfEfEgEhEgEhIhEgEhIhEfEfEfE-39990+9204-2268I","mapping_code":"3_224_45316_546113528","state":1},{"key":"INFO","name":"INFO","code":"+9178-4524+600-498C-496C-1626+598dGdGdGdGdGfCdGdGdGfG-1628GdGfCdGdGdGhGfCfGhGfCfGfCfGdGdGdGdGdG-39978+9202-2264+602","mapping_code":"3_248_45316_546119648","state":1},{"key":"EXIT","name":"EXIT","code":"+9178-4542+602-498+598dE-1626+600dEdEdEdEdEfEdEdEdE-1628EfGdEhEhEfEdEdEdEhEfGdEdEdEfEhEfEdEdEhE-39998+9204-2252G","mapping_code":"3_99_45316_546162233","state":1}],"_id":"cBs6ngdLH5MH06aS"}
