{"category":"TV","brand":"TCL","model":"1632","type":1,"version":"1.0","create_date":1688981411806,"protocol":"TCL","map_code":[{"key":"POWER","name":"POWER","code":"+9154-4584+562-540+536c+534-564FcEgFgFcEcF-1696EhFh+532-1698FhFgFjFhFcFgIjFjIjIgF-566+556g+508-1700+530-1722+510-588QrIkMpIjMpI-42900+9124-2494F","mapping_code":"3_28_57088_16464071","state":1},{"key":"MENU","name":"MENU","code":"+9150-4576+564-538+534cEcEc+536-562FgFgFg+588-1696F-1694FjFiEiFcEiEiFcEcEcE-1698Ei+532cFgEgFiEiEiFcFgEiEiFiE-42902A-2278+558","mapping_code":"3_24_57088_16455911","state":1},{"key":"VOLUME_UP","name":"VOLUME UP","code":"+9128-4584+562-540+534-564EfEc+536cEfGcGcG-1696EhGhG-1694GiEfEhGhGhGiGcGhEfGcGhEfGcG-560+538iGcGhGiGcEhE-42900+9152-2294+568","mapping_code":"3_75_57088_16503341","state":1},{"key":"VOLUME_DOWN","name":"VOLUME DOWN","code":"+9126-4592+562-540+534c+536c+538cEcFcFcEcE-1696EhFhE-1694GiE-564EhEiFiFhFiGiEjFcFiFcFjEcFcFjEhFhEjEhE-42914+9124-2290+560","mapping_code":"3_79_57088_16511501","state":1},{"key":"BACK","name":"BACK","code":"+9158-4584+566-536+560-538D-562+534gD-564DiDgHgF-1694DjDjDjDjDgH-1696Dk+540-1690HkHjFjDjFgDjDgDgElDgDgDgDkHgDkD-42904+9186-2302G","mapping_code":"3_95_57088_16513541","state":1},{"key":"CHANNEL_UP","name":"CHANNEL UP","code":"+9158-4602+562-538+536c+534cEcEcEcEcEcE-1696E-1694EhEhDgEcFgFgFgE-564EcFgFiFiFiFcFiFgE-1698+532iFgFgFjFgF-42894+9150-2272+558","mapping_code":"3_9_57088_16486511","state":1},{"key":"CHANNEL_DOWN","name":"CHANNEL DOWN","code":"+9160-4582+564-536+534cD-562DfDfDfE-566EfD-1694D-1696DhDiEiDcEhDiEhDfDhDfDfDfDcEfDcDiDfDiDhEiDhEiD-42898+9156-2310F","mapping_code":"3_5_57088_16490591","state":1},{"key":"UP","name":"UP","code":"+9130-4614+566-536+560-538D-562DgDgDgDc+534gD-1696HiDiD-1694DiDgDiHiHgD-1690+542gDjDjD-564DgHmHjDgDiHmHgDiHiDiH-42902+9154-2286+568","mapping_code":"3_26_57088_16472231","state":1},{"key":"DOWN","name":"DOWN","code":"+9182-4596+564-538+536-562EcEf+532-566EfEfEfE-1694E-1696EjEi+534jKcKjKjEcEfEcKjEcEfE-1720EfKjEjEjKf+560-1670EiEfKiE-42942+9174-2276F","mapping_code":"3_72_57088_16454381","state":1},{"key":"LEFT","name":"LEFT","code":"+9154-4584+564-538+536-562EfEfEc+534cEfEfE-1696EhEhGhGhGcEhGhE-1698G-1694EhD-560GcGfGhGcGcEfGcGhEhGiGcGhG-42902+9174-2312K","mapping_code":"3_71_57088_16507421","state":1},{"key":"RIGHT","name":"RIGHT","code":"+9156-4598+572-542+538-562+536fGf+534fGfG-564GfH-1696G-1694GjGjGkGiHjGjGjHjGkGfGfGfGfGfHiGiHiHkGkGjHjGkG-42918+9154-2310F","mapping_code":"3_7_57088_16506911","state":1},{"key":"ENTER","name":"ENTER","code":"+9156-4596+564-538+536-562EfEcEfEfEfEfE-1696E-1694+534gEhEhEfEhIgEcIgEgEfEfEfEcIfEhEfEcEgIgIhIgEgI-42912+9148-2330+560","mapping_code":"3_6_57088_16474271","state":1},{"key":"0","name":"0","code":"+9154-4586+564-538+536-562EfEfEfEfEfEfE-1694E-1696EgE-1700+532gEc+534hEhEfEfKhKhEcKfEfEfEhEhKfEfEgEhEhKhK-42952+9208-2342F","mapping_code":"3_12_57088_16462031","state":1},{"key":"1","name":"1","code":"+9156-4580+566-536D-562D-560D-564DeDeDeDe+538-1694D-1696+534iDjDiDgDiDjKgDeDiKeDjKeK-1698KeKjDiDeDiDeDjKgKjD-42892+9150-2294G","mapping_code":"3_84_57088_16460501","state":1},{"key":"2","name":"2","code":"+9154-4576+562-540+536cE-560EcEcEcEc+534-564G-1696GiE-1694EjEj+538cGiEjEcEjEjEhGjEcEhEcEjEcEcE-1698EfEiEjEjE-42926+9150-2268C","mapping_code":"3_22_57088_16476311","state":1},{"key":"3","name":"3","code":"+9100-4602+566-536D-562DeDeDeDeDe+534eD-1696DgF-1694+538hDhD-564DgFgFgDeFhDjDgFjFeDeFjDhDeDhFeDhIhDhI-42938+9152-2292J","mapping_code":"3_21_57088_16492631","state":1},{"key":"4","name":"4","code":"+9160-4572+570-532+536-562EfEfE-564E-560EgEfE-1696E-1694EjEi+534iEfEj+538jEhLhLfEgK-1692LfEjLfEjEjLjEiEfEiEfLmE-42904+9156-2308L","mapping_code":"3_80_57088_16452341","state":1},{"key":"5","name":"5","code":"+9158-4572+564-538+536-560E-562EgEgEgEgEgE-1696E-1694EiDiEhEgEh+532-1698+534cLiEcLgEiLcEgLcEiEgLhEiEgEiEhEhE-42936+9180-2328G","mapping_code":"3_18_57088_16468151","state":1},{"key":"6","name":"6","code":"+9156-4660+562-540+534c+536-564FcEcFgF-560+538cE-1696EjF-1694FjEkFgEjEjEjEgEcFgEjE-566+532gElMl+556-1674M-1698EpMlM-1720+510pE-1718R-42920+9124-2288F","mapping_code":"3_17_57088_16484471","state":1},{"key":"7","name":"7","code":"+9158-4586+564-536D-562D-560+538fGfDeDeGf+534-1696D-1694DiHiDiDfDjDiDeHeDjGjDeDfDjEdDiDiHeDeDiHiDeDjD-42950+9208-2410+570","mapping_code":"3_76_57088_16462541","state":1},{"key":"8","name":"8","code":"+9156-4588+564-538+536-562EfE-560DfEfEfEfE-1694E-1696EiEi+534iEf+540-1692EiEfJiEiJiEcJfEfJ-566+532-1698JmNmNmNoJoN-1720+510pQ-42938+9152-2378E","mapping_code":"3_14_57088_16478351","state":1},{"key":"9","name":"9","code":"+9306-4594+570-534+536-562+538-560EfEhGfEfEhG-1694EiEiEiE-1696EfDjEiEiEfEjDjGhEfD-564EfEfEiEkDkDjEjDjEiE-42914+9154-2364K","mapping_code":"3_13_57088_16494671","state":1},{"key":"MUTE","name":"MUTE","code":"+9124-4590+590-512+536-562EfEf+538-560EfEhGfE-1696H-1670EiE-1694GkE-564Hj+534iEfEfElMiMlMlEfElMkEiMiMlMiMiM-1698+532iM-42906+9172-2336E","mapping_code":"3_8_57088_16453871","state":1},{"key":"INPUT","name":"INPUT","code":"+9154-4570+562-538Dc+536cEc+534cE-564FgFgE-1694EhEhE-1696FiFg+558-1672FiF-1720+510-1698FiFgF-1718+512-586MgF-566+532-588MtMtM-1722MtMuMlMuS-42886+9148-2336F","mapping_code":"3_23_57088_16508951","state":1},{"key":"REWIND","name":"REWIND","code":"+9156-4618+570-546+536-562EfEfE-564+534-560+538iJfE-1696HkEkE-1694E-1698HfElElEgElEkElE-1706HfElJfElEfEiEfEfElJfEkE-42892+9150-2258+566","mapping_code":"3_94_57088_16480901","state":1},{"key":"PLAY","name":"PLAY","code":"+9158-4560+566-536+538-562DfDfDfDfDfDfD-1694DgDg+560-1670D-1696Df+534jKgEfDfDgDjKjDfDjDfKjDgDfDfK-564DgDfD-1692D-42912+9176-2308F","mapping_code":"3_92_57088_16464581","state":1},{"key":"FAST_FORWARD","name":"FAST FORWARD","code":"+9156-4636+570-554+538-560+536-562GhGhGfEhGhG-1696G-1694GjEjEjG-564+534jGjEfGjGhGiGjGkGiGhGjGkLiGhLhGiGhGiL-42890+9180-2312K","mapping_code":"3_90_57088_16472741","state":1},{"key":"SLEEP","name":"SLEEP","code":"+9182-4604+564-538+536-562E-560EfEfDfEgDgD-1694EhE-1710EhDhEf+534hDhEfEhEhEhEhEfDgDgE-1696FeJfEfJfJkJkEhE-42854+9102-2300+566","mapping_code":"3_30_57088_16480391","state":1},{"key":"EXIT","name":"EXIT","code":"+9180-4582+564-536+538-562DfDfE-560DcDf+534fD-1692D-1696D-1694HjDkDfDjDjDfDkDfDjDcDgDgEgDjDcHkDfHkEkHkEkD-42902+9150-2332F","mapping_code":"3_10_57088_16470191","state":1},{"key":"LAST","name":"LAST","code":"+9126-4590+564-536D-562+538eDeDeD-560FeFgF-1694DhFhDhDhDgFhDhDeDeDhDeDhDeDeDeFhDhDeDhDeDhDhDhD-42872+9156-2314+566","mapping_code":"3_20_57088_16459991","state":1},{"key":"DISPLAY","name":"DISPLAY","code":"+9126-4612+568-548+534-564E-562+536gHgHgHfEgE-1696H-1694HjHjHiEfEiEiEfEgHfEfEfEfEiEfEi+532-1698E-1718+512-1720+510oPoP-590PoP-42894+9124-2312H","mapping_code":"3_64_57088_16450301","state":1},{"key":"NEXT","name":"NEXT","code":"+9152-4600+564-536+534c+538-560D-562DhEcDhDgD-1694DiDiD-1696DiDhD-1692FiDhFkFkFgFkFhDiDhDiDhDhDiFhDkDhFiF-42878+9124-2280C","mapping_code":"3_86_57088_16476821","state":1},{"key":"RED","name":"RED","code":"+9124-4612+568-540+538-562+536fGf+534-564GfGfGfG-1696GjH-1694GkGjGfGjGkGkGfGkGkGjHiHj+558eGiHkGfGfGiHjHfGjH-42892+9150-2318+560","mapping_code":"3_93_57088_16497221","state":1},{"key":"GREEN","name":"GREEN","code":"+9158-4574+568-536D-560D-562Df+534-564GfDe+538fI-1692I-1696D-1694IlIlDfDkGkGkDfDfDkDlIeDkDfGhGlDkGhGhGlDfGkG-42914+9150-2314F","mapping_code":"3_89_57088_16489061","state":1},{"key":"BLUE","name":"BLUE","code":"+9150-4574+596-512+538-562+534-564GhGfGh+536fIfI-1694EjIjI-1696IkI-560IjEjEkGfEjIlIkIfIjGhGfIjIfIjIfIkIfIkG-42914+9158-2308H","mapping_code":"3_85_57088_16493141","state":1},{"key":"YELLOW","name":"YELLOW","code":"+9184-4642+574-542+536-560E-562EgEfEgEf+538gE-1694E-1698+534iEi+540-1692EfHiEjKiHfE-564KgE-1696EgEiKnKnEiEiEoEgEiEgEmH-42918+9154-2312G","mapping_code":"3_81_57088_16484981","state":1},{"key":"PICTURE_MODE","name":"PICTURE MODE","code":"+9104-4608+564-538+534-562+536fGf+588-510EfD-560DfG-1696G-1694GkGkElGcEkGkEfGlGlGkGfGjDlGfDlDfGjDfGlGkGfGlG-42906+9126-2288F","mapping_code":"3_78_57088_16478861","state":1},{"key":"SOUND_MODE","name":"SOUND MODE","code":"+9102-4608+566-538+534-562+536fGfGfGfG-564Ef+512-1718G-1694GkG-1696EkGhEkGlGfGkGfGlEhGfGkGfGlGfGlGfGkGlEfElG-42926+9152-2294F","mapping_code":"3_74_57088_16470701","state":1}],"_id":"vYrA9otLEx4gactQ"}
