{"category":"TV","brand":"TOSHIBA","model":"1472","type":1,"version":"1.0","create_date":1694767800362,"protocol":"TOSHIBA","map_code":[{"key":"0","name":"0","code":"+8140-4002+542-454+540-1452CdEdEdEdEdEdE-3986C-1454CdEdEhEhCdEdEdE-20736+8132-3996CdEfCdEdEdEdEdEdE-3994EhEdEdEhEhCdEdEdE","mapping_code":"39_152_64_16536","state":1},{"key":"1","name":"1","code":"+8150-4000+542-454+540-1452CdEdEdEdEdEdE-3986C-456EdEdEdE-1454EdEdEdE-20736+8132-3996CdEfCdEdEdEdEdEdE-3998EdEdEdEdEfCdEdEdE","mapping_code":"39_8_64_16392","state":1},{"key":"2","name":"2","code":"+8150-3998+544-456+540-1454+542-454EhEhEhEhEhE-3984G-1456+538dEhEhEfEhEhEhE-20736+8132-3996GhE-1452GhEhEhEhEhEhEbEfEhEhEhEoGhEhEhE","mapping_code":"39_136_64_16520","state":1},{"key":"3","name":"3","code":"+8146-4002+542-454+540-1454EdEdEdEdEdEdE-3984CdE-1452CdEdEhCdEdEdE-20736+8132-3998+544-456EhCdEdEdEdEdEdEgCdEfEdEdEfCdEdEdE","mapping_code":"39_72_64_16456","state":1},{"key":"4","name":"4","code":"+8150-4000+542-454+540-1454CdC-452EdEdEdEdE-3984CfEfEdEdE-1452CdEdEdE-20738+8130-3996CdEfCdEdEdEdEdEdE-3998CfEfCdEdEfCdEdEdE","mapping_code":"39_200_64_16584","state":1},{"key":"5","name":"5","code":"+8144-4000+542-454+540-1452CdEdEdEdEdEdE-3984+544-456EdE-1454EdEjEdEdEdE-20736+8132-3996EdEfCdEdEdEdEdEdE-3998EdEdEjEdEfCdEdEdE","mapping_code":"39_40_64_16424","state":1},{"key":"6","name":"6","code":"+8150-4000+544-456+540-1454+542-454EhEhEhEhEhE-3986EfGhEfEhE-1452GhEhEhE-20736+8130-4008EhEjGhEhEhEhEhEhE-3984GjGhEjGhEfEhEhEhE","mapping_code":"39_168_64_16552","state":1},{"key":"7","name":"7","code":"+8150-4002+542-454+540-1454EdEdEdEdEdEdE-3984CdEfC-1452CdEfCdEdEdE-20736+8132-3996CdEhCdEdEdEdEdEdEkCdEfEfEdEhCdEdEdE","mapping_code":"39_104_64_16488","state":1},{"key":"8","name":"8","code":"+8154-4002+542-454+540-1454EdEdEdEdEdEdE-3984+544fEfC-1452CdEfCdEdEdE-20736+8158-4006CdEfEdEdEdEdEdEdE-3986CiCiCiCdEfEdEdEdE","mapping_code":"39_232_64_16616","state":1},{"key":"9","name":"9","code":"+8150-4002+542-454+540-1454CdEdEdEdEdEdE-3984CdEdEdE-1452ChCdEdEdE-20736+8130-3996CdEhCdEdEdEdEdEdE-3998EdEdEdEhChCdEdEdE","mapping_code":"39_24_64_16408","state":1},{"key":"POWER","name":"POWER","code":"+8144-4000+542-454+540-1454CdEdEdEdEdEdE-3984+544-456E-1452CfEfCdEdEdEdE-20736+8130-4006EdEjCdEdEdEdEdEdE-3986EdEfCjCjCdEdEdEdE","mapping_code":"39_112_64_16496","state":1},{"key":"MENU","name":"MENU","code":"+8154-4002+542-454+540-1454Ed+544-452EdEdEdEdE-3984G-456EdEdE-1452CfEdEkCdE-20736+8130-4006EdEkCdEdEdEdEdEdEiCdEdEdEkCfEdEkCdE","mapping_code":"39_26_64_16410","state":1},{"key":"UP","name":"UP","code":"+8150-4002+544-456+540-1454E-454EgEgEgEgEgE-3984+542-1452IgEgEgEgEgEgEgE-20736+8132-3996EgEjIgEgEgEgEgEgE-3998EfIgEgEgEgEgEgEgE","mapping_code":"39_128_64_16512","state":1},{"key":"DOWN","name":"DOWN","code":"+8154-4002+542-454+540-1454CdEdEdEdEdEdE-3986C-456EfEdEdEdEdEdEdE-20736+8130-3996CdE-1452CdEdEdEdEdEdE-3998EdElCdEdEdEdEdEdE","mapping_code":"39_64_64_16448","state":1},{"key":"LEFT","name":"LEFT","code":"+8142-4000+542-454+540-1454CdEdEdEdEdEdE-3986C-456EdEfCdEdEdEdEdE-20736+8130-3996CdEfCdEdEdEdEdEdE-3994ChEdE-1452CdEdEdEdEdE","mapping_code":"39_32_64_16416","state":1},{"key":"RIGHT","name":"RIGHT","code":"+8152-4000+542-454+540-1452CdEdEdEdEdEdE-3986CfCfCdEdEdEdEdEdE-20736+8130-3996CdE-1454EdEdEdEdEdEdE-3994CkCfCdEdEdEdEdEdE","mapping_code":"39_192_64_16576","state":1},{"key":"ENTER","name":"ENTER","code":"+8148-4002+542-454+540-1452CdEdEdEdEdEdE-3986+544-1454CfCdEfCiEdEfCdE-20736+8130-3996CdEiCdEdEdEdEdEdElCiEiEdEfCfCdEiEdE","mapping_code":"39_218_64_16602","state":1},{"key":"MUTE","name":"MUTE","code":"+8150-4000+540-454C-1452+542dCdCdCdCdCdC-3986+544-1454FdCdCiFdCdCdCdC-20754+8158-4012FdCiFdCdCdC-456CdCdCgCiFdCdCeFdCdCdCdC","mapping_code":"39_144_64_16528","state":1},{"key":"INPUT","name":"INPUT","code":"+8146-4000+542-454+540-1454CdEdEdEdEdEdE-3986CfCdEfC-1452CdEdEdEdE-20736+8130-4016EdEfCdEdEdEdEdEdEgEfCdEfEfEdEdEdEdE","mapping_code":"39_176_64_16560","state":1}],"_id":"gy40MyYeFCYLVeZY"}
