{"category":"TV","brand":"TOSHIBA","model":"1657","type":1,"version":"1.0","create_date":1695006555795,"protocol":"TOSHIBA","map_code":[{"key":"GREEN","name":"GREEN","code":"+9188-4528+596-506+592-504EfEfEfEfE-1634+594fEgHfEgHgHgHgHfEgHgHfEgHfEgHgHgHfEfEgHfEgHfE-508+588fEgH-42756+9146-2248C","mapping_code":"3_117_48448_45985361","state":1},{"key":"BLUE","name":"BLUE","code":"+9160-4520+594-504+592dEdEdEdEdE-1634CdEfCdEfCfCfCfCdEfCfCfCdEdEfCfCfCdEdEdEfCfCdEdEdEfC-42788+9172-2230C","mapping_code":"3_115_48448_45993521","state":1},{"key":"MUTE","name":"MUTE","code":"+9162-4542+596-504+592dEdEdEdEdE-1634+594dEfGdEfGfGfGfGdE-1636+590dEdEdEdEfGdEdEdEfGfGfGfGdEfGfGfG-42786+9172-2234G","mapping_code":"3_16_48448_45943031","state":1},{"key":"INPUT","name":"INPUT","code":"+9212-4540+596-506+592-504EfEfEfEfE-1634+594fEgHfEgHgHgHgHfEgHgEfEgHgHfEfEfEfEfEgHfEfEgHgHgHgH-42718+9146-2250C","mapping_code":"3_13_48448_45985871","state":1},{"key":"0","name":"0","code":"+9164-4516+596-506+592-504EfEfEfEfE-1634+594fEgHfEgHgHgHgHfEgHfEgHfEgHfEfEfEfEgHfEgHfEgHgHgHgH-42726+9146-2230H","mapping_code":"3_10_48448_45961391","state":1},{"key":"1","name":"1","code":"+9170-4538+596-506+592-504EfEfEfEfE-1634+594fEgHfEgHgHgHgHfEgHgHfEfEfEfEfEfEfEfEgHgHgHgHgHgHgE-42794+9172-2232C","mapping_code":"3_1_48448_45973631","state":1},{"key":"2","name":"2","code":"+9168-4536+596-506+592-504EfEfEfEfE-1634+594fEgHfEgHgHgHgHfEgHfEgHfEfEfEfEfEfEgHfEgHgHgHgHgHgH-42772+9172-2236C","mapping_code":"3_2_48448_45957311","state":1},{"key":"3","name":"3","code":"+9170-4532+596-506+592-504EfEfEfEfE-1634+594fEgHfEgHgHgHgHfEgHgHgHfEfEfEfEfEfEfEfEgEgHgHgHgEgH-42754+9198-2258C","mapping_code":"3_3_48448_45989951","state":1},{"key":"4","name":"4","code":"+9186-4524+596-506+592-504EfEfEfEfE-1634+594fEgHfEgHgHgHgHfEgHfEfEgHfEfEfEfEfEgHgHfEgHgHgHgHgH-42726+9146-2226H","mapping_code":"3_4_48448_45949151","state":1},{"key":"5","name":"5","code":"+9172-4530+596-506+592-504EfEfEfEfE-1634+594fEgHfEgHgHgHgHfEgHgHfEgHfEfEfEfEfEfEgHfEgHgHgHgHgH-42758+9146-2236C","mapping_code":"3_5_48448_45981791","state":1},{"key":"6","name":"6","code":"+9194-4548+596-506+592-504EfEfEfEfE-1634+594fEgHfEgHgHgHgHfEgHfEgHgHfEfEfEfEfEgHfC-500EgHgHgHgHgH-42772+9146-2232C","mapping_code":"3_6_48448_45965471","state":1},{"key":"7","name":"7","code":"+9170-4538+596-506+592-504EfEfEfEfE-1634+594fEgHfEgHgHgHgHfEgHgHgHgHfEfEfEfEfEfEfEfEgHgHgHgHgE-42766+9172-2224H","mapping_code":"3_7_48448_45998111","state":1},{"key":"8","name":"8","code":"+9170-4532+596-506+592-504EfEfEfEfE-1634+594fEgHfEgHgHgHgHfEgHfEfEfEgHfEfEfEfEgHgHgHfEgHgHgHgH-42772+9146-2236H","mapping_code":"3_8_48448_45945071","state":1},{"key":"9","name":"9","code":"+9188-4552+596-506+592-504EfEfEfEfE-1634+594fEgHfEgHgHgHgHfEgHgHfEfEgHfEfEfEfEfEgHgHfEgHgHgHgH-42722+9168-2226H","mapping_code":"3_9_48448_45977711","state":1},{"key":"POWER","name":"POWER","code":"+9166-4540+594-504+592dEdEdEdEdE-1634CdEfCdEfCfCfCfEdEfCdEfCdEdEfCdEdEdEfCdEfCfCdEfCfCfC-42768+9172-2234+596","mapping_code":"3_18_48448_45959351","state":1},{"key":"FAST_FORWARD","name":"FAST FORWARD","code":"+9188-4542+596-506+592-504EfEfEfEfE-1634+594fEfEfEgHgHgHgHfEgHfEgHgHgHfEgHfEfEgHfEfEfEgHfEgHgH-43870+9170-2226C","mapping_code":"3_46_48192_37581963","state":1},{"key":"PAUSE","name":"PAUSE","code":"+9164-4544+596-506+592-504EfEfEfEfE-1634+594fEgHfEgHgHgHgHfEgHfEfEfEfEgHfEgHfEgHgHgHgHfEgEfEgH-42726+9168-2216C","mapping_code":"3_80_48448_45943541","state":1},{"key":"STOP","name":"STOP","code":"+9158-4548+596-530+594-506+592-504GhGhGhG-1634EhGhGhGiEiEiEiEhGiEiEiEhGiEhGiEhGhGhGhGiEhGiEhGiEiE-43854+9166-2224E","mapping_code":"3_43_48192_37606443","state":1},{"key":"MENU","name":"MENU","code":"+9166-4544+594-538+592-510E-504EgEgEgE-1634CgEhCgEhChChChCgEhChChChCgEgEhCgEgEgEgEgEhEhCgEhChC-42728+9172-2226C","mapping_code":"3_39_48448_45999131","state":1},{"key":"UP","name":"UP","code":"+9168-4540+594-504+592dEdEdEdEdE-1634CdEfCdEfCfCf+596-1632EdEfCdEfCfCfCfCfCdEdEfCdEdEdEdEdEfCfC-42736+9146-2230G","mapping_code":"3_62_48448_45972611","state":1},{"key":"DOWN","name":"DOWN","code":"+9192-4534+596-506+592-504EfEfEfEfE-1634+594fEgHfEgHgHgHgHfEgHgHgHgHgHgHgHfEfEfEfEfEfEfEfEgHgH-42726+9146-2238H","mapping_code":"3_63_48448_46005251","state":1},{"key":"LEFT","name":"LEFT","code":"+9196-4540+596-508+592-504EfEfEfEfE-1634+594fEgHfEgHgHgHgHfEgHgHgHgHgHgHfEgHfEfEfEfEfEfEgHfEgE-42726+9200-2270C","mapping_code":"3_95_48448_46004741","state":1},{"key":"RIGHT","name":"RIGHT","code":"+9170-4536+596-506+592-504EfEfEfEfE-1634+594fEgHfEgHgHgHgHfEgHgHgHfEgHgHfEgHfEfEfEgHfEfEgHfEgH-42736+9146-2228H","mapping_code":"3_91_48448_45996581","state":1},{"key":"VOLUME_UP","name":"VOLUME UP","code":"+9170-4534+594-504+592dEdEdEdEdE-1634CdEfCdEfCfCfC-1632CdEfCdEfCdEfCfEdEdEdEfCdEfCdEdEfCfCfC-42772+9172-2220C","mapping_code":"3_26_48448_45963431","state":1},{"key":"VOLUME_DOWN","name":"VOLUME DOWN","code":"+9170-4536+596-506+592-504EfEfEfEfE-1634+594fEgHfEgHgHgHgHfEgHfEgHgHgHgHfEfEfEgHfEfEfEfEgHgHgH-42736+9146-2226C","mapping_code":"3_30_48448_45971591","state":1},{"key":"CHANNEL_UP","name":"CHANNEL UP","code":"+9218-4538+596-506+592-504EfEfEfEfE-1634+594fEgHfEgHgHgHgHfEgHgHgHfEgHgHfEfEfEfEd+590gHfEfEgHgHgH-42718+9170-2230H","mapping_code":"3_27_48448_45996071","state":1},{"key":"CHANNEL_DOWN","name":"CHANNEL DOWN","code":"+9166-4538+596-506+592-504EfEfEfEfE-1634+594fEgHfEgHgHgHgHfEgHgHgHgHgHgHfEfEfEfEfEfEfEfEgEgHgH-42746+9146-2230H","mapping_code":"3_31_48448_46004231","state":1},{"key":"EXIT","name":"EXIT","code":"+9166-4534+596-506+592-504EfEfEfEfE-1634+594fEgHfEgHgH-1632HgHfEgHfEfEgHgHgHgHfEfEgHgHfEfEfEfEgHgH-42752+9146-2230H","mapping_code":"3_60_48448_45956291","state":1},{"key":"HOME","name":"HOME","code":"+4618-4538+596-1634+594-1632EfE-504+592gHgHgHgHfEfEfEgHgHgHgHgHgHfEgHgHgHgHgHgHfEgHfEfEfEfEfEfE-48414+4596-4566C-518H","mapping_code":"7_2_7_3772793023","state":1}],"_id":"4Y4e950I59KCWxCD"}
