{"category":"TV","brand":"TOSHIBA","model":"2000367","type":1,"version":"1.0","create_date":1695007994529,"protocol":"TOSHIBA","map_code":[{"key":"0","name":"0","code":"+9056-4442+616-528+612-524EfEfEfEfE-1588+614fE-1586HiHgEgEgEgHfEiHfEiHfEgE-526EfEfEfEgHfEiHfEiHiHiHiH","mapping_code":"3_10_64_50155695","state":1},{"key":"2","name":"2","code":"+9064-4448+616-526+612-524EfEfEdEfE-1588+614fE-1586HgEgHiHiHiHfEgEfEiHfEfEfEfEfEfEiHfEgHiHiHiHiHgE-39722A-2192H","mapping_code":"3_2_64_50151615","state":1},{"key":"4","name":"4","code":"+9116-4482+616-526+612-524EfEfEfEfE-1588+614fE-1586HiHgHiEgHiHfEgEfEfEgEfEfEfEfEfEiHiHfEgHiHiHiHiH","mapping_code":"3_4_64_50143455","state":1},{"key":"3","name":"3","code":"+9064-4442+616-526+612-524EfEfEd+610fE-1588EfE-1586+614iJiJhEhEhJfEhEhEfEiJfEfEfEdEfEfC-1584JfEiJiJiJiJiJ","mapping_code":"3_5_64_50176095","state":1},{"key":"1","name":"1","code":"+9028-4454+614-524+612dEdEdEdEdE-1586CdE-1588CfCfCfCfCgEdEgCfCdEdEdEdEdEdEdEdEfCgEgEgEgCfCfC-39710+9040-2204C","mapping_code":"3_1_64_50167935","state":1},{"key":"6","name":"6","code":"+9064-4444+614-524+612dEdEdEdEdE-1588CdE-1586CfEfCgCgCgCdEfCdEgCfE-548EdEdEdEdEgCdEdEgCgCfEfCgE-39724A-2192C","mapping_code":"3_6_64_50159775","state":1},{"key":"8","name":"8","code":"+9060-4446+614-524+612dEdEdEdEdE-1588EdE-1586CfEfCgCgCfEdEgCdEdEdEg+510","mapping_code":"-1_0_0_171314683","state":1},{"key":"9","name":"9","code":"+9064-4658+642-542+614d+612-524FgFgFgF-1586EgF-1588FiEh+616-1584EhEhEgFhEhEgFgFhEg+638","mapping_code":"-1_0_0_3052403270","state":1},{"key":"FAST_FORWARD","name":"FAST FORWARD","code":"+552-582+592-568+612-524EfE-1586+614fE-526EgHgH-1588EjEjEfEgHfEgHgHgHfEjHfEfEjEiEfEfEgHfEgHgH-39702+9066-2216+616","mapping_code":"-1_0_0_2400052503","state":1},{"key":"POWER","name":"POWER","code":"+9064-4444+616-526+612-524EfEfEfEfE-1586+614fE-1588EiHgHgHiEgHfEiEfEgHfEfEiEdEfEdEiEfEiEiEfEiEiHgH-39722+9036-2212C","mapping_code":"3_18_64_50153655","state":1},{"key":"PLAY","name":"PLAY","code":"+9064-4444+616-526+612-524EfEfEfEfE-1588EfEfEg+614-1586HiHiHiHfEgEgHfEgEgEfEiHfEdEfEgHfEfEiHfEgEgE-39686+9040-2196H","mapping_code":"3_45_48704_41792587","state":1},{"key":"CHANNEL_UP","name":"CHANNEL UP","code":"+9170-4524+598-506+592-504EfEfE-548EfE-1632+594fEhIhIhIhIhIhIfEhIhIhIhIfEfEfEfEfEfEfEfEhIhC-1628IhIhI-41592+9146-2228I","mapping_code":"3_7_64_50192415","state":1}],"_id":"buGocHRcgJr5u2fU"}
