{"category":"TV","brand":"TOSHIBA","model":"2000391","type":1,"version":"1.0","create_date":1694765593253,"protocol":"TOSHIBA","map_code":[{"key":"POWER","name":"POWER","code":"+9084-4434+648-560+644-558EfEfEfEfE-1606+646fEgHgH-1608EiHgHgHfEiHfEiHfEfEgHfEfEfEiHfEiHgHfEiHgHgH-40372+9092-2222H-40358+9066-2196H","mapping_code":"3_18_64_50153655","state":1},{"key":"VOLUME_UP","name":"VOLUME UP","code":"+9082-4450+646-558+644dEdEdEdEdE-1608EdE-1606+648-1604CfCgCgCgCdEgCdEgCdEfCgCdEdEdEfCdEfCdEdEgCgCgC-40382+9064-2208C-40322+9062-2190C","mapping_code":"3_26_64_50157735","state":1},{"key":"VOLUME_DOWN","name":"VOLUME DOWN","code":"+9090-4452+646-558+644dEdEdEdEdE-1608EdEfEfC-1606CgCgCfEdEgCdEgCgCgCfCdEdEdEfEdEdEdEdEgCgCgC-40380+9064-2208C-40318+9066-2190C","mapping_code":"3_30_64_50165895","state":1},{"key":"CHANNEL_UP","name":"CHANNEL UP","code":"+9084-4434+648-560+644-558EfEfEfEfE-1606+646fEgHgH-1608EiHgHgHfEiHgHgHfEgHgHfEfEfEfEfEgHfEfEiHgHiE-40448+9146-2242C-40334+9066-2190H-40360+9116-2200H","mapping_code":"3_27_64_50190375","state":1},{"key":"CHANNEL_DOWN","name":"CHANNEL DOWN","code":"+9084-4436+646-558+644dEdEdEdEdE-1606CdEfCfC-1608EgCfCfCdEfCfCgEgCfCfCdEdEdEdEdEdEdEdEgCfCfC-40370+9088-2188C","mapping_code":"3_31_64_50198535","state":1},{"key":"UP","name":"UP","code":"+9090-4452+646-558+644dEdEdEdEdE-1606CdE-1608CfCfCfCgEgCdEgCdEfCdEdEdEdEdEgEgCdEgEgCfCfCfCdE-40358+9118-2214+648-40348+9066-2194C","mapping_code":"3_130_64_50151870","state":1},{"key":"DOWN","name":"DOWN","code":"+9090-4450+648-560+644-558EfEfEfEfE-1606+646fEgHgH-1608EiHgHgHfEiHgHgHfEfEfEfEfHgEfEfEiHgHgHiEiEfE-40382+9064-2204H","mapping_code":"3_131_64_50184510","state":1},{"key":"LEFT","name":"LEFT","code":"+9078-4450+644-558CdCdCdCdCdC-1606+646dFeFeFeF-1608CgFeFdCgFeFdCgFeFeFdCdCdCdCgCdCdCdCeFgFeF-40368+9116-2214+648","mapping_code":"3_29_64_50182215","state":1},{"key":"RIGHT","name":"RIGHT","code":"+9090-4450+646-558+644dEdEdEdEdE-1606CdEfCfC-1608CfCfCfCdEfCfCdEdEgCfCdEdEdEdEfCgCdEdEfCfCgE-40372+9066-2206C","mapping_code":"3_25_64_50174055","state":1},{"key":"MUTE","name":"MUTE","code":"+9090-4452+646-558+644dEdEdEdEdE-1606CdE-1608CfCfCgEgCfCdEgCdEdEdEdEfCdEdEdEfCgEgCfCdEgCfCfC-40362A-2232C","mapping_code":"3_16_64_50137335","state":1}],"_id":"yTG1GijJJx5YzN7Y"}
