{"category":"TV","brand":"TOSHIBA","model":"4394","type":1,"version":"1.0","create_date":1695009010561,"protocol":"TOSHIBA","map_code":[{"key":"0","name":"0","code":"+9170-4526+596-502Cd+592dE-504EfEfE-1634+594dEgH-1632HiHgEiHgHfH-1630HfEfHdHfEfEfHfEdHiHiHiHiHiHgHiEgH-41578+9146-2222H","mapping_code":"3_0_64_50135295","state":1},{"key":"1","name":"1","code":"+9162-4542+596-512+592-504EfEfEfEfE-1632+594fEgHgHgHgHgH-1634EfEgHiEfEfEfEfEfEfEfEfEgHgHgHiEiHgHgH-41610+9172-2224C","mapping_code":"3_1_64_50167935","state":1},{"key":"2","name":"2","code":"+9166-4528+594-504+592dEdEdEdEdE-1632CdEfCfCfCfCfC-1634EdEfCdEgCdEdEdEdEdEdEgCdEfCfCfCgCfCfC-41644+9172-2220+596","mapping_code":"3_2_64_50151615","state":1},{"key":"3","name":"3","code":"+9162-4570+596-518+592-504EfEfEfEfE-1634+594fE-1632HiHiHiHiHiHfEiHiHiHfEfE-506+590fEfEfEfEfEiHiHiHiHiHiH-41572+9146-2236H","mapping_code":"3_3_64_50184255","state":1},{"key":"4","name":"4","code":"+9168-4522+596-506+592-504EfEfEfEfE-1632+594fEgHgHgHgHgHgHfEgHfEfEgHfEfEfEfEfE-1634EiHfEgHgHgHiEiH-41558+9172-2240H","mapping_code":"3_4_64_50143455","state":1},{"key":"5","name":"5","code":"+9188-4530+596-506+592-504EfEfE-524EfE-1632+594fEhIhIhIhIhIhIfEhIhIfEhIfEfEfEfEfEfEhIfEhIhIhIhIhI-41612+9174-2230C","mapping_code":"3_5_64_50176095","state":1},{"key":"6","name":"6","code":"+9172-4524+596-506+592-504EfEfEfEfE-1632+594fE-1636+590gHgHgHgHgHfEgHfEgHgHfEfEfEfEfE-1634EfEfEgHgHgHgHgH-41626A-2220C","mapping_code":"3_6_64_50159775","state":1},{"key":"7","name":"7","code":"+9170-4528+594-504+592dEdEdEdEdE-1632CdEfCfCfCfCfCfCdEfCfCfCfCdEdEdEdEdEdEdEdEfCfCfCfC-1634E-41588+9146-2222C","mapping_code":"3_7_64_50192415","state":1},{"key":"8","name":"8","code":"+9170-4526+594-504+592dEdEdEdEdE-1632CdEfCfCfCfCfCfCdEfCdEdEdEfCdEdEdEdEfCfCfCdEfCfCfCfC-41618+9174-2226C","mapping_code":"3_8_64_50139375","state":1},{"key":"9","name":"9","code":"+9190-4550+596-506+592-504EfEfEfEfE-1632+594fE-1634HgHgHgHgHgHfEgHgHfEfEgHfEfEfEfEfEiEiHfEgHgHgHiH-41560+9146-2252C","mapping_code":"3_9_64_50172015","state":1},{"key":"POWER","name":"POWER","code":"+9168-4524+594-504+592dEdEdEdEdE-1632CdE-1634CfCfCfCfCfCdEfCdEfCdEdEgEdEdEdEfCdEgEgCdEfCfCgE-41582+9146-2218C","mapping_code":"3_18_64_50153655","state":1},{"key":"FAST_FORWARD","name":"FAST FORWARD","code":"+9166-4514+596-506+592-510E-504EgEgEgE-1632+594gEhIhIhIhIhIhIgEhIhIhIgEgEhIhIgEgEgEgEhIhIgEgEhIhI-41636+9226-2230C","mapping_code":"3_51_64_50187315","state":1},{"key":"PLAY","name":"PLAY","code":"+9170-4524+596-506+592-504EfEfEfEfE-1632+594fEgHgHgHgHgHgHfEgHfEfEfEfC-1628H-1634HfEfEgHgHgHgHfEfEgHgH-41588+9196-2240C","mapping_code":"3_48_64_50138355","state":1},{"key":"PAUSE","name":"PAUSE","code":"+9164-4526+594-504+592dEdEdEdEdE-1632CdEfCfCfCfCfCfCdEfCfCdEfCdEfCfCdEdEdEfCdEfCdEdEfCfC-41612+9174-2220C","mapping_code":"3_53_64_50179155","state":1},{"key":"STOP","name":"STOP","code":"+9170-4524+596-506+592-504EfEfEfEfE-1632+594fEgHgHgHgHgHgHfC-1628HgHfEfEfEgH-1634HfEfEfEgHgHjEfEfEjEjH-41624+9174-2222H","mapping_code":"3_49_64_50170995","state":1},{"key":"MENU","name":"MENU","code":"+9166-4524+596-506+592-504EfC-502EfEfE-1632+594fEhIhIhIhIhIhIfEhIfEfEfEfEfEfEfEhIhIhIhIhIhI-1634EjIfE-41626+9174-2222I","mapping_code":"3_128_64_50135550","state":1},{"key":"UP","name":"UP","code":"+9164-4514+594-504+592dEdEdEdEdE-1632CdEfCfCfCfCfCfCdEfCdEfCdEdEdEdEdEfCfCdE-1634CfCfCfCfCdE-41622+9172-2220C","mapping_code":"3_130_64_50151870","state":1},{"key":"DOWN","name":"DOWN","code":"+9164-4530+596-506+592-504EfEfEfEfE-1632+594fEgHgHgHgHgHgHfEgHgHgHfEfEfEfEfEgHfEfE-1634HgHgHgHgHfE-41640+9172-2234H","mapping_code":"3_131_64_50184510","state":1},{"key":"LEFT","name":"LEFT","code":"+9218-4538+598-506+592-504EfEfEfEfE-1632+594fEgHgHgHgHgHgHfEgHgHfEgHgH-1634HfEfEfEfEiHfEfEfEgHgHgH-41554+9146-2244+596","mapping_code":"3_29_64_50182215","state":1},{"key":"RIGHT","name":"RIGHT","code":"+9170-4518+594-504+592dEdEdE-518EdE-1632CdEgCgCgCgCgCgCdEgCgCdEdEgCgCdEdEdEdEgCgCdEdEgCgC-1634C-41636+9174-2224+596","mapping_code":"3_25_64_50174055","state":1},{"key":"ENTER","name":"ENTER","code":"+9170-4526+596-506+592-504EfEfEfEfE-1632+594fEgHgHgHgHgHgHfEgHgHfE-508+588gHfEfEfEgHfEgHgHfEgHgHgHfE-41594+9200-2248C","mapping_code":"3_137_64_50172270","state":1},{"key":"VOLUME_UP","name":"VOLUME UP","code":"+9166-4518+596-506+592-504EfEfEfEfE-1632+594fEgHgHgHgHgHgHfEgHfEgHfEgHgHfEfEfE-1634EfEgHfEfEgHgHiE-41620+9172-2220H","mapping_code":"3_26_64_50157735","state":1},{"key":"VOLUME_DOWN","name":"VOLUME DOWN","code":"+9192-4532+596-506+592-504EfEfEfEfE-1632+594fEgHgHgHgHgHgHfEgHfEgHgHgHgHfEfEfEgHfEfEfEfE-1634HgHgH-41568+9168-2226H","mapping_code":"3_30_64_50165895","state":1},{"key":"MUTE","name":"MUTE","code":"+9160-4518+596-506+592-504EfEfEfEfE-1632+594fEgHgHgHgHgHgHfEgHfEfEfEfEgHfEfEfEgHgHgHg+598-500EgHgHgH-41632+9172-2228H","mapping_code":"3_16_64_50137335","state":1},{"key":"CHANNEL_UP","name":"CHANNEL UP","code":"+9164-4526+594-504+592dEdEdEdEdE-1632CdEfCfCfCfCfCf+596-522EfCfCfCdE-1634CfCdEdEdEdEdEfCdEdEfCfCfC-41628+9174-2226C","mapping_code":"3_27_64_50190375","state":1},{"key":"CHANNEL_DOWN","name":"CHANNEL DOWN","code":"+9170-4528+594-504+592dEdEdEdEdE-1632CdEfCfCfCfCfCfCdEfCfCfCfCfCfCdEdEdEdEdEdEdEdEfCfCf+596-41592+9196-2238G","mapping_code":"3_31_64_50198535","state":1},{"key":"GREEN","name":"GREEN","code":"+9170-4528+596-506+592-504EfEfEfEfE-1632+594fEgHgHgHgHgHgHfEgHfEfEgHfEgHgHgHfEgHgHfEgHfEfEfE-1634H-41582+9198-2270C","mapping_code":"3_116_64_50147025","state":1},{"key":"BLUE","name":"BLUE","code":"+9166-4528+596-506+592-504EfEfEfEfE-1632+594fEgHgHgHgHgHgHfE-1634HfEgHgHfEgHgHgHfEgHfEfEgHfEfEfEgH-41630+9172-2218C","mapping_code":"3_118_64_50163345","state":1},{"key":"RED","name":"RED","code":"+9162-4524+594-504+592dEdEdEdEdE-1632CdEfCfCfCfCfCfCdEfCfCfCdEdE-1652C-1634CfCdEdEdEfCfCdEdEdEfC-41622+9174-2226C","mapping_code":"3_115_64_50187825","state":1},{"key":"YELLOW","name":"YELLOW","code":"+9170-4540+596-506+592-504EfEfEfEfE-1632+594fEgHgHgHgHgH-1634HfEgHgHfEgHfEiHgHgHfEfEgHfEgHfEfEfEgH-41614+9146-2252C","mapping_code":"3_117_64_50179665","state":1},{"key":"GUIDE","name":"GUIDE","code":"+9166-4524+596-506+592-504EfEfEfEfE-1632+594dEgHgHgHgHgHgHfEgHgHfEgHfEfEfEfEgHfE-1634HfEgHgHiEiHfE-41630+9172-2228H","mapping_code":"3_133_64_50176350","state":1},{"key":"INFO","name":"INFO","code":"+9164-4512+596-506+592-504EfEfEfEfE-1632+594fEgHgHgHgHgHgHfEgHfEfEgHfEfEfEfEgHgHgHfEgHgHgHgHfE-41592+9172-2260C","mapping_code":"3_132_64_50143710","state":1},{"key":"PICTURE_MODE","name":"PICTURE MODE","code":"+9180-4550+596-506+592-504EfEfEfEfE-1632+594fEfEgHgHgHgHgHfEgHfEfEfEfEgHfEgHfEgHgHgHgHfEgHfE-1634H-42692+9146-2218H","mapping_code":"3_80_48704_41749237","state":1}],"_id":"V05LhSimkkwssbyc"}
