{"category":"TV","brand":"ABEX","model":"5736","type":1,"version":"1.0","create_date":1695092283041,"protocol":"ABEX","map_code":[{"key":"0","name":"0","code":"+8822-4320+602-482+600-1564E-480EfE-478EfEgEfEfEg+598fEgEfEgEfEhEgEhEgEgIgEhEgEgIfEfEfEfEfEfEfEfE-26286+8800-4324CdEfEgEfEhEfEgEfEfEgIfEhEfEgEfEgIgEgIgEhEgEhEgEhEfEfEfEfEfEfEfEfE","mapping_code":"50_43520_43520_6172747335918551295","state":1},{"key":"1","name":"1","code":"+8824-4320+602-482+600-1564E-480EfEg+598fEgEfEfEgHfEgHfEgEfE-478EfEgEiEgEiEgEiEgEiEfEfEfEfEfEfEfE-26334+8846bCdHfEgHfEgEfEgHfEfEiEfEgEfEiEfEgEfEgHgEgHgEgHgEiEgEfEfEfEfEfEfEfE","mapping_code":"50_43521_43521_6172887523651125375","state":1},{"key":"2","name":"2","code":"+8824-4324+602-482+600-1564E-480EfE-478EfEgEfEf+604-474EfEgEfEgEfEgEhEfEgEg+598gEgKgEgEfEgKfEfEfEfEfEfE-26292+8822-4326CdEfEgEfEhEfEgEfEfEgKfEhEfEgEfEgKgEfEgKgEhEgEhEgEfEgKfEfEfEfEfEfE","mapping_code":"50_43522_43522_6172817429784838335","state":1},{"key":"3","name":"3","code":"+8820-4322+600-480C-1564C-478CeCdCeCd+598eCeCfCeCdCeCdGeCdCeCeCd+604-474CdGdCdGdCdGdCeCeCeCeCeCeC-26336+8848-4324+602dCeCfCeCdCeCfCeCeCdCeCdGeCfCeCdCeCeCdCfCdCfCdGdCdGdCeCeCeCeCeCeC","mapping_code":"50_43523_43523_6172957617517412415","state":1},{"key":"4","name":"4","code":"+8848-4364+602-482+600-1564E-478EfE-480EfEh+598fEfEgEfEhIfEgC-1562EhEhIhEfEhIhEgEhEgEfEfEgEfEfEfEfEfE-26234+8824-4352ChEfEhIfEhEfEhIfEfEgEfEhEfEhIfEhEhIhEfEhEgEhIhEhIfEfEhIfEfEfEfEfE","mapping_code":"50_43524_43524_6172782382851694815","state":1},{"key":"5","name":"5","code":"+8822-4320+602-482+600-1564E-478EfEgEfE-480EfEfEgEfEhEfEhEfEgEfEhEfEh+598hEgEhEgEhEfEgEfEfEfEfEfE-26274AbEdIfEhEfEhIfEgEfEfEhEfEhEfEgEfEhEfEhIfEhEhIhEgEhEhIfEhEfEfEfEfEfE","mapping_code":"50_43525_43525_6172922570584268895","state":1},{"key":"6","name":"6","code":"+8824-4338+602-488+600-1564E-480EfE-478EfEgEfEfEg+598fEhEfEgEfEhEgEfEfEgIgEgIgEgIfEgEgIfEfEfEfEfE-26274+8800-4408C-496EfEgIfEgEfEgEfEfEgIfEgEfEgIfEhEgIfEfEgIgEgEhEgIfEgEgIfEfEfEfEfE","mapping_code":"50_43526_43526_6172852476717981855","state":1},{"key":"7","name":"7","code":"+8822-4320+602-482+600-1564E-480EfE-478EfEgEfEfEg+598fEhEfEgEfEgIfEfEfEgEgEhEgEhEgEhEgIfEfEfEfEfE-26304+8820-4354C-490EfEgEfEgE-1562EgEfEfEgEfEgIfEgEfEgIfEfEfEhEgEhEgEhEgEhEgEfEfEfEfEfE","mapping_code":"50_43527_43527_6172992664450555935","state":1},{"key":"8","name":"8","code":"+8824-4328+602-480+600-1564E-478EfEgEfEdEfEfEgEfEdEfEd+598fEgEdEgEdEfEgEdEgEdEfEfEfEdHfEfEfEfE-26314+8826bCdEfEdHfEd+604-1560EdHfEfEgEfEdEfEdHfEgEdHdEdEfEdHdEgEdEfEfEfEdEfEfEfEfE","mapping_code":"50_43528_43528_6172764859385123055","state":1},{"key":"9","name":"9","code":"+8846-4382+602-494+600-1564E-478EfE-480EfEhEfEfEgEfEhEfEhEfEhEfEhEgEfEhEgEhEgEh+598fEfEgEfEfEfEfE-26288+8822-4316C-482EfEgEfEhEfEhEfEfEhEfEhIfEgEfEhEfEhEgEfEhEhEgEhEhIfEfEhEfEfEfEfE","mapping_code":"50_43529_43529_6172905047117697135","state":1},{"key":"POWER","name":"POWER","code":"+8824-4340+602-482+600-1564E-478EfEgEfE-480+598fEfEgEfEhEfEhIfEhEhIhEfEfEfEhEgEhEfEfEhIhIhEfEfEfE-26266+8800-4356C-490EfEhEfEhIfEgEfEfEhEf+604-476IfEhEfEhEgEhEfEfEfEhIhEhIfEfEgEhEgEfEfEfE","mapping_code":"50_43548_43548_6172808668051552455","state":1},{"key":"MUTE","name":"MUTE","code":"+8822-4326+602-486+600-1564E-480EfE-478EfEgEfEfEgEfEhEfEgEfEg+598fEgEgIfEhEgIfEgEgIfEfEgIfEfEhEfE-26276A-4328C-484EfEgEfEgIfEgEfEfEgEfEgIfEgEfEgIfEgEgIfEhEgEfEhEgEfEfIgIfEfEhEfE","mapping_code":"50_43593_43593_6172907237551018605","state":1},{"key":"INPUT","name":"INPUT","code":"+8822-4320+602-482+600-1564E-480EfE-478EfEgEfEfEgEfEhEfEgEfEg+598gEgIfEfEgEgIgEgIfEfEhEgEfEfEfEfE-26334+8846-4318CdIfEhEfEgEfEgIfEfEhEfEgIfEhEfEgEhEgEfEfEgIgEgIgEfEfEgEhEfEfEfEfE","mapping_code":"50_43532_43532_6172799906318266575","state":1},{"key":"REWIND","name":"REWIND","code":"+2546-566+674-552+1290dC-554EdEdEdCdCdCdEdCdCfEdEdE-20376+2524-584CfEdCdEdEdEdCfCdCdEdCfCdEdEdE","mapping_code":"4_58_228_11815","state":1},{"key":"PLAY","name":"PLAY","code":"+2818-864+502-824+500-380EfE-850+970fEfEfEfEf+946dCfEfEfIdIfEdCfE-22340+2800-856CdCfEfEgHfEfEfEfEf+944-826EfEfEfMdIfEnEfE","mapping_code":"2_44_4_1068","state":1},{"key":"FAST_FORWARD","name":"FAST FORWARD","code":"+2548-566+1290-552Cd+674dCdCdCdEdE-554EdCdEdEfCdCdC-19718+2528-564CdCdEdCdCdCdEdEfEdCdEfEdCdCdC","mapping_code":"4_59_228_28199","state":1},{"key":"STOP","name":"STOP","code":"+2548-566+674-554C-552Cd+1290eFeFeCd+672dC-556+1288eCeCdFeFeF-20944+2528-560CdCeCdFeFeFeCeCdCeFeCdCeFeFeF","mapping_code":"4_56_228_3623","state":1},{"key":"INFO","name":"INFO","code":"+8820-4318+602-482+600-1564E-480EfE-478EfEgEfEfEg+598fEhEfEgEfEgIgEfEgIfEhEgEfEhEfEg+604-1560EgIfEfEgEfE-26312+8826-4326CdEfEgIfEhEfEgEfEfEgIfEhEfEgIfEgIgEfEgIfEhEgEfEhEfEgEfEhEfEfEgEfE","mapping_code":"50_43594_43594_6172837143684731565","state":1},{"key":"LAST","name":"LAST","code":"+8824-4334+602-482+600-1564E-480EfEg+598fE-478EfEfEgEfEgHfEgEfEgHgEgHfEfEfEgHfEgEfEfEgEiEgEfEgHfE-26276+8818-4314CdHfEgEfEgEfEiEfEfEgEfEgHfEgEfEgEiEgHfEfEfEgHfEiEfEfEgEiEgEfEgHfE","mapping_code":"50_43612_43612_6172810858484873925","state":1},{"key":"RECORD","name":"RECORD","code":"+2546-568+674-552C-554CdCeCd+1290dFdCeCdFdCeCdCeFdF-22188+2528-570CdCdCeCdCdFdFdCdCeFdCdCeCdFdF","mapping_code":"4_96_196_803","state":1},{"key":"PAUSE","name":"PAUSE","code":"+2818-864+502-824C-380+500e+1414-1292CeFeFeFe+944-826FeFeFeId+946eFdCeF-22340+2800-858CdCeFeGhCeFeFeFeIdCeFeFeIjKeFjFeF","mapping_code":"2_44_260_66604","state":1}],"_id":"du2kDjhl7GUemLWt"}
