{"category":"TV","brand":"ACENT","model":"3792","type":1,"version":"1.0","create_date":1694750587415,"protocol":"ACENT","map_code":[{"key":"0","name":"0","code":"+4608-4512+594-508+590-1636EfEf+592-506EhEhEhEhEfGfEfEhEhEhEhEfGhEhEfEhEhEhEhEhEfEfEdEfEfEfGfE-48492+4620-4530GfE","mapping_code":"7_9_14_1886425199","state":1},{"key":"1","name":"1","code":"+4604-4512+594-508+590-1636EfEf+592-506EhEhEhEhEfGfEfEhEhEhEhEhEhEdEhEhEhEhEdEfEfEfGfEfEfEfG-1634G-48496+4620-4524G-1638E","mapping_code":"7_0_14_1886388479","state":1},{"key":"2","name":"2","code":"+4588-4532+592-506+590-1634C-1636EgEdEdEdEdEdEgEgCfCdEdEdE-508EgEdEdEhEdEdEdEdEdEgEgEgCfCgEgEgE-48454+4670-4556C-1640E","mapping_code":"7_1_14_1886421119","state":1},{"key":"3","name":"3","code":"+4614-4530+594-510+590-1636+592-1634GfE-506EiEiEiEiEfEfEfE-508EiEiEiEiEhGiEiEiEiEiEiEfEiEfEfEfGfEfEfE-48440+4672-4568CfG","mapping_code":"7_2_14_1886404799","state":1},{"key":"4","name":"4","code":"+4614-4522+592-510+590-1634C-1636EgE-506EhEhEhEhEgEgCfChEhEd+588hEgEgChEhEhEhEhEhEhE-508EgEgCgEgEgEgE-48446+4620-4570+594-1650C","mapping_code":"7_3_14_1886437439","state":1},{"key":"5","name":"5","code":"+4608-4534+774-522+590-1636EfEfE-506EgEgEgEgEfEfEfEgEgEgEgEgEgEf+592gEgEgEgEgEfH-1634HgEfEfEfHiHfE-48462+4620-4520H-1638E","mapping_code":"-1_0_0_3582720825","state":1},{"key":"6","name":"6","code":"+4608-4516+592-508+590-1634C-1636EgE-506EhEhEhEhEgEgCgEhEhEhEhEgEhEgEhEhEdEhEdEhEgEhEg+594-1632EgEgEgC-48450+4646-4604I-1644E","mapping_code":"7_5_14_1886429279","state":1},{"key":"7","name":"7","code":"+4588-4638+614-510+590-1636EfEf+592-506EhEhEhEhEfEfEfEhEhEhEhEhE-1634GfEhEhEhEhEhEfGhEhEfGfEfEfEfE-48442+4592-4532GfE","mapping_code":"7_6_14_1886412959","state":1},{"key":"8","name":"8","code":"+4604-4516+592-508+590-1636EfEfE-506EgEgEgEgE-1634CfEfEgEgEgEgEfChCfEgEdEgEgEgEgEdEgEfEfEfEfEfC-48494+4618-4530+594-1638C","mapping_code":"7_7_14_1886445599","state":1},{"key":"9","name":"9","code":"+4588-4530+592-510+590-1634C-1636EgE-506EhEhEhE-508EgEgEgChEhEhEhEhEhEhEgEhEhEhEhEgCgEgEhEgEgEgEgE-48494+4620-4532C-1640C","mapping_code":"7_8_14_1886392559","state":1},{"key":"POWER","name":"POWER","code":"+4608-4520+594-514+590-1634+592-1636EhE-506EiEiEiEiEhEhGhEiE-508EiEiEiEiEhGiEhEiEiEiEhEhEjEhEiEhEhEhE-48476+4668-4560G-1638E","mapping_code":"7_20_14_1886398679","state":1},{"key":"RIGHT","name":"RIGHT","code":"+4588-4532+592-508+590-1634C-1636EgC-506EhEhC-504EhEgCgEgEhEhEhEhEdE-1638+588hEhEgChEhEhEgChEgEgEdEgEgEgC-48474+4618-4516CjE","mapping_code":"7_18_14_1886406839","state":1},{"key":"ENTER","name":"ENTER","code":"+4588-4534+590-506C-1636CeCe+592dCdCdCdCdCeFeCeCdCdCdCdCeFeCeCeCeFeCeCeCdCdCdCdC-508CdCdCdC-48450+4616-4650+594-1654C","mapping_code":"7_255_14_1886453504","state":1},{"key":"VOLUME_DOWN","name":"VOLUME DOWN","code":"+4608-4512+594-508+590-1636EfEf+592-506EhEhEhEhE-1634GfEfEhEhEhEhEiGfEhEdEfEhEhEdEhEhEfEfGhEfEfGfE-48496+4620-4526CfE","mapping_code":"7_19_14_1886439479","state":1},{"key":"CHANNEL_UP","name":"CHANNEL UP","code":"+4608-4572+594-516+590-1636EfEfE-506EgEgEgEgEfEfEfEgEgEgEgEgEgEgEgEfEgEgEgE-1634+592fEfEfEgEhIfEfE-48394+4592-4526IfI","mapping_code":"7_16_14_1886390519","state":1},{"key":"CHANNEL_DOWN","name":"CHANNEL DOWN","code":"+4588-4530+594-508+590-1636EfEfE-506EgEgEgEd+588f+592fEfEgEgEgEgEfIgEgEgEfEdEgEgEgEfEfEfEdEfEfEfI-48476+4646-4562IfI","mapping_code":"7_17_14_1886423159","state":1}],"_id":"d7EeehQrtdw2tbjd"}
