{"category":"TV","brand":"SKYWORTH","model":"1092","type":1,"version":"1.0","create_date":1695194343872,"protocol":"SKYWORTH","map_code":[{"key":"1","name":"1","code":"+4628-4566+602-506+600-1632+598-500GfE-498EiEiGhGhGfEiGfEhGhGhGiEfGhGhGhGhGiEiEiEiGfEfE-1630EfGfEfGfE","mapping_code":"7_1_10_1347453055","state":1},{"key":"2","name":"2","code":"+4604-4540+602-500+598-1632+600-498GfEdEdEdEdEdEfEdEfGdEhGhGhEdEfGdEhGhGhGhEdEfGdEfEfGfEfGfEfG","mapping_code":"7_2_10_1347436735","state":1},{"key":"3","name":"3","code":"+4606-4536+602-500+598-1632+600-498G-1630GdEdEdEhGhGiGdEfGhEdEdEdEfGfGhEdEdEdEhGhEdEdEfGfEfGfEfGfE","mapping_code":"7_3_10_1347469375","state":1},{"key":"4","name":"4","code":"+4632-4560+600-502+598-1632C-498EfCgCgCgCgCgEfC-500EfEhEhEhEhEhEgCfEhEhEhEhEhEfEfChEfEfCfEfCfE","mapping_code":"7_4_10_1347428575","state":1},{"key":"5","name":"5","code":"+4604-4536+600-502+598-1632E-500EfC-498ChChEgEgEfCgEfEgEgEgEgEfEgEfChChChChEgEgEfChCfEfCfEfCfE","mapping_code":"7_5_10_1347461215","state":1},{"key":"6","name":"6","code":"+4606-4542+602-500+598-1632+600-498EfGhGhGhGhEdEfGhGfEdEdEdEdEdEfEfGdEhGhEdEdEfGdEdEfEfGfG-1630GfE","mapping_code":"7_6_10_1347444895","state":1},{"key":"7","name":"7","code":"+4604-4572+624-504+598-1632+600-498G-1630G-500EhGhGhGhEfGjEfEjEjEjEjEfGiGfGhEjEjEjEjEjEjEjEfEfGfEfGfE","mapping_code":"7_7_10_1347477535","state":1},{"key":"8","name":"8","code":"+4606-4540+600-504C-1630C-500+598-1632GfGfGfGfGfGhGfGhCfG-498Ci+604-494GfGfGfGhCiCiGfGfGhChGhCfGhGhChGhC","mapping_code":"7_8_10_1347424495","state":1},{"key":"9","name":"9","code":"+4632-4556+600-500C-1632+598dFeC-498CgCgFdFdFeCgCeFdFdF-502+596dFeCgFdFeCgFdFdFdFdFeCeFdFeFeFeC-1630C","mapping_code":"7_9_10_1347457135","state":1},{"key":"POWER","name":"POWER","code":"+4606-4568+602-522+598-1632E-500+600fEgEgEgE-498HiHfEgEfHiHiEgEgEfHfEgEgEfHiEgEgEgEgEfHfEgEfH-1630HfE","mapping_code":"7_19_10_1347471415","state":1},{"key":"MENU","name":"MENU","code":"+4606-4540+600-500C-1632+598dFeC-498FdFdFdFdFeFdFeCdFgC-502+596gCeFdFdFdFeFdFdFdFdFeFeCeFdFeCeFeC","mapping_code":"7_17_10_1347455095","state":1},{"key":"VOLUME_UP","name":"VOLUME UP","code":"+4630-4536+600-500+598-1632C-498CfEdEdEdEdEgCfEdEfCgCgEdEdEfCdEfEfCdEgEdCgCgEfCdEgCfEfCfEfC","mapping_code":"7_13_10_1347465295","state":1},{"key":"VOLUME_DOWN","name":"VOLUME DOWN","code":"+4606-4536+600-528C-1630C-500+598-1632C-498CiCiGfGfGhCiCeCfGfGfGiCiGhChChGfGfGfGfGhGfGfGfGhCeChGhC","mapping_code":"7_14_10_1347448975","state":1},{"key":"CHANNEL_UP","name":"CHANNEL UP","code":"+4604-4554+602-512+598-1632+600-498GfE-500EiEhGhGhG-1630GiEfEiEiEiGhEfGfEfGfEiEiEiEiEhGhGhEiEfGfGjGfG","mapping_code":"7_15_10_1347481615","state":1},{"key":"CHANNEL_DOWN","name":"CHANNEL DOWN","code":"+4628-4530+602-500+598-1632+600-498G-1630GdEdEdEhGhGfEdEfGhGhGhEdEdEdEdEdEfEdEdEdEfGiGfGiGdEfGiGfE","mapping_code":"7_16_10_1347422455","state":1},{"key":"MUTE","name":"MUTE","code":"+4628-4528+600-502+598-1632C-498C-1630C-500EgCgCgEiEfCiEfEiEiEiEiEfCfEiEfEiEiEiEiEiEiEfCgEfCfChCfE","mapping_code":"7_11_10_1347473455","state":1},{"key":"INPUT","name":"INPUT","code":"+4628-4520+602-500+598-1632+600-498EfGdEhGhGhGhEfEdEfGhEdEdEdEfGhEfGdEfEdEdEdEdEfGhEfGdEfEfGfE","mapping_code":"7_21_10_1347463255","state":1},{"key":"LAST","name":"LAST","code":"+4604-4564+602-508+598-1632+600-498EfGhGhGhGhGhEfG-500EfEiEiEiEiEiEiEfEfGiEhGhGhGfEfEiGhEfGfEfGfG","mapping_code":"7_12_10_1347432655","state":1},{"key":"DISPLAY","name":"DISPLAY","code":"+4606-4542+602-506+598-1632+600-498EfG-500EhGhGhEiEfGiEfEiEiEiEiEiEiEhGfEfGiEhGhEfGfGfEiEiEfEfGfE","mapping_code":"7_24_10_1347426535","state":1},{"key":"0","name":"0","code":"+4600-4528+600-500+598-1628EfEfE-498EgEgEgEgEfEfEfEgEgEgEgEgEfEfEfEfEgEgEgEfEgEgEgEgEfEfEfE-48376A-4502CfE","mapping_code":"7_30_14_1886419079","state":1}],"_id":"GkR9mHcAg9JAg93Z"}
