{"category":"TV","brand":"SKYWORTH","model":"1322","type":1,"version":"1.0","create_date":1695194229298,"protocol":"SKYWORTH","map_code":[{"key":"0","name":"0","code":"+9218-4546+602-1636+600-1634CfE-502EgEgEgEgEgEgEgEfEfCfEfCfEgEgEgEgEgEgEgEgEfCfEdEfEfCfEfCfE-40794A-2262+604","mapping_code":"3_0_7_3760128255","state":1},{"key":"1","name":"1","code":"+9190-4544+602-1636+600-1634CfE-502EgEgEgEgEgE-500EgEdEfEdEfEdEfChEgEgEgEgEgEgEgEfEfCfEfCfEdEfE-40790+9298-2310C","mapping_code":"3_1_7_3760160895","state":1},{"key":"2","name":"2","code":"+9190-4550+604-1638+600-1634+602fE-502EhEhEhEhEhEhEhEfEfGfEfGfEhEfG-500EhEhEhEhEhEfEhEfGfE-1636EfEjEfE-40808+9218-2260G","mapping_code":"3_2_7_3760144575","state":1},{"key":"3","name":"3","code":"+9190-4558+602-1636+600-1634EdE-502EgEgE-500EgEgEgEgEfCfEfCfEfCfEfCgEgEgEgEgEgEgEgEfEfCfEf+604-1632EfC-40810+9218-2244C","mapping_code":"3_3_7_3760177215","state":1},{"key":"4","name":"4","code":"+9216-4572+602-1636+600-1634CfE-502EgEgEgEgEgEgEgEdEfEdEfEdEgEgEdEgEgEgEgEgEfEfCgEdEfEdEfCfE-40824+9218-2246C","mapping_code":"3_4_7_3760136415","state":1},{"key":"5","name":"5","code":"+9212-5148+630-1652+602-1634EfE-502+600-500EiHgHgHgHgHgHfH-1636HfHjHfHjHgHfHgHgHgHgHgHgHfHgHfEfHfEfHfE-40826+9240-2266E","mapping_code":"3_5_7_3760169055","state":1},{"key":"6","name":"6","code":"+9214-4566+604-1648+600-1634+602fE-502EhEhEhEhEhEhEhEfGfE-1636EfEiEhEfEiEhEhEhEhEhEiEhEhEfEfGfEfGfE-40800+9244-2262G","mapping_code":"3_6_7_3760152735","state":1},{"key":"7","name":"7","code":"+9190-4550+602-1636+600-1634EdE-502EgE-500EgEgEgEgEgEfEdEfCfEfCfEfCfEgEgEgEgEgEgEgEgEdEfEdEfEdE-40802+9244-2300C","mapping_code":"3_7_7_3760185375","state":1},{"key":"8","name":"8","code":"+9190-4550+626-1632+600-1634+602fE-502EhE-500GhEhEiEhEhEfGfE-1636EfEjEhEhEhEjEhEhEhEhEfEjEfEhEfGfEfGfE-40810+9218-2268+604","mapping_code":"3_8_7_3760132335","state":1},{"key":"9","name":"9","code":"+9214-4544+604-1640+600-1634E-1636E-526E-502EiEiEiE-500+602jEiEgEfEgEfEgEfEiEiEfKiEiEiEiEiEfKfEiEfKfEfKfE-40792+9218-2254K","mapping_code":"3_9_7_3760164975","state":1},{"key":"POWER","name":"POWER","code":"+9190-4560+602-1642C-1634+600eC-500F-502FhFhFhFhFhFhFeFeCeFeCeFhFhFhFeF-1636FhFhFhFeFeCeFhFhFeFiFeF-40832+9218-2266+604","mapping_code":"3_24_7_3760134375","state":1},{"key":"MENU","name":"MENU","code":"+9190-4550+604-1636+602-1634+600fE-502GhGhGhGhGhGhGhGfGdGfGdGfGdGhGfGhGdGhGhGhG-500GdGhGfGhGdGfGfE-40882+9244-2258C","mapping_code":"3_21_7_3760171095","state":1},{"key":"VOLUME_UP","name":"VOLUME UP","code":"+9212-4560+604-1654+602-1634+600fE-502G-500GhEiGhGhGhGhGfEfGfEfGfEiGhG-1636GfGhGhGhGhGfGjGhGhGfGjGfGjG-40776+9214-2234C","mapping_code":"3_12_7_3760140495","state":1},{"key":"VOLUME_DOWN","name":"VOLUME DOWN","code":"+9190-4558+604-1650+600-1634Ef+602-502EhE-500GiEhEhEhEhEfGfEfGfEfGfEfGhEfEhEhEhEhEhEhEfEhEfE-1636EfGfE-40792+9216-2242G","mapping_code":"3_11_7_3760181295","state":1},{"key":"CHANNEL_UP","name":"CHANNEL UP","code":"+9190-4554+602-1636C-1634+600eC-502F-500ChFgFgFgFgFgFeCeFeFdFeCeFgFeCeFgFgFgFgFgFdFgFgFeFdFeCeF-40772+9218-2288+604","mapping_code":"3_13_7_3760173135","state":1},{"key":"CHANNEL_DOWN","name":"CHANNEL DOWN","code":"+9238-4584+602-1636C-1634+600eC-502F-500ChChFgFgFgFgFeFdFeFdFeChFdFeFdFgFgFgFgFdFgFgFgFeFeCeFdF-40776+9244-2264C","mapping_code":"3_14_7_3760156815","state":1},{"key":"MUTE","name":"MUTE","code":"+9190-4568+602-1646+600-1634CfE-502EgEgEgEgEgEgE-500CfEfE-1636EfCfEfCfEfEgEiEgEgEgEhChEgEfCgEfEfCfE-40784+9218-2242C","mapping_code":"3_23_7_3760187415","state":1},{"key":"INPUT","name":"INPUT","code":"+9190-4580+626-1642+600-1634+602fE-502EhEhEhEhEhEhE-500E-1636EfEjEfGfEfGfEhEhEfEhEhEhEhEhEfEfGhEfEfGfE-40800+9218-2250G","mapping_code":"3_19_7_3760179255","state":1},{"key":"DISPLAY","name":"DISPLAY","code":"+9216-4560+602-1636+600-1634CfE-502EgEgEgEgEgE-500ChEdEfEdEfEdEgEgEfEgEfCgEgEgEdEfEgEfCgEfC-1632CfE-40802A-2240C","mapping_code":"3_20_7_3760138455","state":1}],"_id":"rbHYhDggyYq3Wa7Y"}
