{"category":"TV","brand":"SKYWORTH","model":"1357","type":1,"version":"1.0","create_date":1695193764503,"protocol":"SKYWORTH","map_code":[{"key":"0","name":"0","code":"+9402-4552+604-1646+602-1634+600fE-500EhG-502GiGiGiGiGiGfGfEfGfE-1636+598iGiGiGiGiGiGiGhGjGfEfGfGjGfGjGfE-40780+9218-2246E","mapping_code":"3_0_7_3760128255","state":1},{"key":"1","name":"1","code":"+9190-4562+602-1642+600-1634CfC-502EgEgE-500ChEgEgEgEfCfEfCfEfCfEgEgEgEgEgEgEgEgEfCfE-1636EfEfCfEfC-40794+9218-2262C","mapping_code":"3_1_7_3760160895","state":1},{"key":"2","name":"2","code":"+9190-4558+602-1638+600-1634CfE-502EgEgEgEgE-500EgEgEfCfE-1636EfEiEgEfEgEgEgEgEgEgEfEgEfCfEfCfEfCfE-40792+9216-2242C","mapping_code":"3_2_7_3760144575","state":1},{"key":"3","name":"3","code":"+9216-4560+602-1636C-1634+600eC-500CgF-502FhFhFhFhFhFeFeCeFeCeFeCeFhFhFhFhFhFhFhFgCeFeCeFeCeFeC-40784A-2246+604","mapping_code":"3_3_7_3760177215","state":1},{"key":"4","name":"4","code":"+9216-4554+602-1636C-1634+600eC-500F-502FhFhFhFhFhFhFeFeCeFeCeFhFhFeCgFhFhFhF-506+596eCeFhFeCeFeCeFeC-40790+9218-2242C","mapping_code":"3_4_7_3760136415","state":1},{"key":"5","name":"5","code":"+9190-4558+602-1646+600-1634CfE-502EgEgEgEgEgEgE-500E-1636EfEiEfEiEfEgEfCgEgEgEhEgEgEfCgEfEfCfEfCfE-40778+9218-2256E","mapping_code":"3_5_7_3760169055","state":1},{"key":"6","name":"6","code":"+9190-4554+602-1638+600-1634CfE-502EgEgEgEgEgEgE-500CfEfCfEfCfEgEfE-1636EgEgEgEhEgEiEgEgEfEfCfEiEfE-40780+9296-2318C","mapping_code":"3_6_7_3760152735","state":1},{"key":"7","name":"7","code":"+9190-4550+602-1636C-1634CeC-500+600-502GhGhGhGhGhGhGeGeCeGdGeGeCeGeChGfGhGhGhGhGhGhGeGdGeGdGeG-40774+9218-2274+604","mapping_code":"3_7_7_3760185375","state":1},{"key":"8","name":"8","code":"+9214-4554+602-1636C-1634+600eF-502FgFgFgFgFgFgFgFeFeCeFeCeFgFgFgFeC-500FgFgFgFeCeF-1638+598gFdFeCeFeC-40778A-2244C","mapping_code":"3_8_7_3760132335","state":1},{"key":"9","name":"9","code":"+9322-4572+604-1644+600-1636E-1634+602-500E-502EjEjEjEjEjEjEgEgHgEgHgEgHjEjEfEjEjEjEjEiEfEgHiEfEgEfEgE-40792+9218-2270H","mapping_code":"3_9_7_3760164975","state":1},{"key":"POWER","name":"POWER","code":"+9190-4558+602-1636C-1634+600eC-502F-500ChChFgFgFgFgFeCeFeCeFeChFgFgFeCeFgFgFgFeCeFeChFgFeCeFdF-40776+9212-2224+604","mapping_code":"3_24_7_3760134375","state":1},{"key":"MENU","name":"MENU","code":"+9212-4540+604-1636+602-1634+600fE-500EhEhG-502GiGiGiGiGfGfEfGfEfGdGiGfGiGfEiGiGiGiGdGiGfGiGfEfGfE-40772+9214-2244C","mapping_code":"3_21_7_3760171095","state":1},{"key":"VOLUME_UP","name":"VOLUME UP","code":"+9216-4570+602-1636C-1634+600eC-500F-502FhFhFhFhFhFhFeFdFeFdFeFhFhFeCeFhFhFhFhFeFdFhFhFeFeCeFeC-40788+9218-2262C","mapping_code":"3_12_7_3760140495","state":1},{"key":"VOLUME_DOWN","name":"VOLUME DOWN","code":"+9212-4564+604-1652+602-1634+600fE-500G-502GiGiGiGiGiGiGfGfEfGfEfGfEfGiGfEiGhGiGiGiGiGfEiGfGfEfGfE-40770+9214-2244C","mapping_code":"3_11_7_3760181295","state":1},{"key":"CHANNEL_UP","name":"CHANNEL UP","code":"+9190-4550+602-1636+600-1634CfE-502EgEgE-500ChEgChEgEfCfEfCfEfCfEgEfCfEgEgEgEgEgEfEgEgEfCfEfCfE-40838+9218-2262C","mapping_code":"3_13_7_3760173135","state":1},{"key":"CHANNEL_DOWN","name":"CHANNEL DOWN","code":"+9242-4568+602-1636C-1634Ce+600-502FgFgFgFgFgFgFgFeFeCeFeCeFgFeCeFeC-500ChFgFgFeCgFgFgFdFeCeFeC-40850+9244-2264C","mapping_code":"3_14_7_3760156815","state":1},{"key":"MUTE","name":"MUTE","code":"+9190-4562+604-1648+602-1634+600fE-502GhC-498G-500GhGhGhGhGfEfGfEfGfEfGfEfGhGfEhGhGhGhGhGhGfEjG-1636GfGkG-40846+9216-2270E","mapping_code":"3_23_7_3760187415","state":1},{"key":"INPUT","name":"INPUT","code":"+9214-4688+604-1636+602-1634+600fE-502GhG-500EiEhGhGhGhGfEfGfEfGfEfGfGhGhGfEhGhGhGhGhGdGfEiGfEfGdG-40806+9218-2254E","mapping_code":"3_19_7_3760179255","state":1},{"key":"LAST","name":"LAST","code":"+9188-4564+602-1636+600-1634CfE-502EgEgEgEgE-500EgEgEfCfEdEfEfCfEdEfEdEfChEgEgEgEgEgEgEgEfEfCfE-40788+9218-2242+604","mapping_code":"3_31_7_3760191495","state":1},{"key":"DISPLAY","name":"DISPLAY","code":"+9190-4564+602-1640+600-1634CfE-502EgEgEgEgEgEgE-500CfEfCfEfCfEfCgE-1636EfCfEgEgEgEgEfEgEgEgEfEiEfE-40802+9216-2242+628","mapping_code":"3_29_7_3760175175","state":1}],"_id":"KXr8wBpKX5qOMYxT"}
