{"category":"TV","brand":"SKYWORTH","model":"312","type":1,"version":"1.0","create_date":1695109621828,"protocol":"SKYWORTH","map_code":[{"key":"0","name":"0","code":"+4626-4552+604-1638+602-500EfE-1636EfEfEfEf+600dEfEfEdEfEfEfEfEgE-502HiHdEfEfEfEfEfEgEdEfEgEgEdEgE","mapping_code":"7_9_9_2425393263","state":1},{"key":"1","name":"1","code":"+4626-4554+604-1638+602-500E-504+598-1636EfEf+600fEfEdEfEfEiEfEfEfEfEfEfEfJ-502JkJfEfEfEiEiEiEiEiEiEiEdE","mapping_code":"7_0_9_2425356543","state":1},{"key":"2","name":"2","code":"+4626-4570+604-1648+602-500EfE-1636EfEfEfEfEgEfEfE-1638EfEf+600-502IjIhE-522EfIjEfIjIjIjIfEhEgEgEgEhEgEhE","mapping_code":"7_1_9_2425389183","state":1},{"key":"3","name":"3","code":"+4650-4550+604-1638+602-500EfE-1636Ef+600fEfEfEgEfEfHdEfEfEfEfEfHdEfEfEfEfEfH-502EgEfEgEdEgEdEgEdE","mapping_code":"7_2_9_2425372863","state":1},{"key":"4","name":"4","code":"+4628-4562+604-1646+602-500EfE-1636EfEfEfEfE-1638EfEfEgEf+600-502IjIjIhEgEfEfEfEfEfEfIjEfEgEhEgEhEgEgE","mapping_code":"7_3_9_2425405503","state":1},{"key":"5","name":"5","code":"+4650-4540+604-1638+602-504+598-500E-1636EhEhEhEhEiEhEhEiEhEhEhEhEh+600-502JdEhC-498EhEhEhJdEiEhJdEiEiEiEiE","mapping_code":"7_4_9_2425364703","state":1},{"key":"6","name":"6","code":"+4626-4572+604-1654+602-500EfE-1636EfEfEfEfEgEf+600-502H-1638EfEfEfEfEgEfEgEiHiHfEiHfEiHjEfEgEgEjEgEjE","mapping_code":"7_5_9_2425397343","state":1},{"key":"7","name":"7","code":"+4626-4560+604-1638+602-500EfE-1636EfEf+600fEfEgEfEfEgEfEfEfEfEfEgEgEfH-502HfEiHfEgEfEfEgEgEdEgEdE","mapping_code":"7_6_9_2425381023","state":1},{"key":"8","name":"8","code":"+4648-4540+604-1638+602-500EfEdEfEfEfEfE-1636EfEf+600dEfEfEfEfEgEgEdEfEfEfEfEfEfEfEfEgEgEgEgEdE","mapping_code":"7_7_9_2425413663","state":1},{"key":"9","name":"9","code":"+4648-4564+604-1638+602-500EfE-1636EfEfEfEfEgEfEf+600dEfEfEfEfEfH-502HfEdEfEfEfEfHdEgEdEfEgEdEgEdE","mapping_code":"7_8_9_2425360623","state":1},{"key":"POWER","name":"POWER","code":"+4626-4566+604-1648+602-500EfE-1636EfEfEfEfE-1638EfEf+600hEfEfEfEfEgEgEfEgEfEfEfEfEfI-502IhEfEgEgEgEgE","mapping_code":"7_11_9_2425409583","state":1},{"key":"MENU","name":"MENU","code":"+4784-4594+602-1656C-500CeC-1636CeCeCeCeCfCe+600-502G-1638CeCeCeCeGiCeCeCfCiCeCeGhCeGiCfCeGeCiCfCiC","mapping_code":"7_25_9_2425395303","state":1},{"key":"VOLUME_UP","name":"VOLUME UP","code":"+4626-4548+604-1638+602-500EfE-1636EfEfEfEfEgEf+600fEdEfEfEfH-502HdEgEiHiHdEfEfEfHiHiHdEgEiHdEgEdE","mapping_code":"7_19_9_2425407543","state":1},{"key":"VOLUME_DOWN","name":"VOLUME DOWN","code":"+4652-4546+604-1638+602-500EfE-1636EfEfEfEfEgEfEfEgEfEfEfEfEfEgEfEfEgE-502+600hIfEdEfEgEgEfEgEgEgE","mapping_code":"7_18_9_2425374903","state":1},{"key":"CHANNEL_UP","name":"CHANNEL UP","code":"+4648-4548+604-1638+602-522E-500E-1636EgEgEgEgEhEg+600-502IdEgEgEgEgEgIjIjIgEdEgEgEgIdEhEdEhEjIdEhEdE","mapping_code":"7_16_9_2425358583","state":1},{"key":"CHANNEL_DOWN","name":"CHANNEL DOWN","code":"+4626-4574+604-1652+602-500EfE-1636EfEfEfEfE-1638EfEfEgEf+600-502EfIjEgEfEfEfEgEfEjIfEfEgEhEgEfIhEhEgE","mapping_code":"7_17_9_2425391223","state":1},{"key":"MUTE","name":"MUTE","code":"+4626-4562+604-1638+602-500EfE-1636EfEfEfEfEgEfEfEdEfEfEfEfEfEfEgE-502+600dEhIfEfEgEdIhIdEfEgEgEdE","mapping_code":"7_20_9_2425366743","state":1},{"key":"INPUT","name":"INPUT","code":"+4626-4676+628-1654+602-500EfE-1636EfEfEfEfEgEfEfEgEf+600fEfEfEfEgEfH-1638EgE-502HjHfEiEfEgEfEfEgEiEgE","mapping_code":"7_26_9_2425378983","state":1},{"key":"LAST","name":"LAST","code":"+4626-4554+604-1638+602-500EfE-1636EfEfEfEfEgEfEfEgEfEfEfEfEgEfEdEgEgE-502+600fEhIfEdEfEfEfEgEgEdE","mapping_code":"7_29_9_2425403463","state":1}],"_id":"MbmRKF5RIR0XLgui"}
