{"category":"TV","brand":"SKYWORTH","model":"402","type":1,"version":"1.0","create_date":1695117087757,"protocol":"SKYWORTH","map_code":[{"key":"0","name":"0","code":"+4622-4564+604-510+602-1632EfEfE-498EgEgEgEgEfEfEfEgEgEg+600-500H-1634EiHgEjEgEgEgEgEgEfEjEgEfEfEjEfE-48642A-4544CjE","mapping_code":"7_9_14_1886425199","state":1},{"key":"1","name":"1","code":"+4620-4544+604-500+602-1632EfEfE-498EgEgEgEgEfE-1634EfEg+600dIdIdIdIdIdI-554IdIdIdIdIhEfEfEhEfEhEhEfE-48632A-4548ChE","mapping_code":"7_0_14_1886388479","state":1},{"key":"2","name":"2","code":"+4620-4544+604-500+602-1632EfEfE-498EgEgEgEgEfEfEfEg+600dEgEgH-1634EgEgEgEgEgEgEgEgEfEiEfEfEiEfEfE-48644+4648-4532CiE","mapping_code":"7_1_14_1886421119","state":1},{"key":"3","name":"3","code":"+4620-4538+604-500+602-1632EfEfEd+600dGdGdGdG-1634EfEfEdGdGdGdG-498EhEiEiEiEiEiGdGhEdGhEfEhEhE-1682EfE-48652A-4548ChE","mapping_code":"7_2_14_1886404799","state":1},{"key":"4","name":"4","code":"+4620-4538+604-500+600-1632+602fG-1634G-498GiGiEdEdGfGfGhGiGiGiGiGfGhGiEdEdEdEdEdEiGiGfGhGfGhGfGfG-48618+4622-4546ChG","mapping_code":"7_3_14_1886437439","state":1},{"key":"5","name":"5","code":"+4620-4544+604-500+602-1632EfEfE-498EgEgEgEgEfEfEfEd+600gEgEgEgEgH-1634EgEgEgEgEgEfEfEgHiEfEfEiHiE-48660+4646-4574C-1656E","mapping_code":"7_4_14_1886396639","state":1},{"key":"6","name":"6","code":"+4620-4540+602-500C-1632CeCeC-498Cf+600dCfCfCeCeCeCdGdGdGdG-1634CfChGdGdGdGdGdGdGhCfCeCeChCeCeC-48656+4622-4544+604hC","mapping_code":"7_5_14_1886429279","state":1},{"key":"7","name":"7","code":"+4620-4574+604-500+602-1632E-1634EfE-498EhEhEd+600hEfEgEfEdIdEhIdIdIgEfEhEhEhIdEhIgEdIdIgEfEgEgEfE-48636+4648-4586C-1652E","mapping_code":"7_6_14_1886412959","state":1},{"key":"8","name":"8","code":"+4646-4548+604-500+602-1632EfEfE-498EgEgEgEgEfE-1634EfEg+600dIdIdIhEhEfEdIdIdIdIdIdIdIdIhEfEhEhEfE-48668+4648-4538ChE","mapping_code":"7_7_14_1886445599","state":1},{"key":"9","name":"9","code":"+4644-4546+604-500+602-1632EfEfEd+600dGdGdGdG-1638+598fEfEdGdGdGdGdG-498EdG-1634EjEjEjEjEfEkEkEjEfEkEkEfE-48650+4622-4550CkE","mapping_code":"7_8_14_1886392559","state":1},{"key":"POWER","name":"POWER","code":"+4646-4570+656-512+602-1632EfEfE-498EgEgEgEgEfEfEfEgEgEgEgEfE-1634EgEfE-500+600gEgEgEgEgJhEgEfEhEfEfE-48624+4622-5018+628-1710+630","mapping_code":"7_11_14_1886441519","state":1},{"key":"MENU","name":"MENU","code":"+4646-4554+604-500+602-1632EfEfE-498EgEgEgEgEfE-1634EfEg+600dEgEgEgIdIhEfEfEdIdIdIhEfEgIdIdEfEhEfE-48640+4648-4590+628-1638E","mapping_code":"7_28_14_1886402759","state":1},{"key":"VOLUME_UP","name":"VOLUME UP","code":"+4620-4544+604-500+602-1632EfEfE-498Eg+600dEgHdH-1634EfEfEgEgEgEgHiEfEgHdHiEgEgEgEgHdHiEfEdHiEfEiE-48658+4646-4536CiE","mapping_code":"7_19_14_1886439479","state":1},{"key":"VOLUME_DOWN","name":"VOLUME DOWN","code":"+4804-4540+604-500+602-1632EfEfE-498+600dHdHdHdH-1634EfEfEdHdHdHdHdHiEgEgEfEgHdHdHiEgEiEfEdHiEfEfE-48648+4620-4548CiE","mapping_code":"7_18_14_1886406839","state":1},{"key":"CHANNEL_UP","name":"CHANNEL UP","code":"+4620-4538+604-500+602-1632E-1634EfE-498EhEhEhEhEfEgEfEh+600dIdIdIgEhEhEhEfEhEhIdEhIgEgEfEdIgEgEfE-48650+4648-4556C-1642E","mapping_code":"7_17_14_1886423159","state":1},{"key":"CHANNEL_DOWN","name":"CHANNEL DOWN","code":"+4620-4560+604-500+600-1634+602-1632GhG-498GdEiGiGiGhGhGfGiGdEiGiGiGiGiGiGhGiGiGiEfGfGhGfGiGhGhGfG-48650+4622-4550CfG","mapping_code":"7_16_14_1886390519","state":1},{"key":"MUTE","name":"MUTE","code":"+4620-4590+628-508+602-1632EfEfE-498Eg+600-500EgHiH-1634EfEjEgEgEgHiHiHiHjEgEfEgEgEgEfEjEgEfEgEfEfEfE-48596+4622-4532+604jE","mapping_code":"7_20_14_1886398679","state":1},{"key":"INPUT","name":"INPUT","code":"+4618-4556+604-500+602-1632EfEfE-498EgEgEgEgEfEfEfEgEgEgEgEfE-1634EfEfEd+600dIdIgEdIdIdIdIhEfEhEhE-48636+4644-4562+684-1642E","mapping_code":"7_15_14_1886449679","state":1},{"key":"INFO","name":"INFO","code":"+4620-4544+604-500+600-1632+602fGfG-498GhGhGhGhGfGfGfGhGdEhGhGhGfG-1634GdEiGhGhGhGfGdEdEiGhGiGfGiG-48648+4646-4528CiG","mapping_code":"7_22_14_1886414999","state":1}],"_id":"ku1LsH79AgntH7l6"}
