{"category":"TV","brand":"SKYWORTH","model":"4327","type":1,"version":"1.0","create_date":1695111334024,"protocol":"SKYWORTH","map_code":[{"key":"0","name":"0","code":"+9190-4578+604-518+602-500EfE-1634EfEfE-502+600fE-1636EgEjEfEjEgEjEjIjEhIjEgEjEfEhIfEhIjEfIhIhIjEjEjI-40820+9242-2274C","mapping_code":"3_29_8_284145735","state":1},{"key":"1","name":"1","code":"+9212-4536+602-502C-500CeC-1636CeCeCeCeC-1634CfCfCeCgCfCgCfCeCfCeCeCgCd+600dHdHfCeCgCfCdHfCgCfC-40844+9218-2252+604","mapping_code":"3_18_8_284117175","state":1},{"key":"2","name":"2","code":"+9218-4568+604-502+602-500EfE-1634EfEfEd+600dH-1636EgEiEfEiEgEgEiEgEdHdHfEiEfEfE-508HdHiEiHiEdHiEgEiE-40810+9216-2234C","mapping_code":"3_17_8_284133495","state":1},{"key":"3","name":"3","code":"+9214-4562+604-502+602-500Ef+600-1636EfEfC-498EfGhEhE-1634EdGhGhEhEjEdGfEfEfEjEdGdGfEhGhEhEjEdGhGhEhE-40860+9218-2246C","mapping_code":"3_16_8_284100855","state":1},{"key":"4","name":"4","code":"+9192-4550+602-502C-500CeC-1634Ce+600dGdGdG-1636ChCfCdGhChCfChCeCfChCdGhGdGdCeCfCdGdGhCeCfChChC-40810+9216-2236+604","mapping_code":"3_22_8_284125335","state":1},{"key":"5","name":"5","code":"+9216-4546+604-500+602dEdE-1634E-502Ed+600gHgH-1636EfEiEdHiEiEfEiEfEgHiHgHiEdEdEdEdEfEdEiHgHiEiHiE-40802A-2238C","mapping_code":"3_21_8_284141655","state":1},{"key":"6","name":"6","code":"+9216-4556+604-502+600-500+602fG-1634GfEdEdEdE-1636GhGiGfEiGiGhGiGfEdEiGfGhGdEdEdEiGhGdEiEdEiGiEiG-40788+9218-2282C","mapping_code":"3_20_8_284109015","state":1},{"key":"7","name":"7","code":"+9350-4560+604-502+602-500EfE-1634Ed+600dHdHdH-1636EiEgEdHiEgEiEiEfHiEdHiEiHdHdHdHiEdHiEfHdEgEiEgE-40816+9218-2240E","mapping_code":"3_26_8_284121255","state":1},{"key":"8","name":"8","code":"+9214-4538+602-502C-500CeC-1636CeCeCeCeC-1634CfCf+600dHfCfCgCfCfHdHdHfCfCeCeCeCeCgCfCeCdHfCgCfC-40814+9212-2272+604","mapping_code":"3_25_8_284137575","state":1},{"key":"9","name":"9","code":"+9190-4548+604-502+602-500Ef+600-1636EfEfEfEfEhE-1634EhEfEhEiEhEhGdGdGdGhEhEfEfEfEiEhEhGdGdEiEhEhG-40808+9218-2246C","mapping_code":"3_24_8_284104935","state":1},{"key":"MENU","name":"MENU","code":"+9192-4552+604-502+600dEdE-1636+602-500GhGhGhG-1634+606-1632GfGhGiGfGfGiGdEdEfGhGhGhGhGhGiGfGdEfGiGfGfGiG-40830+9216-2232G","mapping_code":"3_4_8_284106975","state":1},{"key":"VOLUME_UP","name":"VOLUME UP","code":"+9214-4598+628-508+602-500+600-502G-1636EfEfEfEfGiE-1634EiEfEjEiEjEiEjEhGhGhGfEfEfEfEfGiEiEjEiEjEiEjE-40806A-2230+604","mapping_code":"3_1_8_284131455","state":1},{"key":"VOLUME_DOWN","name":"VOLUME DOWN","code":"+9218-4542+604-502+602-500EfE-1634Ef+600dHdHdH-1636EgEiEfEgEiHiEiEfEgEiHdHdHdHdHdHiEfHdHiEiEgEiHiE-40820A-2234+606","mapping_code":"3_6_8_284123295","state":1},{"key":"CHANNEL_UP","name":"CHANNEL UP","code":"+9216-4592+604-508+600-500+602fG-1634GfE-502EiEfGhG-1636GjGfEjGhGjGhGfEjGfGfGfEiEiEiEjGfGhGjGhGjGhGjG-40874+9218-2242C","mapping_code":"3_2_8_284115135","state":1},{"key":"CHANNEL_DOWN","name":"CHANNEL DOWN","code":"+9216-4562+602-502C-500Cd+600-1636CeCeCeCeC-1634CgCgFdFgCgCgFgCgCeChCdFdFdFdFdFdFgCeCgFgCgCgFgC-40802A-2310+604","mapping_code":"3_5_8_284139615","state":1},{"key":"MUTE","name":"MUTE","code":"+9214-4532+604-502+600dEdE-1636+602-500GhGhGhGfG-1634GfGhGiGfGfGiGdEdEdEdEdEdEdEdEfGiGfGfGiGfGfGiG-40810+9218-2446C","mapping_code":"3_0_8_284098815","state":1},{"key":"INPUT","name":"INPUT","code":"+9214-4532+604-502+600-500+602dE-1636GfGfGfGfG-1634GiGhGfGiGhGhGiGdEdEdEhGfGfGfGfGiGhGhGfEhGhGhEhG-40806+9216-2234+788","mapping_code":"3_8_8_284102895","state":1},{"key":"EXIT","name":"EXIT","code":"+9218-4548+600-502+602-500EdC-1634EfEfEfCdC-1636EhEgEdChEhEgEhEfEfEhEfChEdChEfEgEhEdChEfEgEdChE-40800A-2754+626","mapping_code":"3_84_8_284109525","state":1},{"key":"LAST","name":"LAST","code":"+9192-4548+604-502+600-500+602fG-1636GfGfGfGfG-1634GhGhEdEhGhGhEhGdEdEhGiGhGfGfGfGiGhGfGfGfGhGiGhG-40816+9214-2228C","mapping_code":"3_28_8_284113095","state":1},{"key":"DISPLAY","name":"DISPLAY","code":"+9190-4556+602-502C-500CeC-1634Cd+600eCeCeCfC-1636ChGdGhChGhChGdGhCeCfCdGdGdGeChGdGhCeCfChCfChC-40826+9242-2292+604","mapping_code":"3_10_8_284119215","state":1},{"key":"POWER","name":"POWER","code":"+9190-4552+602-504+600-502EfE-1636EfEfEfEfEgEgCgEfEgCgEgCgEgCgEfEfEfEfEfEfEfEfEgEgEgEgEgEgC-40772+9218-2250C","mapping_code":"3_3_8_284147775","state":1}],"_id":"zpfgm9NlmOx6DILq"}
