{"category":"TV","brand":"SKYWORTH","model":"5312","type":1,"version":"1.0","create_date":1695112816339,"protocol":"SKYWORTH","map_code":[{"key":"0","name":"0","code":"+5046-4542+602-498+600-1626EfEfE-496+598dHdHdHdHfEfEfEdHdHdHdHfEgEdHfEdHdHdHdHdHfEfHdHfEfEfHfE-48442+4602-4522C-1628E","mapping_code":"7_9_14_1886425199","state":1},{"key":"1","name":"1","code":"+4624-4550+602-510+600-1626EfEfE-496+598-498HiHiHiHfEfEfEiHiHiHiHiHiHiHiHiHiHiHiHfEfHfEfHfEfEfHfE-48442+4602-4544C-1632E","mapping_code":"7_0_14_1886388479","state":1},{"key":"2","name":"2","code":"+4652-4540+602-510+600-1626EfEfE-496+598-498HiHiHiHfEfEfEgHiHiHiHfEgEgEgHiHiHiHiHiHfHfEfEfEfHfEfH-48400+4602-4516C-1628E","mapping_code":"7_1_14_1886421119","state":1},{"key":"3","name":"3","code":"+4626-4532+602-502+598-1626+600fGfG-496E-498EiEiEiEfGfGfGhGhEiEiEiEfGhEiEiEiEiEiEfGhEfGfEfGfEfGfE-48472+4628-4514C-1628G","mapping_code":"7_2_14_1886404799","state":1},{"key":"4","name":"4","code":"+4652-4552+602-502+598-1626+600fGfG-498EhE-496GiGiEfGfGfGhEhEhEhEfGfGhEhEhEhEhEhEhEhEfEfGfGfEfGfG-48438+4650-4744+650-1642G","mapping_code":"7_3_14_1886437439","state":1},{"key":"5","name":"5","code":"+4626-4558+602-502+600-1626EfEfE-496Eg+598-498EgHiEfEfEfEiHiHiHiHiHiHfEiHiHiHiHiHfEfEiHfEfHfEfEfE-48424+4628bC-1638E","mapping_code":"7_4_14_1886396639","state":1},{"key":"6","name":"6","code":"+4600-4700+600-532C-1626CeCeC-498+598fGfGfGfGeCeCeCfGfGfGfGeGfGeCfGfG-496GfChGfGeCfGeGeCeCeCeG-48408+4602-4516+602eC","mapping_code":"7_5_14_1886429279","state":1},{"key":"7","name":"7","code":"+4600-4602+630-522+600-1626EfEfE-498+598gHgH-496EiEfEfEfEgHgHgHgHgHfEfEiEiEiHgHgHfEgHgHfEfEfEfEfH-48436+4628-4518+602-1628E","mapping_code":"7_6_14_1886412959","state":1},{"key":"8","name":"8","code":"+4678-4560+600-500+598-1626CfCfC-498EgE-496CgEhCfCfCfChChChChCfCfCfCgEhEgChChChEgEgEfCfCfEfCfC-48438+4602-4520+602-1628C","mapping_code":"7_7_14_1886445599","state":1},{"key":"9","name":"9","code":"+4600-4542+602-514+600-1626EfEfE-496Eg+598-498HiHiHfEfEfEiHiHiHiHiHiHiHfEiHiHiHgEfHfEfEgHfEfEfHfE-48432+4676-4566C-1628E","mapping_code":"7_8_14_1886392559","state":1},{"key":"POWER","name":"POWER","code":"+4600-4528+600-500+598-1626CfCfC-498EgEgEgEgEfCfEfCgEgEgEgEfCfCgEfCgE-496CgEgEgEgEfEgEfCfCfEfC-48438+4624-4504+602-1628C","mapping_code":"7_11_14_1886441519","state":1},{"key":"MENU","name":"MENU","code":"+4626-4548+600-500+598-1626CfCfC-498EgEgEgEgEfCfCfCgEgEgEgEgEgEfCfCfCgEgEgEfEf+602-494EgEgEfCfEfC-48428+4628-4568H-1642C","mapping_code":"7_28_14_1886402759","state":1},{"key":"VOLUME_UP","name":"VOLUME UP","code":"+4598-4562+624-498+600-1626EfEfE-496Eg+598dEgEgHfEfEfEgHdEgHdHfEfEdHgH-1628HdHdHdHdHdHfEfHdHfEfEfH-48438+4602-4522+602iE","mapping_code":"7_19_14_1886439479","state":1},{"key":"VOLUME_DOWN","name":"VOLUME DOWN","code":"+4600-4562+600-520C-1626CeCeC-498+598fGfG-496ChCeCeCeCfGfGfGfGfG-1628GfGfGeGfGfGfGeCfGiGeChGeCeGeC-48426+4626-4510CiC","mapping_code":"7_18_14_1886406839","state":1},{"key":"CHANNEL_UP","name":"CHANNEL UP","code":"+4600-4522+602-498+598-1626+600fGfEdEdEdEdEdEfGfGfGdEdEdEdEfGdEdEdEfEdEdEdEdEfGfE-1628EdEfGfEhE-48462A-4538C-1632G","mapping_code":"7_17_14_1886423159","state":1},{"key":"CHANNEL_DOWN","name":"CHANNEL DOWN","code":"+4600-4522+600-500+598-1626CfCfC-498EgEgEgEgEfCfEfCgEgEgEgEgEgEgE-496E-1628EgEgEgEfCfEiEfCgEiEfCfC-48444+4602-4524+602iC","mapping_code":"7_16_14_1886390519","state":1},{"key":"MUTE","name":"MUTE","code":"+4626-4518+600-498C-1626+598eCeFdFdFdFdFdFeCeCeCdFdFdFdFdFdF-1628FdFeC-496FdFdFeCeFdFeChFgFeFgF-48464+4628b+602gC","mapping_code":"7_20_14_1886398679","state":1},{"key":"INPUT","name":"INPUT","code":"+4600-4756+602-516+598-1626+600fEfG-496GhE-498EiEiEfGfEfGiEiEiEiEfGfE-1628EfEiEiEiEiEiEiEiEiEfEfGfEfG-48424A-4518GjG","mapping_code":"7_15_14_1886449679","state":1},{"key":"SLEEP","name":"SLEEP","code":"+4600-4608+626-510+600-1626EfEf+598-498GhGhGhGhGfGfEfGhGhGhGhGfGhGfEhGfGhGhGhGhGfGhGfEhGfGfEfG-48406+4624-4504E-1628G","mapping_code":"7_21_14_1886431319","state":1},{"key":"LAST","name":"LAST","code":"+4600-4528+600-500+598-1626CfEfC-498EgEgEgEgEfCfEfCgEgEgEgEfEgEfCfE-1628EgEgEgEgE-1630+596gEgEgEhEfCfE-48442+4624-4576ChE","mapping_code":"7_29_14_1886435399","state":1},{"key":"DISPLAY","name":"DISPLAY","code":"+4626-4570+624-496+598-1626Ef+600fGdE-498EhEhEhEfEfGfGdEhEhEhEhEfE-1628EhEfEhEhEhEfGhEhEiEhEfEiEfE-48408+4602-4512GiE","mapping_code":"7_22_14_1886414999","state":1},{"key":"ENTER","name":"ENTER","code":"+4598-4534+600-500+598-1626CfEfC-498EgEgEgEgEfEfCfCgE-496CgEgEhE-1628EgEfCgEgEgEgEfEgEiEgEfCfEfCiE-48444+4628-4554CiE","mapping_code":"7_10_14_1886408879","state":1}],"_id":"j4VyzA6DTJ8KuZhQ"}
