{"category":"TV","brand":"SKYWORTH","model":"647","type":1,"version":"1.0","create_date":1695117724322,"protocol":"SKYWORTH","map_code":[{"key":"0","name":"0","code":"+9256-4580+604-1638C-1636+602-500FgFgFgFgFgFgFgFeFeFeFeFeFeFgFeFeF-1640+600eFgFgFgFeFgFgFgFgFeFeFeF-42384+9228-2244C","mapping_code":"3_30_3_3225385095","state":1},{"key":"1","name":"1","code":"+9222-4540+604-1638+602-1636E-500EgEgEgEgEgEgEgEfEfEfEfEfEfEfEgEfEfEfEgEgEgEgEfEgEgEgEfEfEfE-42380+9228-2264+606","mapping_code":"3_29_3_3225401415","state":1},{"key":"2","name":"2","code":"+9228-4542+604-1638+602-1636C-500EgEgEgEgEgEgEgEfEfEfEfEfEfEgEgEfEfEfEgE-504+598gEfEfEgEgEgEfEfEfE-42386+9256-2278C","mapping_code":"3_28_3_3225368775","state":1},{"key":"3","name":"3","code":"+9228-4554+604-1638+602-1636C-500EgEgEgEgEgEgEgEfEfEfEfEfEfEgEfEfEgEgEgEfEgEfEgEgEfEfEfEgEfE-42378+9204-2264C","mapping_code":"3_70_3_3225379485","state":1},{"key":"4","name":"4","code":"+9232-4580+604-1638C-1636+602-500FgFgFgFg+606-496FgFgFeCeFeFeCeFeFeFgFeFgFeFgFgFgFgFeFgFeFgFeFeFeF-42372A-2292C","mapping_code":"3_21_3_3225397335","state":1},{"key":"5","name":"5","code":"+9204-4554+604-1638+602-1636C-500EgEgEgEgEgEgEgEfEfEfEfEfEfEgEgEfEgEfEgEgEgEfEfEgEfEgEfEfEfE-42392+9232-2236C","mapping_code":"3_20_3_3225364695","state":1},{"key":"6","name":"6","code":"+9204-4548+604-1638+602-1636C-500EgEgEgEgEgEgEgEfEfEfEfEfEfEfEgEfEgEgEgEfEgEgEfEgEfEfEfEgEfE-42400A-2254C","mapping_code":"3_69_3_3225395805","state":1},{"key":"7","name":"7","code":"+9230-4576+604-1638+602-1636E-500EgEgEgEgEgEgEgEfEfEfEfEfEfEgEgEgEgEgEgEgEgEfEfEfEfEfEfEfEf+628-42402+9206-2246C","mapping_code":"3_0_3_3225354495","state":1},{"key":"8","name":"8","code":"+9232-4564+604-1638+602-1636C-500EgEgEgEgEgEgEgEfEfEfEfEfEfEfEfEfEfEfEgEgEgEgEgEgEgEgEfEfEfE-42386+9206-2246C","mapping_code":"3_31_3_3225417735","state":1},{"key":"9","name":"9","code":"+9206-4562+606-1644+602-1636E-500EgEgEgEgEgEgEgEfEfEfEfEfEfEfEfEgEfEfEgEgEgEgEgEfEgEgEfEfEfE-42376+9232-2288+604","mapping_code":"3_27_3_3225409575","state":1},{"key":"POWER","name":"POWER","code":"+9204-4554+604-1638+602-1636C-500EgEgEgEgEgEgEgEfEfEfEfEfEfEfEgEgEgEfEgEgEgEgEfEfEfEgEfEfEfE-42418+9232-2236C","mapping_code":"3_17_3_3225389175","state":1},{"key":"MENU","name":"MENU","code":"+9206-4552+604-1638+602-1636E-500EgEgEgEgEgEgEgEfEfEfEfEfEfEgEgEfEgEgEgEgEgEfEfEgEfEfEfEfEfE-42372+9232-2282C","mapping_code":"3_4_3_3225362655","state":1},{"key":"VOLUME_UP","name":"VOLUME UP","code":"+9202-4570+604-1638+602-1636C-500EgEgEgEgEgEgEgEfEfEfEfEfEfEfEfCgEgEfEgEfEgEgEgEfEfEgEfEgEfE-42380+9256-2278C","mapping_code":"3_83_3_3225406005","state":1},{"key":"VOLUME_DOWN","name":"VOLUME DOWN","code":"+9202-4558+604-1638+602-1636E-500EgEgEgEgEgEgEgEfEfEfEfEfEfEfEfEfEgEfEgEfEgEgEgEgEfEgEfEgEfE-42374+9204-2558+628","mapping_code":"3_87_3_3225414165","state":1},{"key":"CHANNEL_UP","name":"CHANNEL UP","code":"+9204-4608+604-1654+602-1636C-500EgEgEgEgEgEgEgEfEfEfEfEfEfEfEfEfEgEgEgEfEgEgEgEgEfEfEfEgEfE-42392+9232-2280C","mapping_code":"3_71_3_3225412125","state":1},{"key":"CHANNEL_DOWN","name":"CHANNEL DOWN","code":"+9228-4540+604-1638+602-1636C-500EgEgEgEgEgEgEgEfEfEfEfEfEfEfEfEg+606-1632EgEgEfEgEgEgEfEgEfEfEgEfE-42484+9232-2248C","mapping_code":"3_75_3_3225408045","state":1},{"key":"MUTE","name":"MUTE","code":"+9230-4562+604-1638+602-1636E-500EgEgEgEgEgEgEgEfEfEfEfEfEfCfEfEgEgEfEgEgEgEgEgEfEfEgEfEfEfE-42386A-2240C","mapping_code":"3_19_3_3225405495","state":1},{"key":"SLEEP","name":"SLEEP","code":"+9230-4552+604-1638+602-1636C-500EgEgEgEgEgEgEgEfEfCfEfEfEfEfEgEfEfEgEgEgEgEgEfEgEgEfEfEfEfE-42374+9256-2312+628","mapping_code":"3_13_3_3225399375","state":1},{"key":"EXIT","name":"EXIT","code":"+9230-4564+604-1638+602-1636E-500EgEgEgEgEgEgEgEfEfEfEfEfEfEgEfEgEgEfEgEfEgEfEgEfEfEgEfEgEfE-42408+9228-2232C","mapping_code":"3_82_3_3225373365","state":1},{"key":"PREVIOUS","name":"PREVIOUS","code":"+9230-4562+604-1640+602-1636E-500EgEgEgEgEgEgEgEfEfEfEfEfEfCgEgEfEfEgEgEfEgEfEfEgEgEfEfEgEfE-42374+9232-2288C","mapping_code":"3_76_3_3225367245","state":1},{"key":"RED","name":"RED","code":"+9226-4540+604-1638+602-1636E-500EgEgEgEgEgEgEgEfEfEfEfEfEfEfEgEfEgEfEgEfEgEgEfEgEfEgEfEgEfE-42384+9260-2274C","mapping_code":"3_85_3_3225397845","state":1},{"key":"GREEN","name":"GREEN","code":"+9230-4550+604-1638C-1636+602-500FgFgFgFgFgFgFgFeFeFeFeFeFeFeFeFeFeFgFgFgFgFgFgFgFgFeFeFeFeF-42376+9234-2306+606","mapping_code":"3_15_3_3225415695","state":1},{"key":"BLUE","name":"BLUE","code":"+9204-4554+604-1638+602-1636C-500EgEgEgEgEgEgEgEfEfEfEfEfEfEfEgEgEgEfEgEfEgEgEfEfEfEgEfEgEfE-42406A-2254C","mapping_code":"3_81_3_3225389685","state":1},{"key":"YELLOW","name":"YELLOW","code":"+9228-4546+604-1638+602-1636E-500EgEgEgEgEgEgEgEfEfEfEfEfEfEgEfEfEfCgEgEgEgEf+606-496EgEgEfEfEfEfE-42384+9232-2314H","mapping_code":"3_14_3_3225383055","state":1}],"_id":"qsD8lkaHZXLostgs"}
