{"category":"TV","brand":"SKYWORTH","model":"652","type":1,"version":"1.0","create_date":1695109120317,"protocol":"SKYWORTH","map_code":[{"key":"POWER","name":"POWER","code":"+9218-4546+604-502+602-500EfE-1636Ed+600dHdHdHgEgEgEdHgEgEgEgEgHgEdHdHdHdHfEdHfEdHgHgEgEgHgEgE-42850+9216-2244C","mapping_code":"3_3_8_284147775","state":1},{"key":"0","name":"0","code":"+9212-4532+604-502+600dEd+602-1636F-500FhFdEhFgFgFgFhFgFgFgFgEgFdEgFgFgFdEhFdEhFgEdEdEdEgFgFgE-42870+9218-2254C","mapping_code":"3_29_8_284145735","state":1},{"key":"1","name":"1","code":"+9216-4596+604-516+600-502EfE-1636+602-500HiHiHiHgHgHgHiHg+606-1632HgHgHfEgHfEiHgEfEfEfEgHfEgHgEfEgHgHgH-42864+9244-2276C","mapping_code":"3_18_8_284117175","state":1},{"key":"2","name":"2","code":"+9218-4574+604-508+602-500EfE-1636E-502+600hIhIhIgEgEgEfEgEgEgEgEgEhIhIhIgEfEfEfEfEgEgEgIhEgEgEgI-42868A-2256E","mapping_code":"3_17_8_284133495","state":1},{"key":"3","name":"3","code":"+9214-4566+602-514+600-500CfC-1636CfE-502EhEhEgCgCgCfEgCgCgCgCfEhEhEhEgCfEhEhEgCgCgCgCfEgCgEgC-42856+9218-2274C","mapping_code":"3_16_8_284100855","state":1},{"key":"4","name":"4","code":"+9244-4564+602-502C-500CeC-1636CeCeCeCeCfCfCfCe+600fCfGfCfCeGfCfGdGfCeCeCeCfCdGdGfCdGfCfGfC-42840+9218-2236+604","mapping_code":"3_22_8_284125335","state":1},{"key":"5","name":"5","code":"+9216-4550+604-502+602-500EfE-1636Ed+600dHfEfEgEgEgEfEgEgEgEgEgEdHgEfEgEdHdHdHdHgEfEgHdHgEgEgE-42830+9218-2296C","mapping_code":"3_21_8_284141655","state":1},{"key":"6","name":"6","code":"+9216-4554+604-508+602-500EfE-1636Ef+600-502HiHiHgEgEgEfEgEgEgEgEfHiHgEfEgHiHiHiHgEgEiHgHiHgEgEgE-42866+9218-2246C","mapping_code":"3_20_8_284109015","state":1},{"key":"7","name":"7","code":"+9212-4538+602-502+600dEdE-1636C-500CgEdCgEfCfEfCgCfEfCfCfCgCfEdEfCfCdEdEdEfEdEfCdEgCfEfCfC-42842+9218-2236C","mapping_code":"3_26_8_284121255","state":1},{"key":"8","name":"8","code":"+9216-4544+602-502C-500CeC-1636CeCeCeCeCfCfCf+600dGfCfCfCfCfGdGdGfCfCeCeCeCeCfCfCeCeCfGfCfC-42884+9218-2240+604","mapping_code":"3_25_8_284137575","state":1},{"key":"9","name":"9","code":"+9218-4544+602-502C-500CeC-1636CeCeCeCe+600fCfCfC-504+598fCfCfCfCdGeCdGfCfCdGdGdGfCfGfCdGdGfCfGfC-42868A-2246+604","mapping_code":"3_24_8_284104935","state":1},{"key":"MENU","name":"MENU","code":"+9214-4540+604-508+602-500EfE-1636EfE-502C-498EfEgEgEg+600hJgEgEgEgEhJhJgEfJhJhJhJhJgEgEhJgEgEgJgEgE-42866+9218-2252C","mapping_code":"3_4_8_284106975","state":1},{"key":"VOLUME_UP","name":"VOLUME UP","code":"+9214-4538+604-502+600-500+602fG-1636EdEdEdEdEhGhGhGfEhGhGhGhGhGdEdEhEdEdEhGfGfEhGhGfEhGhEdEhG-42880+9218-2242C","mapping_code":"3_73_8_284136045","state":1},{"key":"VOLUME_DOWN","name":"VOLUME DOWN","code":"+9214-4546+604-502+602-500EfE-1636Ed+600dHdHdHgEgHgEdHgEgEgEgHdHgEgEfEfEfEgHdHgEdHdHgEgEgEfEgH-42838+9218-2282E","mapping_code":"3_70_8_284123805","state":1},{"key":"CHANNEL_UP","name":"CHANNEL UP","code":"+9218-4558+604-502+602-500Ef+600-1636EdGfEfEfEhEhEhEdGhEhEhEhEhEhEdGhEfEfEhEdGfEfEhEdGhEhEdG-1638+598-42850A-2242E","mapping_code":"3_75_8_284152365","state":1},{"key":"CHANNEL_DOWN","name":"CHANNEL DOWN","code":"+9218-4600+604-518+600-500+602-502E-1636GfGfEhEhEiGiGiGfGiGiGiGiGfG-1638+598iGiGhEhEiEhEiGfGfGfEiGiGfGiG-42876+9244-2274C","mapping_code":"3_78_8_284127885","state":1},{"key":"MUTE","name":"MUTE","code":"+9214-4572+604-518+602-500EfE-1636Ef+600-502EfHiHgEgEgEiHgEgEgEgEfEfEfEfEfEfEfEfHgEgEgEgEgEgEgEgE-42876+9218-2246C","mapping_code":"3_0_8_284098815","state":1},{"key":"INPUT","name":"INPUT","code":"+9218-4576+604-508+600-502EfE-1636+602fE-500HiHiHgHgHgHiHgHgHgHgHiEfEfEgHiHiHiHiHgHgHgHiHgHgHgEgH-42816+9192-2288+626","mapping_code":"3_8_8_284102895","state":1},{"key":"SLEEP","name":"SLEEP","code":"+9216-4552+602-502C-500CeC-1636CeCeCeCeCfCfCfCeCfCfCf+600fCfCeCfCfCeCeCeCeCeCfGdGdGfCfCfCfC-42866+9218-2300+604","mapping_code":"3_13_8_284143695","state":1},{"key":"LAST","name":"LAST","code":"+9216-4542+604-502+600-500+602dE-1636GfGfGfGfGhGhGhGfEhGhGhE-1648EdEdEhGhGhGdEdEdEhGhGfEdEdEhGhGhE-42898+9240-2246C","mapping_code":"3_28_8_284113095","state":1},{"key":"RED","name":"RED","code":"+9214-4534+604-502+602-500EfE-1636Ed+600dHdHdHgEgHgEdHgEgHgEgHgEgEfEgHdHdHdHdHdHdHgEdHgEgEgEgH-42886+9298-2306C","mapping_code":"3_11_8_284151855","state":1},{"key":"INFO","name":"INFO","code":"+9216-4548+604-506+602-500EfE-1636E-502+600hIhIhIgEgIgEfEgEgEgEgIhIgEhIgEfEfEfEfEgEhIgEhIgEgEgEgE-42876A-2232C","mapping_code":"3_10_8_284119215","state":1},{"key":"PICTURE_MODE","name":"PICTURE MODE","code":"+9214-5004+604-508+602-502+600fE-1636E-500EiEiEiEhEhEhEiGhEhEhGhEhEhEhEfGhEiGhEfGfGfGfGhEiEhGfGhE-42868+9244-2300+628","mapping_code":"3_87_8_284158485","state":1},{"key":"GUIDE","name":"GUIDE","code":"+9212-4538+604-502+600dE-500+602-1636GfEdEdEdEhGhEhGfGhEhGhGhGhEhGhEhGfGfGfGfGfEdEdEdEhGhGhGhG-42896+9242-2234C","mapping_code":"3_15_8_284160015","state":1},{"key":"YELLOW","name":"YELLOW","code":"+9212-4538+602-502C-500+600dF-1638FdFdFeCeFgF-1636FgFdFhFgFhFgFhCeFdFhCdFdFdFdFdFgFhFdFgFhFgFhF-42832+9190-2248+604","mapping_code":"3_9_8_284135535","state":1}],"_id":"jKrwaF7J4Gy9L1vh"}
