{"category":"TV","brand":"SKYWORTH","model":"807","type":1,"version":"1.0","create_date":1695110880444,"protocol":"SKYWORTH","map_code":[{"key":"0","name":"0","code":"+4598-4538+600-504+598-1628CfEfE-498EgEgEgEgEfEfEfCgEgEgEgEgEgEgEgEgEgEgEgEfEfEfEfEfCfEfEfE-48468+4624-4520+602-1634E","mapping_code":"7_0_14_1886388479","state":1},{"key":"1","name":"1","code":"+4598-4526+600-500+598-1628CfEfE-498EgEgEgEgEfEfEfEgEgEgEgEfEgEgEgEgEgEgEgEgEfEfEfEfEfEfEfE-48490+4626bC-1630E","mapping_code":"7_1_14_1886421119","state":1},{"key":"2","name":"2","code":"+4624-4512+600-500+598-1628EfEfC-498EgEgEgEgEfEf+602-1624EgEgEgEgEgEfEgEgEgEgEgEgEfEgEfEfEfEfEfEfE-48462+4600-4528C-1630E","mapping_code":"7_2_14_1886404799","state":1},{"key":"3","name":"3","code":"+4600-4532+600-500+598-1628CfEfE-498EgEgEgEgEfEfEfEgEgEgEgEfEfEgEgEgEgEgEgEgEgEfEfEfCfEfEfE-48494+4628-4518C-1630E","mapping_code":"7_3_14_1886437439","state":1},{"key":"4","name":"4","code":"+4600-4526+600-498+598-1628EfCfEdEdEdEdEdEfCfEfEdEdEdEdEdEdEfEdEdEdEdEdEfEfEdEfEfEfEfEfE-48456A-4524C-1630E","mapping_code":"7_4_14_1886396639","state":1},{"key":"5","name":"5","code":"+4600-4526+600-500+598-1628EfEfE-498EgEgEgEgEfEfCfEgEgEgEgEfEgEfEgEgEgEgEgEgEfEgEfEfEfEfEfE-48452AbC-1630C","mapping_code":"7_5_14_1886429279","state":1},{"key":"6","name":"6","code":"+4598-4532+600-500+598-1628EfEfE-498EgEgEgEgEfEfEfEgEgEgEgEgEfEfEgEgEgEgEgEfEgEgEfEfEfEfEfE-48474+4624-4510C-1630C","mapping_code":"7_6_14_1886412959","state":1},{"key":"7","name":"7","code":"+4622-4518+600-500+598-1628EfEfE-498EgEgEgEgEfEfEfCgEgEgEgEfEfEfEgEgEgEgEgEgEgEgEfEfEfEfEfE-48482+4626bC-1630C","mapping_code":"7_7_14_1886445599","state":1},{"key":"8","name":"8","code":"+4600-4542+602-510+598-1628+600fEfE-498EhEhEhEhEfGfEfEhEhEhEhEhEhEhEfEhEhEhEhEfEfEfEhEfEfEfEfG-48460+4622-4514G-1630E","mapping_code":"7_8_14_1886392559","state":1},{"key":"9","name":"9","code":"+4624-4514+600-500+598-1628CfEfE-498EgEgEgEgE-1632+596fEfCgEgEgEgEfEgEgEfEgEgEgEgEgEfEfEgEfEfEfEfE-48458+4600-4524C-1630C","mapping_code":"7_9_14_1886425199","state":1},{"key":"POWER","name":"POWER","code":"+4622-4518+600-498+598-1628CfEfEdEdEdEdEdEfCfEfEdEdEdEdEdEdEdEfEfEdEdEdEfCfEfEdEdEfEfEfE-48480+4626-4516C-1630C","mapping_code":"7_24_14_1886394599","state":1},{"key":"MENU","name":"MENU","code":"+4600-4530+600-500+598-1628CfEfC-498EgEgEgEgEfEfEfCgEgEgEgEfEgEgEgEfEgEgEgEgEfEfEfEgEfCfEfE-48460+4626-4542+602-1640E","mapping_code":"7_17_14_1886423159","state":1},{"key":"VOLUME_UP","name":"VOLUME UP","code":"+4604-4532+600-500+598-1628EfEfE-498EgEgEgEgEfEfEfEgEgC-496EgEgEgEfEgEfEgEgEgEfEfEgEfEgEfEfEfE-48442+4600-4530C-1630E","mapping_code":"7_20_14_1886398679","state":1},{"key":"VOLUME_DOWN","name":"VOLUME DOWN","code":"+4600-4532+600-498+598-1628CfEfEdEdEdEdEdEfEfEfEdEdEdEdEfEdEfEdEfEdEdEdEdEfEdEfEdEfEfEfE-48442+4624-4514C-1630C","mapping_code":"7_21_14_1886431319","state":1},{"key":"CHANNEL_UP","name":"CHANNEL UP","code":"+4600-4532+600-500+598-1628EfCfE-498EgEgEgEgEfEfCfEgEgEgEgEgEfEgEgEfEgEgEgEfEgEfCfEgEfEfCfE-48480+4622-4512C-1630C","mapping_code":"7_18_14_1886406839","state":1},{"key":"CHANNEL_DOWN","name":"CHANNEL DOWN","code":"+4596-4560+602-506+598-1628+600fEfE-498EhEhEhEhEfEfEfGhEhEhEhEfEfEhEhEfGhEhEhEhEhEfEfEhEfEfEfG-48470+4622-4510G-1630G","mapping_code":"7_19_14_1886439479","state":1},{"key":"MUTE","name":"MUTE","code":"+4598-4554+602-510+598-1628+600fEfE-498EhEhEhEhEfGfEfEhEhEhEhEfEhEfEfEhEhEhEhEhEfEhEhEfEfEfEfG-48472+4624-4516G-1630E","mapping_code":"7_13_14_1886433359","state":1},{"key":"INPUT","name":"INPUT","code":"+4598-4528+600-500+598-1628CfEfE-498EgEgEgEgEfCfEfEgEgEgEgEfEfEfCfEgEgEgEgEgEgEgEgEfEfEfEfE-48484+4624-4512C-1630C","mapping_code":"7_15_14_1886449679","state":1},{"key":"REWIND","name":"REWIND","code":"+4600-4536+600-500+598-1628EfCfE-498EgEgEgEgEfCfEfEgE-496CgEgEgEgEgEgEgEgE-1630+596gEfEfEfEfEfEfEgEfE-48458+4602-4524CiE","mapping_code":"7_64_14_1886388989","state":1},{"key":"FAST_FORWARD","name":"FAST FORWARD","code":"+4598-4562+626-498+598-1628EfEfEdEdEd+628-506EdEfEf+600fEdEdEdEdEfI-496EdEdEdEdEfEdEdEfEfEfEfEfEdEfE-48466+4628-4516I-1630I","mapping_code":"7_65_14_1886421629","state":1},{"key":"STOP","name":"STOP","code":"+4622-4518+600-500+598-1628CfEfC-498EgEgEgEgEfEfEfCgEgEgEgEgEfEgEfEgEgEfEgEfEgEfEgEfEfEgEfE-48494+4626-4522C-1630C","mapping_code":"7_74_14_1886409389","state":1},{"key":"INFO","name":"INFO","code":"+4600-4532+600-498+598-1628EfEfEdEdEdEdEdEfEfEfEdEdEdEdEdEfEfEdEfEdEdEdEfEdEdEfEdEfE-1632+594fE-48444+4624-4512C-1630E","mapping_code":"7_22_14_1886414999","state":1},{"key":"EXIT","name":"EXIT","code":"+4600-4532+600-500+598-1628CfEfE-498EgEgEgEgEfEfEfEgEgEd+596gEfCfEgEfEfEgEfEgEgEgEfEgEgEfEgEfE-48442+4602-4566C-1650C","mapping_code":"7_91_14_1886444069","state":1},{"key":"PREVIOUS","name":"PREVIOUS","code":"+4652-4532+602-506+598-1628Ef+600fE-498EhEhEhEhEfEfEfEhEhEhEhEfEfEfEhEhEhEfEhEhEhEhEfEfGfEhEfE-48474+4628-4518G-1630G","mapping_code":"7_71_14_1886446109","state":1},{"key":"NEXT","name":"NEXT","code":"+4622-4520+600-498+598-1628EfCfEdC-496EdEdEdEfEfEfEdEdEdEdEdEdEdEfEdEdEfEdEfEfEfEdEfEfEdEfE-48468+4600-4530C-1630C","mapping_code":"7_72_14_1886393069","state":1},{"key":"RED","name":"RED","code":"+4600-4570+602-518+598-1628Ef+600fE-498EhEhEhEhEfEfEfEhEhEhEhEhEfGhEhEhEfEfEhEfEhEfEfEfEhEhEfE-48460+4622-4554G-1644E","mapping_code":"7_98_14_1886406329","state":1},{"key":"GREEN","name":"GREEN","code":"+4600-4526+600-500+598-1628EfEfC-498EgEgEgEgEfEfEfCgEgEgEgEfEfEgEgEgEfEfEgEgEg+602-1624EfEfEgEgEfE-48480+4622-4512C-1630E","mapping_code":"7_99_14_1886438969","state":1},{"key":"BLUE","name":"BLUE","code":"+4600-4532+600-500+598-1628CfEfE-498EgEgEgEgEfEfEfCgEgEgEgEfEgEfEgEgEfCfEgEgEfEgEfEfEgEgEfC-48476+4622-4512C-1630E","mapping_code":"7_101_14_1886430809","state":1},{"key":"YELLOW","name":"YELLOW","code":"+4622-4522+600-500+598-1628CfCfE-498EgEgEgEgEfCfEfEgEgEgEgEgEgEfEgEgEfEfCgEfEfEgEfCfEgEgEfE-48474+4626-4514CfC","mapping_code":"7_100_14_1886398169","state":1},{"key":"GUIDE","name":"GUIDE","code":"+4626-4580+624-494+598-1628Ef+600fE-498EhEhEhEhEfEfEfEhEhEhEhEhEhEhEhEhEfEfGhEfEfEfEfEfEhEhEfE-48448A-4518G-1630G","mapping_code":"7_96_14_1886390009","state":1},{"key":"PLAY","name":"PLAY","code":"+4622-4518+602-502+598-1628+600fEfG-498EhEhEhEhEfEfEfGhEhEhEhEfEhEhEfEhEhEfEhEhEfEfGhEfEfEhEfE-48490+4626-4520G-1630E","mapping_code":"7_73_14_1886425709","state":1}],"_id":"FnDFFNd1IOz5SwNF"}
