{"category":"TV","brand":"SKYWORTH","model":"817","type":1,"version":"1.0","create_date":1695118357590,"protocol":"SKYWORTH","map_code":[{"key":"0","name":"0","code":"+9166-4544+606-496+602dEdEdEdEdE-1626EdEdEdEfEfEdEfEdEdEfEdEdEdEfEdEdEdEdEfEfEfEdC-1622EfEfE-44718+9192-2292+604","mapping_code":"3_17_11328_36997239","state":1},{"key":"1","name":"1","code":"+9166-4534+604-498+602-496EfEfEfEfE-1626EfEfEfEgEgEfEgEfEfEfEfEgEfEfEfEfEfEgEgEfEgEgEgEgEgE-44680+9190-2236C","mapping_code":"3_4_11328_36970719","state":1},{"key":"2","name":"2","code":"+9170-4556+606-514+602-496EfEfEfEfE-1626EfEfEfEgEgEfEgEfEfEgEfEgEfEfEf+600fEfEfEgEfEgEgEgEgEgE-44688+9194-2252C","mapping_code":"3_5_11328_37003359","state":1},{"key":"3","name":"3","code":"+9194-4524+604-498+602-496EfEfEfEfE-1626EfEfEfEgEgEfEgEfEd+600fEgEgEfEfEfEfHdHgEfEfEgCgEgEgCgE-44722+9196-2228+606","mapping_code":"3_6_11328_36987039","state":1},{"key":"4","name":"4","code":"+9194-4546+606-506+602-496EfEfEfEfE-1626EfEfEfE-1630+598gEfEgEfEfEf+600-498JkEgEfEfEfEfEgEgEgEfEgEgEgEgE-44706+9196-2306+604","mapping_code":"3_8_11328_36966639","state":1},{"key":"5","name":"5","code":"+9166-4578+602-530C-496CeCeCeCeC-1626CeCeCeCfCfCeCfCeCeCfCeCeCfCeCeCeCeCeCfCfCeCfCfCfCfC-44708+9190-2228+604","mapping_code":"3_9_11328_36999279","state":1},{"key":"6","name":"6","code":"+9166-4526+604-498+602-496EfEfEfEf+600-1626EfEfEfEhEhEfGhEfEfEfEhEfEhEfGfEfEfEhEfEhEfEhEhEhEhE-44670+9168-2236C","mapping_code":"3_10_11328_36982959","state":1},{"key":"7","name":"7","code":"+9168-4552+606-508+602-496EfEfEfEfE-1626EfEfEfEgEgEfEgEfEfEfEfEgEgEfEfEfEfEgEgE-498+600hIgEgEgEgE-44714+9194-2292C","mapping_code":"3_12_11328_36974799","state":1},{"key":"8","name":"8","code":"+9166-4534+604-498+602-496EfEfEfEfE-1626EfEfEfEgEgEfEgEfE-500+598gEfEgEgEfEfEfEfEfEgEd+600fEgEgEg+606-1622E-44668+9190-2218C","mapping_code":"3_13_11328_37007439","state":1},{"key":"9","name":"9","code":"+9188-4526+604-498+602-496EfEfEfEfE-1626Ed+600fEfEgEgEfEgEfEfHfEgEgEgEfEfEfEfEgEfEfEfEgEgEgE-1628E-44710+9222-2292C","mapping_code":"3_14_11328_36991119","state":1},{"key":"POWER","name":"POWER","code":"+9166-4538+606-502+602-496EfEfEfEfE-1626Ef+600fEfEgEgEfEgEfEfHgEgEfH-498HfEfEfEfEfEfEgEgC-1624EgEgEgE-44676A-2274+604","mapping_code":"3_3_11328_37011519","state":1},{"key":"CHANNEL_UP","name":"CHANNEL UP","code":"+9188-4538+604-498+602-496EfEfEfEfE-1626EfEfEfE-1628+600gEfEgEfEfEgEgEdIgEfIdIgEfEfEfIgEfEgEgEfEgE-44702+9196-2228+606","mapping_code":"3_75_11328_37016109","state":1},{"key":"CHANNEL_DOWN","name":"CHANNEL DOWN","code":"+9166-4532+604-498+602-496EfEfEfEfE-1626EfEfEfEgEgEfEgEfEfEfEgEgEgEdEfEgEfEgEfEfEfEgEgEfEgE-44710+9222-2290C","mapping_code":"3_78_11328_36991629","state":1},{"key":"MENU","name":"MENU","code":"+9192-4592+632-510+602-496EfEfEfEfE-1626EfEfEfEgEgEfEgEfEfEgEfEfEgEgEfEgEfEfEgEgEfEfEgE-498+600gE-44690+9166-2280+606","mapping_code":"3_89_11328_37001829","state":1},{"key":"MUTE","name":"MUTE","code":"+9168-4542+604-498+602-496EfEfEfEfE-1626EfEfEfEgEgEfEgEfEfEfEfEfEfEf+600dHfEfEgEgEgEgEgEgEgEgE-44678+9190-2226C","mapping_code":"3_0_11328_36962559","state":1},{"key":"EXIT","name":"EXIT","code":"+9168-4530+606-498+602-496EfEfEf+600fE-1626EfEfEfEhEhEfEhEfEfEfEfEhEhEhEfEhEfEhEhEfEfGdEhEfEhE-44750+9194-2228+604","mapping_code":"3_92_11328_36977349","state":1},{"key":"LAST","name":"LAST","code":"+9164-4542+606-496+602dEdEdEdEdE-1626EdEdEdEfEfEdEfEdEdEdEfEfEfEfEdEdEdEfEdEdEdEdEfEfEfE-44712+9220-2276+604","mapping_code":"3_30_11328_36993159","state":1},{"key":"VOLUME_UP","name":"VOLUME UP","code":"+9164-4530+602-500+598dE-498+600fGfEdE-1630GdEfGfGhEhEfGhEdEdEhEdEhC-1626EdEdEhGfEdEh+650fEdEhEhGdEhE-44716+9190-2236G","mapping_code":"3_77_11328_37007949","state":1},{"key":"VOLUME_DOWN","name":"VOLUME DOWN","code":"+9164-4536+600-500+598dEdEdEdE-498C-1630EdE-552EdEgEgEdEgEdEdEdEdEgCgEdEdEgEdEgCgEdEdEgCgEdEgC-44710+9188-2236+602","mapping_code":"3_76_11328_36975309","state":1},{"key":"INFO","name":"INFO","code":"+4606-4542+602-500+598-1632+600-498EfGdEdEhGhGhEfGdEfEdEdEdEdEdEdEdEdEhGhGhEdEfGfEfEfEfGfEfGfE","mapping_code":"7_0_10_1347420415","state":1}],"_id":"Xswea1YdxO8GVG75"}
