{"category":"TV","brand":"COOCAA","model":"2771","type":1,"version":"1.0","create_date":1695030598586,"protocol":"COOCAA","map_code":[{"key":"0","name":"0","code":"+4608-4516+608-492+606-1620EfEfE-490EdEgEdEgEfEfEfEgEd+604dEgEdEgEdEdEgEgEdEgEfEfEfE-1622EfEfEfEfH-48428+4634-4496CfE","mapping_code":"7_0_14_1886388479","state":1},{"key":"1","name":"1","code":"+4604-4628+632-502+608-1626+606-1620GhG-490GiG-492GiGj+604hGhG-1622GiGjKjGjGhKjGjGiGjGiGjGiKjKhKl+602-1624Kl+582-1644Gh+584-1642G-48438+4660-4646E-1628G","mapping_code":"7_1_14_1886421119","state":1},{"key":"2","name":"2","code":"+4608-4520+608-492+606-1620EfEfE-490EdEgEdEgEfEfEfEdEgEdEgEd+604fEd+582-514HdEd+598-498EdEf+602-494Ef+600-1626Ef+584-1644EfH-1622H-48406A-4494CsE","mapping_code":"7_2_14_1886404799","state":1},{"key":"3","name":"3","code":"+4600-4532+610-496+606-1620EfEfE-492E-490EhEhEhEfEfEfEgEhEgEhEfEfEgEhEgEhEg+604gEgEhEf+602-1624JkEfEfI-1622E-48402+4634-4500+608lE","mapping_code":"7_3_14_1886437439","state":1},{"key":"4","name":"4","code":"+4606-4524+606-492C-1620CeCeCdC-490CdCfCdCeCeCeCfCdCfCdC-494+602d+604-1622IdIgIdCdCfCeH-1624CdIjCe+584-1642L-1644+582mC-48428+4634-4496+608jC","mapping_code":"7_4_14_1886396639","state":1},{"key":"5","name":"5","code":"+4604-4520+610-492+606-1620EfEfEdE-490EdEgEdEfEfEfEd+604dHdEdEfEdEf+602-494EdEgEdEgEdH-1622+584-514EfEfEfEf+598-1628E-48378+4584-4538EfE","mapping_code":"7_5_14_1886429279","state":1},{"key":"6","name":"6","code":"+4594-4522+608-494+606-1620EfEfE-490EgEgE-492EgEfEfEfEhEh+604hEhEgEfEfEgIhEhIhEh+596-1630IhEhI-1622IlIl+582-1644+584-1642O-48460+4634-4500ClE","mapping_code":"7_6_14_1886412959","state":1},{"key":"7","name":"7","code":"+4600-4552+610-502+608-1622+606-1620GhG-490G-492GiGiGiGhGhGhGjGiGiGiGhGfGhGjGjGiGj+604jKj+590-506KjGhKfGh+582-1644Kf+584-48392+4608-4512GhG","mapping_code":"7_7_14_1886445599","state":1},{"key":"8","name":"8","code":"+4596-4520+610-514+608-1630+606-1620GhG-492G-490GiGjGiGhGhGhGjGiGiGjGiGjGi+604hGiGiGjGiK-1622GhGh+582dGh+584-1644KlMoM-48442+4634-4516ElG","mapping_code":"7_8_14_1886392559","state":1},{"key":"9","name":"9","code":"+4606-4530+608-492+606-1620EfEfE-490EdEgEdEgEfEfEfEd+604dEdEgEfH-494EdEfEdEdEgEd+602iEfEfHiH-1622EfHkEfH-48408+4636-4512CkE","mapping_code":"7_9_14_1886425199","state":1},{"key":"POWER","name":"POWER","code":"+4628-4538+608-504+606-1620EfEfE-492E-490EgEhEgEfEfEfEg+604gEhEgEhEhEfEfEgEhEgIgEfEfEgIgEfI-1622EfIj+584-48424+4608-4500EfE","mapping_code":"7_12_14_1886400719","state":1},{"key":"MENU","name":"MENU","code":"+4634-4564+636-492+606-1620EfEfE-490EdEgEdEgEfEfEfEgEdEgEdEf+604dEgHdEfHdEdHd+582-514H-1622HkHkEgHkEfEf+584-48380+4606-4490EfE","mapping_code":"7_17_14_1886423159","state":1},{"key":"UP","name":"UP","code":"+4608-4518+610-492+606-1620EfEfE-490EdEgEdEgEfEfEfEdEgEdEgEd+604fEd+582-514EgEgEfIjEf+584jEfEfH-1622HlEdEfE-48434+4634-4506+608-1626E","mapping_code":"7_66_14_1886405309","state":1},{"key":"DOWN","name":"DOWN","code":"+4596-4520+608-494+606-1620EfEfE-492E-490EgEhEgEfEfEfEhEhEhEgEfEfEgEhEhEgEfEgEhEg+604fEfEfEfIgEfE-48410+4632-4498C-1622E","mapping_code":"7_67_14_1886437949","state":1},{"key":"LEFT","name":"LEFT","code":"+4606-4526+608-492+606-1620EfEfEdE-490C-488EgEd+604-1622EfEfEgEdEdEgEgEdEfEdEgEdIfEg+582-1644IjEdEfEfIjIdEfK-48496+4634-4508CfE","mapping_code":"7_68_14_1886397149","state":1},{"key":"RIGHT","name":"RIGHT","code":"+4608-4516+610-492+606-1620EfEfE-490EgEgEgEdEfEfEfEdEg+604-494EgEfEgEfEdHdEdEfEgEdEf+582-514+584-1642LmEfLkJ-1644L-48456+4634-4500+608-1622E","mapping_code":"7_69_14_1886429789","state":1},{"key":"ENTER","name":"ENTER","code":"+4608-4514+610-492+606-1620EfEfEdE-490EdEgEdEfEfEfEdEgEgEdEg+604-1622EfEgEdEgHiEdHf+584-512EdHfJ-1642H-1624EgHiJ-48448+4634-4500EfE","mapping_code":"7_70_14_1886413469","state":1},{"key":"VOLUME_UP","name":"VOLUME UP","code":"+4608-4520+606-492C-1620CeCeCdC-490CdCfCdCeCeCeCd+604dCdCfCdCfCeCdCeCdCdGdCeG-1622GdCeCf+584-1642CeCeC-48452+4634-4492+608hC","mapping_code":"7_20_14_1886398679","state":1},{"key":"VOLUME_DOWN","name":"VOLUME DOWN","code":"+4608-4516+608-492+606-1620EfEfC-488E-490EdEhEdEfEfEfEhEhEhEdEfEdEfEhEfEdEhEdEhEf+604dI-1622EhEfEfIjE-48386+4606-4496EfE","mapping_code":"7_21_14_1886431319","state":1},{"key":"CHANNEL_UP","name":"CHANNEL UP","code":"+4608-4514+608-494+606-1620EfEfE-492E-490EhEhEhEfEfEfEhEgEhEhEhEfEgEhEfEg+604gEgEfEhEfEfEgEfEfEfE-48428+4634-4508C-1622E","mapping_code":"7_18_14_1886406839","state":1},{"key":"CHANNEL_DOWN","name":"CHANNEL DOWN","code":"+4604-4524+606-490C-1620CeCeCdCdCdCdC-492CeCeCeCfCd+604fCdCeCeCfGf+598-1628+584-514GfG-494Cf+602lHiM-1624CfGeG-1622J-1644+582-48466+4634-4496+608oC","mapping_code":"7_19_14_1886439479","state":1},{"key":"MUTE","name":"MUTE","code":"+4596-4520+608-492+606-1620E-1622+604fE-490EdEiEdEiEfEfEfEiEdEiEiEfEdEfEfEdEiEdEdHdHgHdHdEfEfEfHgE-48386+4608-4492EfE","mapping_code":"7_13_14_1886433359","state":1},{"key":"EXIT","name":"EXIT","code":"+4604-4530+608-494+606-1620EfEfE-490E-492EgEhEgEfEfEfEgEh+604hEgEf+584-1642IhEfEfEh+582-1644L-514EhEgJkEhEh+602-1624IhEfO-48418+4634-4508C-1622E","mapping_code":"7_91_14_1886444069","state":1},{"key":"LAST","name":"LAST","code":"+4594-4522+610-492+606-1620EfEfEdE-490EgEgEg+604fEfEfEdEgHdHdEf+602-1624EdEfEdEdEgEdHdHdEfEgEfIjEfH-1622I-48440+4634-4502EfE","mapping_code":"7_11_14_1886441519","state":1},{"key":"DISPLAY","name":"DISPLAY","code":"+4604-4566+610-504+606-1620EfEfE-490E-492EgEhEgEfEfEfEgEhEgEgEfEfEfEfEgEh+604hEhEgEhEgEgEfEf+584-1642Ef+602-48362+4608-4508EfE","mapping_code":"7_15_14_1886449679","state":1}],"_id":"9oS24dbUb1xgDc3k"}
