{"category":"TV","brand":"COOCAA","model":"4586","type":1,"version":"1.0","create_date":1695029999016,"protocol":"COOCAA","map_code":[{"key":"POWER","name":"POWER","code":"+4572-4492+606-490+602-1610EfEf+604-488EhEhEdEhEfEfEfEhEhEhEhEhEhEfEfEhEhEhEhEfEfGhEhEfEfEfGfE-48120+4574-4478EfE","mapping_code":"7_12_14_1886400719","state":1},{"key":"MUTE","name":"MUTE","code":"+4572-4494+602-488C-1610+604eCeCdCdCdCdCdCeCeCeCdCdCdCdCeCdCeCeCdCdCdCdCdCeCdCdCeCeCeCeC-48108+4602-4466FeC","mapping_code":"7_13_14_1886433359","state":1},{"key":"INPUT","name":"INPUT","code":"+4596-4468+606-490+602-1610EfEfE-488EgEgEgEgEfEfEfEgEgEgEgEfEfEfEfEgEgEgEgEgEgEgEgEf+604-1608EfEfE-48110+4602-4472HfE","mapping_code":"7_15_14_1886449679","state":1},{"key":"INFO","name":"INFO","code":"+4628-4502+604-492+602-1610EfEfE-488EgEgEgEgEfEfEfEgEgEgEgEgEgEfEgEgEfCfEgEfEfCgEfEfEgEgEfE-48054+4574-4486EfE","mapping_code":"7_100_14_1886398169","state":1},{"key":"LAST","name":"LAST","code":"+4572-4492+604-490+602-1610EfEfE-488EgEgEgEgEfEfEfEgEg+632dEgEfEfEgEfEgEgEgEgEgEdEf+600dEfEfEf+598-1614E-48124+4604-4470CfE","mapping_code":"7_11_14_1886441519","state":1},{"key":"DISPLAY","name":"DISPLAY","code":"+4588-4514+604-496+602-1610EfEfE-488EgEgEgEgEfEfCfEgEgEgEgEgEfEfCgEfEgEgEgEfEgEgEfEgEfEfEfE-48074+4598-4474EfE","mapping_code":"7_22_14_1886414999","state":1},{"key":"RED","name":"RED","code":"+4596-4520+604-502+602-1610EfEfE-488EgEgEgEgEfEfEfEgEgEgEgEgEfEgEgEgEfEfCgEfEgEfEfEfEgEgEfE-48040+4576-4460EfE","mapping_code":"7_98_14_1886406329","state":1},{"key":"GREEN","name":"GREEN","code":"+4574-4492+606-490+602-1610EfEfE-488EgEgEgEgEfEfEfEgEgEgEgEfEfEgEgEgEf+604-1608HgEgEgEfEfEfHgEgEfE-48114+4576-4490C-1616E","mapping_code":"7_99_14_1886438969","state":1},{"key":"BLUE","name":"BLUE","code":"+4572-4536+604-502+602-1610EfEfE-488EgEgEgEgEfEfEfEgEgEgEgEfEgEfEgEgEfEfEgEgEfEgE-1608CfEgEgEfE-48074+4576-4466EfE","mapping_code":"7_101_14_1886430809","state":1},{"key":"GUIDE","name":"GUIDE","code":"+4596-4538+606-498+602-1610EfEfE-488EgEgEgEgEfEfEfEgEgEgEgEgEgEgEgEgEfEfEgEfEfE-1612+600fEfEgEgEfE-48054+4576-4490EfE","mapping_code":"7_96_14_1886390009","state":1},{"key":"0","name":"0","code":"+4596-4468+606-490+602-1610EfEfE-488EgEgEgEgEfEfEfEgEgEgEgEgEgEgEgEgC-484EgEgEfEfEfEfEfEfEfEf+600-48130+4600bC-1612C","mapping_code":"7_0_14_1886388479","state":1},{"key":"1","name":"1","code":"+4594-4472+604-490+602-1610EfEfC-488EgEgEgEgEfEfEfEgEgEgEgEfEgEgEgEgEgEgEgEgEfEfEfEfEfEfEfE-48118+4602-4466C-1612E","mapping_code":"7_1_14_1886421119","state":1},{"key":"2","name":"2","code":"+4572-4534+604-502+602-1610EfEfE-488EgEgEgEgEfEfCfEgEgEgEgEgEfEgEgEgEgEgEgEfEgEfEfEfEfEfEfE-48056+4600-4480CfE","mapping_code":"7_2_14_1886404799","state":1},{"key":"3","name":"3","code":"+4564-4494+604-490+602-1610CfEfE-488EgEgEgEgEfEfEfCgEgEgEgEfEfEgEgEgEgEgEgEgEgEfEfEfEfEfEfE-48092+4600-4472C-1612E","mapping_code":"7_3_14_1886437439","state":1},{"key":"4","name":"4","code":"+4574-4546+606-498+602-1610EfEfE-488EgEgEgEgEfEfEfEgEgEgEgEgEgEfEgEgEgEgEgEfEfEgEfEfEfEfEfE-48050+4572-4498EfE","mapping_code":"7_4_14_1886396639","state":1},{"key":"5","name":"5","code":"+4596-4512+604-500+602-1610EfEfC-488EgEgEgEgEfEfEfEgEgEgEgEfEgEfEgEgEgEgEgEgEfEgEfEfEfEfEfE-48056+4574-4556C-1624E","mapping_code":"7_5_14_1886429279","state":1},{"key":"6","name":"6","code":"+4572-4490+606-490+602-1608+604-1610EhE-488EiEiEiEiEhEhGhEiEiEiEiEiEhEhEiEiEiEiEiEhEiEiEhEhEhEhEhE-48072+4576-4466EhE","mapping_code":"7_6_14_1886412959","state":1},{"key":"7","name":"7","code":"+4564-4548+606-498+602-1610EfEfE-488EgEgEgEgEfEfEfEgEgEgEgEfEfEfEgEgEgEgEgEgEgEgEfEfEfEfEfE-48048+4576-4470EfE","mapping_code":"7_7_14_1886445599","state":1},{"key":"8","name":"8","code":"+4596-4524+606-506+602-1610EfEfE-488EgEgEgEgEfEfEfEgEgEg+604gEgE-490+600gEfEgC-486EgEgEfEfEfEgEfEfEfEfE-48048+4576-4470EfE","mapping_code":"7_8_14_1886392559","state":1},{"key":"9","name":"9","code":"+4596-4472+602-488C-1610CeCeCdCdCdCd+628dCe+604eCeCdCdCdCdCeCdCdCeCdCdCdCdCdC-1614+598eCdCeCeCeCeG-48122+4602-4478CeC","mapping_code":"7_9_14_1886425199","state":1},{"key":"MENU","name":"MENU","code":"+4572-4490+606-490+602-1610EfEfE-488EgEgEgEgEfEfEfEgEgEgEgEfEgEgEgEfEgEgEgEgEfEfEfEgEf+604fEfE-48102+4574-4480EfE","mapping_code":"7_17_14_1886423159","state":1},{"key":"UP","name":"UP","code":"+4588-4516+604-502+602-1610EfEfE-488EgEgEgEgEfE-1608CfEgEgE-490EgEgEfEgEgEgEgEfEgEfEgEfChEfEfEgEfE-48052+4576-4490EfE","mapping_code":"7_66_14_1886405309","state":1},{"key":"DOWN","name":"DOWN","code":"+4572-4556+604-502+602-1610EfEfE-488EgEgEgEgEfEfEfEgEgEgEgEfEfEgEgEgEgEfEgEgEgEfEfEfEfEgEfE-48056+4598-4478EfE","mapping_code":"7_67_14_1886437949","state":1},{"key":"LEFT","name":"LEFT","code":"+4624-4494+606-490+602-1608E-1610EgE-488EhEhEhEhEgEg+604fIhEhEhEhEhEhEgEhEhEhEgEhEgEgEhEgIgEgEhEgE-48048+4576-4490EgE","mapping_code":"7_68_14_1886397149","state":1},{"key":"RIGHT","name":"RIGHT","code":"+4596-4472+604-490+602-1610CfEfE-488EgEgEgEgEfEfEfCgEgEgEgEfEgEfEgEgEgEfEgEgEfEgEfEfEfEdEfE-48128+4600-4466C-1612E","mapping_code":"7_69_14_1886429789","state":1},{"key":"ENTER","name":"ENTER","code":"+4600-4494+604-490+602-1610EfEfC-488EgEgEgEgEfEfEfEgEgEgEgEgEfEfEgEgEgEfEgEfEgEgEfEfEfCgEfE-48048+4576-4502C-1612E","mapping_code":"7_70_14_1886413469","state":1},{"key":"VOLUME_UP","name":"VOLUME UP","code":"+4560-4494+604-490+602-1610EfEfE-488EgEgEgEgEfCfEfEgEgEgEgEgEgEfEgEfEgEgEgEfEfCgEfEgEfEfEfE-48122+4574-4610C-1634+606","mapping_code":"7_20_14_1886398679","state":1},{"key":"VOLUME_DOWN","name":"VOLUME DOWN","code":"+4572-4494+602-488C-1610CeCeCdCdCdCdCdCeCeCeCdCdCdCdCeCdCeCdCeCdCdCdCdCeCdCeCdCeCeCeC-48112+4600-4472Ce+604","mapping_code":"7_21_14_1886431319","state":1},{"key":"CHANNEL_UP","name":"CHANNEL UP","code":"+4584-4470+604-490+602-1610EfEfE-488EgEgEgEgEfC-1608CfEgEgEgEgEgEfEgEgEfEgEgEgEfEgEhCfEgEf+608-1604ChC-48110+4602-4466C-1612E","mapping_code":"7_18_14_1886406839","state":1},{"key":"CHANNEL_DOWN","name":"CHANNEL DOWN","code":"+4594-4526+606-498+602-1610EfEfE-488EgEgEgEgEfEfEfEgEgEgEgEfEfEgEgEfEgEgEgEgEgEfEfEgEfEf+604-1608E-48048+4598-4474EfH","mapping_code":"7_19_14_1886439479","state":1}],"_id":"VGuMVY7XmxoSkjIU"}
