{"category":"TV","brand":"JVC","model":"12037","type":1,"version":"1.0","create_date":1695280320498,"protocol":"JVC","map_code":[{"key":"0","name":"0","code":"+9186-4520+600-500C-498+598dFdFdF-1632CeCgFgCgFgCgFgCeFgFdFdFdFgFdFdFdFgCeCgFgCeFgFgC-1630CdFgF-41712+9190-2234+602","mapping_code":"3_68_160_100279005","state":1},{"key":"1","name":"1","code":"+9184-4526+600-500+598dEdEdEdE-1632EdEfCfEfCfEfCfC-498EfCdEfEfCdEgCfEdEfCgCgEdEfCfEdEfCgCfE-41704+9290-2304+602","mapping_code":"3_83_160_100321845","state":1},{"key":"2","name":"2","code":"+9186-4528+602-500+598dEdEdEdE-1632EdEf+600fEfGfEfGfEdEfG-498GhEdEdEdEfGdEfEdEfGfEfGfEdEfGhGfE-41696+9192-2240G","mapping_code":"3_80_160_100272885","state":1},{"key":"3","name":"3","code":"+9186-4526+600-500+598dEdEdEdE-1632EdEfCfEfCfEfCfEdEfCdE-498CfEdEdEfEdEdEdEfCgEfCfCgEfCfC-1630C-41736+9190-2244C","mapping_code":"3_18_160_100288695","state":1},{"key":"4","name":"4","code":"+9186-4520+602-500+598dEdE-498+600fG-1632EdEhGhEhGhEhGhEdEhGfGhEhGhEhGfEdEhGdEfGfGfGfEhGhEdEhG-41698+9188-2230G","mapping_code":"3_79_160_100332045","state":1},{"key":"5","name":"5","code":"+9186-4534+602-508+600-498EfEfEf+598-1632E-500GhGhEhGhEhGhEiGhGiGiGiGhGhEiGiGhGiGhEhGiGiGhE-1630EiGhG-41678+9188-2224C","mapping_code":"3_76_160_100283085","state":1},{"key":"6","name":"6","code":"+9190-4548+602-500+598dEdEdE-498+600-1632EdEhGhEhGhEhGhEdEhGfEdEhGhG-1630GdEfGfEdEhEdEdEdEhEhGhEhG-41700+9188-2240G","mapping_code":"3_14_160_100298895","state":1},{"key":"7","name":"7","code":"+9186-4520+600-500+598dEdEdEdE-1632C-498EfCfC-1630CfCfEfCgEfCdEfEfCdEfEdEdEfCgCgEdEfCdEfCfEdEfE-41700+9188-2230C","mapping_code":"3_75_160_100323885","state":1},{"key":"8","name":"8","code":"+9186-4530+600-502+598-500C-498CgEfE-1632CgChEhChEhChEhCfEhEfEfEfEfEhCgEfEhCd+596hEhChEfEhChEfEhE-41706+9190-2238C","mapping_code":"3_72_160_100274925","state":1},{"key":"9","name":"9","code":"+9186-4524+602-500+598dE-498+600fG-504+594-1630GdE-1632GjGkGkEkGjGdEkGfEdEkGdEkEdEdEdEdEkEdEkGdEkEkGkEkG-41700+9192-2248C","mapping_code":"3_10_160_100290735","state":1},{"key":"POWER","name":"POWER","code":"+9190-4524+600-500C-498Ce+598dFdF-1632CeCgFgCgFgCgFgCeCgFdFdFdFgFgCgFdF-550FdFgCgFdFdFdFgCgFgC-41696+9186-2222C","mapping_code":"3_28_160_100284615","state":1},{"key":"MENU","name":"MENU","code":"+9188-4526+600-500C-498Ce+598dFdF-1632CeCgFgCgC-1630CgFgCdFgFdFdFgCeFgCgFdFgCdFgFdFgCeCeFgFdFgC-41748+9214-2234+602","mapping_code":"3_90_160_100293285","state":1},{"key":"VOLUME_UP","name":"VOLUME UP","code":"+9216-4608+628-504+598-500EfEfEfE-1632+600-498EgHgEgHgHgEgHiH-1630HfEfEfEiHiEfEfEgHfEgEgHgEgHgEgHiHgE-41680+9188-2238+602","mapping_code":"3_64_160_100270845","state":1},{"key":"VOLUME_DOWN","name":"VOLUME DOWN","code":"+9188-4530+602-500+598dEdEdE-498+600-1632EdEhGhEhGhEhGhEdEhGfEhEdEhGhEhGfGhEdEdEhEdEdEdEhGfGhE-41698A-2226G","mapping_code":"3_93_160_100317765","state":1},{"key":"CHANNEL_UP","name":"CHANNEL UP","code":"+9190-4596+602-516+598-500EfE-498+600gE-1632EfEiHiEiHiEiHiEfEiHgEiHiEfEfEfEfEfEfEfEfE-1634+596iHiEiHiEiH-41682+9188-2284H","mapping_code":"3_3_160_100319295","state":1},{"key":"CHANNEL_DOWN","name":"CHANNEL DOWN","code":"+9190-4608+600-504C-498+598-500FgFgF-1632CeFhChC-1630ChChFhFgCiCgFhFhChChFhCeFgFgFgFgFgFgFgFhFhChF-41686+9188-2236C","mapping_code":"3_31_160_100333575","state":1},{"key":"MUTE","name":"MUTE","code":"+9190-4542+600-502+598-498CfCfCfE-1632C-500EgEgCgEgCgEgChEgEhEgCgEgCgEgChEgEhEhEhEhEhEhEgEhEgC-41678+9164-2248+602","mapping_code":"3_95_160_100334085","state":1},{"key":"INPUT","name":"INPUT","code":"+9188-4530+602-504+598-500EfEfEfE-1632EfEg+600gEgHgEgHgEfEgH-498HiEgEfEgH-1630HfEfEiHgEfEgHiEfEgHgEgH-41692A-2238H","mapping_code":"3_26_160_100292775","state":1},{"key":"REWIND","name":"REWIND","code":"+9188-4560+600-506+598-500EfEfEfE-1632C-498EgCgEgCgEgCgEfEgCfEgEfEgChEfEfEgCfEfEgEfEgCgEgEfEgC-41674A-2232+602","mapping_code":"3_69_160_100311645","state":1},{"key":"PLAY","name":"PLAY","code":"+9214-4546+600-500C-498Ce+598dFdF-1632CeCgFgCgFgCgFgCeC-1630CdFgFdFdFgCdFeCeFdFdFgCgFdChCgFgCgF-41748+9190-2250+602","mapping_code":"3_9_160_100307055","state":1},{"key":"FAST_FORWARD","name":"FAST FORWARD","code":"+9190-4548+602-502+600-498EfEf+598-500G-1632EfEiGiEiGiEiE-1630EhGiGhG-504+594hGiEfEfGhGhGhGiGiGhGiEiGiEiGiE-41734A-2264E","mapping_code":"3_4_160_100278495","state":1},{"key":"STOP","name":"STOP","code":"+9184-4520+602-500+598dE-550EdEdE-1632+600-498EgEgHgEgH-1630HgEdEgHdEgEdEgHgEdEdEdEdEdEgEdEdEgEgEgHjH-41704+9190-2228C","mapping_code":"3_13_160_100315215","state":1},{"key":"INFO","name":"INFO","code":"+9212-4586+600-500+598dEdEdEdE-1632C-498EfCfEfCfC-1630CfEdEfCdEdEdEdEfCfCgEdEdEfCfEfCgCgEfEfCfE-41706+9188-2230C","mapping_code":"3_24_160_100276455","state":1},{"key":"SLEEP","name":"SLEEP","code":"+9190-4538+600-502+598-498CfCfCfE-1632E-500EgEgCgEgCgEgChEgEhEhEgEgEgCgEhEgCfCgEhEhEhEhEgEhEgC-41696A-2246+602","mapping_code":"3_94_160_100301445","state":1},{"key":"EXIT","name":"EXIT","code":"+9186-4524+600-502+598-500E-498CgCgC-1630CfE-1632EiCiChCiCiEfEiCgEfEfEfEfEiCgEfEfEiCiEiCiEfEiCiEiC-41696+9188-2224+602","mapping_code":"3_16_160_100272375","state":1},{"key":"LAST","name":"LAST","code":"+9186-4522+602-500+598dEdEdE-498+600-1632EdEhGhEhGhEhGhEdEhGfGhEhGfGfEhEdEdEdEfGfEhEhEdEhGhEhG-41726+9190-2244G","mapping_code":"3_19_160_100321335","state":1},{"key":"RECORD","name":"RECORD","code":"+9186-4534+600-502+598-498CfCfCfE-1632C-500EgEgCgEgCgEgChEgEhEhEgCfEhEhEhEhEhEgCfEgCgEgCgEgEgE-41756+9190-2244C","mapping_code":"3_2_160_100286655","state":1},{"key":"PAUSE","name":"PAUSE","code":"+9186-4524+600-500C-498+598-504+594dFdF-1632CeCiFiCiFiCiCiFdFiFdFdFdFdFiCeCeFdFdFiCiFiCdFiFiCiFiC-41706+9188-2228C","mapping_code":"3_8_160_100274415","state":1},{"key":"PREVIOUS","name":"PREVIOUS","code":"+9186-4520+600-502+598-498CfCfE-500E-1632CgEhEhChEhCh+602-1628CgEhEgEhCfChEgEgEgEgEgEfEhEgEhEhChEhChE-41706+9190-2228C","mapping_code":"3_5_160_100311135","state":1},{"key":"NEXT","name":"NEXT","code":"+9212-4692+602-500+598dEdEdE-498+600-1632EdEhGhEhGhEhGhEdEhGfGfGhEhGfGfE-502+596hGdEhEdEdEhGhEhGfEhG-41684+9190-2278C","mapping_code":"3_70_160_100295325","state":1},{"key":"RED","name":"RED","code":"+9186-4526+600-500C-498+598dFdFdF-1632CeCgFgCgFgCgFgCdFgFdFdFgCeCeFdF-502+596gCdFgFdFgCgFgCgFdFgC-41678+9214-2240+602","mapping_code":"3_66_160_100287165","state":1},{"key":"GREEN","name":"GREEN","code":"+9186-4524+600-502+598-500E-498CgCgE-1632CfEhEhChC-1630ChEhCfEhEfEhCgCgEfEfEfEhCgCgChEhChEhChEfEhC-41700+9188-2230+602","mapping_code":"3_65_160_100303485","state":1},{"key":"BLUE","name":"BLUE","code":"+9186-4544+602-500+598dEdEdEdE-1632EdEf+600fEfGfEfGfEdEfG-498EdEdEdEdEdEdEdEdEfEfGfEfGfEfEfGfE-41674+9190-2246G","mapping_code":"3_0_160_100270335","state":1},{"key":"YELLOW","name":"YELLOW","code":"+9190-4544+600-500C-498+598dFdFdF-1632CeFgFgCgFgCgFgCeCgFdFgFdFdFdFdFdFdFdFdFgFgCgFgCgFgCgF-41752+9214-2240C","mapping_code":"3_1_160_100302975","state":1},{"key":"GUIDE","name":"GUIDE","code":"+9186-4570+602-514+598-500EfEfEfE-1632EfEg+600gEgHgEgHgEfEgH-498EgEgHgEfEgEfEgHfEfEiHiHgEfEgEfEgH-41696+9214-2252H","mapping_code":"3_87_160_100330005","state":1},{"key":"AUDIO_MODE","name":"AUDIO MODE","code":"+9186-4520+600-500C-498+598dFdFdF-1632CeCgFgCgFgCgFgCeCgFdFdFdFdFgFgCdFgFdFgCgFgCdFeCgFdFgC-41704+9190-2234C","mapping_code":"3_88_160_100276965","state":1}],"_id":"P1ompaBGUubjbmIl"}
