{"category":"TV","brand":"JVC","model":"12402","type":1,"version":"1.0","create_date":1695281149831,"protocol":"JVC","map_code":[{"key":"0","name":"0","code":"+9188-4528+602-500+598dEdE-498+600fGfG-1630GfE-1632GhGhGhGhGiGfEiGfGfGfGfGfEdEdEdEiGhGiGhGiGiEiGhG-40482+9186-2222C","mapping_code":"3_0_64_50135295","state":1},{"key":"1","name":"1","code":"+9186-4524+602-500+600-498EfEfEfEfE-1630EfE-1632EgEhEgEhEgEfEgEhEfEfEfEf+598dIdIdIdIhEgEhEgEhEgEhE-40482+9188-2226C","mapping_code":"3_1_64_50167935","state":1},{"key":"2","name":"2","code":"+9186-4524+602-500+598dEdE-498+600fGfG-1630GfE-1632GhGiGhGiGhGdEiGfGhGdEfGfGfGfGfEiGdEiEiGiGhGiGhG-40492A-2232C","mapping_code":"3_2_64_50151615","state":1},{"key":"3","name":"3","code":"+9188-4522+602-500+600-498Ef+598dGdGdG-1632EfE-1630EhEiEhEiEhEfEiEhEiEfEfEfEfEfGdGdGdGhEiEhEiEhEiE-40490A-2230C","mapping_code":"3_3_64_50184255","state":1},{"key":"4","name":"4","code":"+9186-4518+600-500C-498CeCeCeCeC-1630CeC-1632CfCgCfCgCfCd+598gCeCeHgCeCeCeCeCeHgCgHdHgCfCgCfCgC-40484+9190-2228+602","mapping_code":"3_4_64_50143455","state":1},{"key":"5","name":"5","code":"+9190-4554+600-500C-498CeCeCe+598dF-1632CeC-1630CgChChChCgCeChCgCeChCdFeCeCeCeCeFgCeCgChCgChCgC-40492A-2228+602","mapping_code":"3_5_64_50176095","state":1},{"key":"6","name":"6","code":"+9186-4524+602-500+598dEdE-498+600fGfG-1630GfE-1632GhGhGiGhGiGfGhGfGiEiGfGfGfGfGfGhGfGfGhGiGhGiGiE-40486+9192-2234C","mapping_code":"3_6_64_50159775","state":1},{"key":"7","name":"7","code":"+9216-4528+602-500+600-498Ef+598dGfEfE-1632EfGhEhGhEhE-1630EhEfGhEhGhEiEdGdGdGdGfEfEfEfEiEhEiEhEiE-40490+9188-2232E","mapping_code":"3_7_64_50192415","state":1},{"key":"8","name":"8","code":"+9216-4586+602-500+598-498+600fGfGfGfG-1630GdE-1632GhGiGhGiGhGdEiGfGfGfGhGfGfGfGfGhGiGhGdEiGhGiGhG-40486+9192-2242C","mapping_code":"3_8_64_50139375","state":1},{"key":"9","name":"9","code":"+9186-4518+600-500C-498CeCeCeCe+598-1632CeC-1630CgCgChCgCh+604-494CgFgCeCeChCdFdFdFeCeChCgCeChCgChCgC-40486+9190-2236+602","mapping_code":"3_9_64_50172015","state":1},{"key":"POWER","name":"POWER","code":"+9188-4534+602-500+600-498EfEfEfEfE-1630EfEgEgE-1632EgEhEgEfEh+598dIhEfEfEgEdIdIfEhIdIhEhIdIhEgEhE-40496+9190-2234E","mapping_code":"3_18_64_50153655","state":1},{"key":"MENU","name":"MENU","code":"+9214-4540+602-506+598-500E-498+600gC-496HgH-1630HgE-1632HjHkHjHkHkEfEkHjHkHgEkHkHgEkHgHgHgEkHfEfEkHgEkH-40484+9188-2230C","mapping_code":"3_91_64_50190885","state":1},{"key":"VOLUME_UP","name":"VOLUME UP","code":"+9186-4524+602-500+600-498+598dGdGdGfE-1632EfGhEhGhEhE-1630EhEfGhEfEhGdGhEiEdGdGfEiEfGhEfEfEiEhEiE-40482+9190-2266C","mapping_code":"3_26_64_50157735","state":1},{"key":"VOLUME_DOWN","name":"VOLUME DOWN","code":"+9186-4518+602-500+600-498+598dGdGfEfE-1632GdGhEhE-1630EhGhEiEfGhEfEiEhEiEhEfEfEfGhEfEfEfEfEiEhEiE-40480+9188-2234E","mapping_code":"3_30_64_50165895","state":1},{"key":"CHANNEL_UP","name":"CHANNEL UP","code":"+9190-4556+602-500+600-498+598dGdGdGfE-1632GdE-1630EhGhEiEhEiEfGhEiEhEfEiEhEfEfGdGdGdGhEfEfEiEhE-1634+596-40510+9218-2268C","mapping_code":"3_27_64_50190375","state":1},{"key":"CHANNEL_DOWN","name":"CHANNEL DOWN","code":"+9186-4524+600-500C-498CeCeCeCe+598-1632CeC-1630CgChCgChCgCeChCgChCgChCgCeCeFdFdFdFdFeCeCgFgCgF-40480+9192-2230C","mapping_code":"3_31_64_50198535","state":1},{"key":"MUTE","name":"MUTE","code":"+9186-4534+600-500C-498CeCeCeCeC-1630CeCfC-1632CgCfCgCfCeCfCe+598dHdHdHgCeHdHdHgCgCfCgCeCfCfCgC-40498+9190-2228+602","mapping_code":"3_16_64_50137335","state":1},{"key":"INPUT","name":"INPUT","code":"+9188-4546+602-510+600-498EfEfEf+598-500G-1632EfE-1630EiEjE-1636+596jEiEfEjEhGhGiEfGiEfEfEfEjEiEfEjEhGiEjEiE-40486A-2232C","mapping_code":"3_20_64_50145495","state":1},{"key":"LAST","name":"LAST","code":"+9186-4524+600-500C-498CeCeCe+598dF-1632CeC-1630CgChCgChCgCeChCeCeCeCeCeCeF-1634+596eCgChCgChCgFgCeChC-40484+9188-2234+602","mapping_code":"3_64_64_50135805","state":1}],"_id":"WCgosxOqSqMIf5QY"}
