{"category":"FAN","brand":"KANGROO","model":"COMMON","type":1,"version":"1.0","create_date":1692779746439,"protocol":"KANGROO","map_code":[{"key":"TIMER","name":"UNDEFINED","code":"+9010-4454+602-1666C-546CeCeCeCeCeC-548CeCdCdCdC-1668CdCdC-1670CdCdCeCdCeCeCeCfCeCeCdCeCdCdCdChCdCdCeCdCeCeCeCfCeCeCdCeCdCdCdCgC","mapping_code":"87_0_0_8442064","state":1},{"key":"POWER","name":"POWER","code":"+9024-4456+602-1668C-546CeCeCeCeCeC-550CeCdCdCdCdCdCdC-1672CdCdCeCeCeCeCeC-548CeCeCdCdCdCdCdC-1670CdCdCeCeCeCeCeCfCeCeCdCdCdCdCdCdC","mapping_code":"87_0_0_8437952","state":1},{"key":"SPIN","name":"SPIN","code":"+9012-4456+602-1668C-546CeCeCeCeCeC-548CeCdCdC-1666CdCdCdC-1670CdCdCeCeCdCeCeCfCeCeCdCdCeCdCdChCdCdCeCeCdCeCeCfCeCeCdCgCeCdCgCdC","mapping_code":"87_0_0_8440008","state":1},{"key":"SPEED","name":"SPEED","code":"+9022-4458+602-1668C-546CeCeCeCeCeC-548CeCdCdCdCdCdCdC-1670Cd+604-1666CdCeCeCeCeCfCeCeCe+606-1664HiCdCdCgHiHdCdCeCeCeCeCfCeCeCeCdCdCdHdCdC","mapping_code":"87_0_0_8446176","state":1}],"_id":"6SmSGLA1I7PTCIbQ"}
