{"category":"TV","brand":"SHARP","model":"1302","type":1,"version":"1.0","create_date":1695094042437,"protocol":"SHARP","map_code":[{"key":"0","name":"0","code":"+4642-4534+604-502+602-1632E-500EfEgEgEgEgEgE-1634EgEfEgEgEgEgEhEgEhEhEgEgEgEgEgEhEd+600gEhEhEhEhE","mapping_code":"7_13_10_1347465295","state":1},{"key":"1","name":"1","code":"+4620-4550+604-502+602-1632C-500EfEgEgEgEgEgE-1634EgEfEgEgEgEgEgEgEgEgEg+606-496EgEgEhEhEhEhEhEhEhEhE","mapping_code":"7_0_10_1347420415","state":1},{"key":"2","name":"2","code":"+4670-4582+604-524+602-1632C-500E-1634EgEgEgE-502+600gEhEgEfEgEgEgEgEhEgEgEgEgEgEgEgJiJhEhEhEhEhEhEhE","mapping_code":"7_1_10_1347453055","state":1},{"key":"3","name":"3","code":"+4646-4552+604-502+602-1632E-500E-1634EgEgEgEgEgEfCgEhEg+606-496EgEgEgEhEgEg+600dKdKdKdKhEgEhEhEhEhEhEhE","mapping_code":"7_2_10_1347436735","state":1},{"key":"5","name":"5","code":"+4646-4552+604-506+602-1632E-500E-1634EgEgEgEgEgEhEgEfEgEgEgEgEgEg+600hEgEgEgEgEgIhEhEgIhEhEhEhEhE","mapping_code":"7_4_10_1347428575","state":1},{"key":"6","name":"6","code":"+4646-4558+604-502+602-1632E-500E-1634EgEgEgEgEgEhEgEfEgEgEgEgEhEgEhEgEgEg+600dIdIgEhEgIhEhEhEhEhE","mapping_code":"7_5_10_1347461215","state":1},{"key":"7","name":"7","code":"+4646-4558+604-506+602-1632C-500EfCgEgEgEgEgE-1634EgEfEgEgEgEgEgEhEhEgEg+600-502IjIgEhEgEgIhEhEfEhEhE","mapping_code":"7_6_10_1347444895","state":1},{"key":"8","name":"8","code":"+4616-4552+604-502+602-1632C-500EfCgEgEgEgEgCfEgEfCgEgEgEgEfE-1634EfEgEgEgEgEgEgEgEgEhEhEhEhEhE","mapping_code":"7_7_10_1347477535","state":1},{"key":"9","name":"9","code":"+4672-4566+604-502+602-1632C-500EfEgEgEgEgEgEfEgEfEgEgEgEgEgEgEgEfEgEgEgEgE-1634EhEhEgEhEhEhEhE","mapping_code":"7_8_10_1347424495","state":1},{"key":"POWER","name":"POWER","code":"+4644-4536+604-514+602-1632E-500EfCgEgEgEgEgE-1634EgEhEgEgEgEg+600hEhE-502IgEgEgEgEgEgEgEhEhEfEhEhEhE","mapping_code":"7_3_10_1347469375","state":1},{"key":"MENU","name":"MENU","code":"+4642-4546+604-516+602-1634E-500E-1632EgEgEgEgEgEhEgEfEg+600-502IjIjIfEgEfEjIfEgEgEjIjIfEgEfEjIfEfEfE","mapping_code":"7_21_10_1347463255","state":1},{"key":"VOLUME_UP","name":"VOLUME UP","code":"+4616-4564+604-508+602-1632C-500EfEgEgEgEgEgE-1634EgEhEgEgEgEgEhEhEhEgEhEgEgEgEg+600-502IjIhEgEhEhEhE","mapping_code":"7_23_10_1347479575","state":1},{"key":"VOLUME_DOWN","name":"VOLUME DOWN","code":"+4672-4554+604-508+602-1632C-500E-1634EgEgEgEgEgEfCg+600hEgEgEgEgEgEhEgEgEfEgEgEgEhEgEhEhEgEhEhEhE","mapping_code":"7_18_10_1347438775","state":1},{"key":"CHANNEL_DOWN","name":"CHANNEL DOWN","code":"+4672-4544+604-502+602-1634E-500E-1632CgEgEgEgEgEhEgEfEgEgEg+600gEgEfEfEgEfEdIdIdIfEgEgEfEgEfEfEfE","mapping_code":"7_22_10_1347446935","state":1},{"key":"INPUT","name":"INPUT","code":"+4646-4552+604-502+602-1634E-500E-1632EgEgEgEgEgEhEgEfEg+600gEgEgEgEgEfEhEgEgEgEgIfEfEgIdIfEfEfEfE","mapping_code":"7_12_10_1347432655","state":1},{"key":"LAST","name":"LAST","code":"+4672-4558+604-502+602-1634E-500E-1632CgEgEgEgEgEfEgEfEgEg+600dEgIfEfEgEfEdIdIdIdIdIdIfEgEfEfEfEfE","mapping_code":"7_11_10_1347473455","state":1},{"key":"CHANNEL_UP","name":"CHANNEL UP","code":"+4620-4576+604-526+600-1634E-502E-1636EgEgEgEgEgEfEgEf+602-500EgEgEgEfIgEgEgEhEgEgEgEjIfEfEhEgEfIfEfE","mapping_code":"7_17_10_1347455095","state":1}],"_id":"wdAfsCC1ccoaQPxL"}
