{"category":"TV","brand":"SHARP","model":"1317","type":1,"version":"1.0","create_date":1695097925375,"protocol":"SHARP","map_code":[{"key":"POWER","name":"POWER","code":"+4676-4556+604-502+602-500EfEfEfEfEfEfEfEfEfEfEfEfEfEfE-1636EgEfEgEfEfEfEfEfEfEgEfEgEgEgEgE","mapping_code":"7_11_0_53295","state":1},{"key":"0","name":"0","code":"+4676-4570+602-530C-500CeCeCeCeCeCeCeCeCeCeCeCeCeCeC-1636CeCeCfCeCeCeCeCeCfCfCeCfCfCfCfC","mapping_code":"7_9_0_36975","state":1},{"key":"1","name":"1","code":"+4680-4598+604-502+602-500EfEfEfEfEfEfEfEfEfEfEfEfEfEfEfEfEfEfEfEfEfEfE-1636EgCgEgEgEgEgEgE","mapping_code":"7_0_0_255","state":1},{"key":"2","name":"2","code":"+4706-4558+604-502+602-500EfEfEfEfEfEfEfEfEfEfEfEfEfEfE-1636EfEfEfEfEfEfEfEfEgEgEgEgEgEgEgE","mapping_code":"7_1_0_32895","state":1},{"key":"3","name":"3","code":"+4704-4572+604-502+602-500EfEfEfEfEfEfEfEfEfEfEfEfEfEfEfE-1636EfEfEfEfEfEfEgEfEgEgEgEgEgEgE","mapping_code":"7_2_0_16575","state":1},{"key":"4","name":"4","code":"+4652-4544+604-502+602-500EfEfEfEfEfEfEfEfEfEfEfEfEfEfE-1636EgEfEfEfEfEfEfEfEfEgEgEgEgEgEgE","mapping_code":"7_3_0_49215","state":1},{"key":"5","name":"5","code":"+4650-4540+604-502+602d+600-500EgEgEgEgEgEgEgEgEgEgEgEgEgEgEgE-1636EgEgEgEgEgEhChEgEhEhEhEhEhE","mapping_code":"7_4_0_8415","state":1},{"key":"6","name":"6","code":"+4702-4586+604-502+602-500EfEfEfEfEfEfEfEfEfEfEfEfEfEfE-1636EfEgEfEfEfEfEfEfEgEfEgEgEgEgEgE","mapping_code":"7_5_0_41055","state":1},{"key":"7","name":"7","code":"+4680-4568+604-502+602-500EfEfEfEfEfEfEfEfEfEfEfEfEfEfEfE-1636EgCfEfEfEfEfEgEfEfEgEgEgEgEgE","mapping_code":"7_6_0_24735","state":1},{"key":"8","name":"8","code":"+4680-4568+604-502+602-500EfEfEfEfEfEfEfEfEfEfEfEfEfEfE-1636EgCgEfEfEfEfEfEfEfEfEgEgEgEgEgE","mapping_code":"7_7_0_57375","state":1},{"key":"9","name":"9","code":"+4680-4578+604-502+602-500EfEfEfEfEfEfEfEfEfEfEfEfEfEfEfEfEfE-1636EfEfEfEfEgEgEgEfEgEgCgEgE","mapping_code":"7_8_0_4335","state":1},{"key":"VOLUME_UP","name":"VOLUME UP","code":"+4680-4564+604-502+602-500EfEfEfEfEfEfEfEfEfEfEfEfEfEfE-1636EgEfEgEgEfEfEfEfEfEgEfEfEgEgEgE","mapping_code":"7_27_0_55335","state":1},{"key":"VOLUME_DOWN","name":"VOLUME DOWN","code":"+4704-4594+606-510+602-500EfEfEfEfEfEfEfEfEfEfEfEfEfE-522EfE-1636EfEhEhEfEfEfEhEfEhEfEfEhEhEhE","mapping_code":"7_26_0_22695","state":1},{"key":"CHANNEL_UP","name":"CHANNEL UP","code":"+4702-4556+604-502+602-500EfEfEfEfEfEfEfE-504+598fEfEfEfEfEfE-1636CfEfEiEiEfEfEfEfEiEiEfEfEiEiEiE","mapping_code":"7_25_0_39015","state":1},{"key":"CHANNEL_DOWN","name":"CHANNEL DOWN","code":"+4702-4550+604-502+602-500EfEfEfEfEfEfEfEfEfEfEfEfEfEfEfEfEfE-1636EgEfEfEfEgEgEgEfEfEgEgEgE","mapping_code":"7_24_0_6375","state":1},{"key":"MUTE","name":"MUTE","code":"+4706-4598+606-508+602-500EfEfEfEfEfEfEfEfEfEfEfEfEfEfEfEfE-1636EfEg+604fEfEfEgEgEfEgEfE-1638+600gEgE","mapping_code":"7_20_0_10455","state":1},{"key":"INPUT","name":"INPUT","code":"+4654-4586+630-506+604-498+602-500GhGhGhGhGhGhGhGhGhGhGhGhGhG-1634EiE-1636EiEhGhGhGhGhGhGhGhGjEjEiEjE","mapping_code":"7_15_0_61455","state":1},{"key":"LAST","name":"LAST","code":"+4628-4548+606-500+604-498EfEd+602fEdGdGdGdGdGdGdGdGdGfEdGfE-1634EhEhEfEfEdGfEhEdGdGdGhEhEhEhE","mapping_code":"7_14_0_28815","state":1}],"_id":"7H2xJ6wa8hL1da3J"}
