{"category":"TV","brand":"SHARP","model":"1347","type":1,"version":"1.0","create_date":1695092560702,"protocol":"SHARP","map_code":[{"key":"0","name":"0","code":"+9190-4554+602-1638+600-1636C-502EgEgEgEgEgEgEgEfEfEfCfEfCfC-500CgEfEfCfEgEgEgEfCfCgEgEgEfEfCfE-40786+9218-2296C","mapping_code":"3_28_3_3225368775","state":1},{"key":"1","name":"1","code":"+9216-4540+602-1638+600-1636C-500CgE-502EhEhEhEhEhEfEfCfEfCfEfChEhEhEhEhEh+604-498EhEfCfEfCfEfCfEfCfE-40782+9218-2278C","mapping_code":"3_0_3_3225354495","state":1},{"key":"2","name":"2","code":"+9190-4552+604-1636+602d+600-502FgFgFgFgFgFgF-500EdFdEdFdEdFdFgFgFgFgFdEgFgFgFdFdFdFdFgFdEdFdE-40806+9218-2256F","mapping_code":"3_16_3_3225356535","state":1},{"key":"3","name":"3","code":"+9218-4538+602-1638C-1636+600-502FgFgFgFgFgFgFgFeCeFeFeCeFeCeC-500FgFgFeFgFgFgFgFeCeFeFgFeFeFeC-40832+9240-2256C","mapping_code":"3_17_3_3225389175","state":1},{"key":"4","name":"4","code":"+9216-4582+626-1634+600-1636+602-500E-502EiEiEiEiEiEiEfEfEfEfGfEfEfEfEiEiEfEiEiEiEiEiEfEfGiEfEfGfE-40818+9322-2254G","mapping_code":"3_19_3_3225405495","state":1},{"key":"5","name":"5","code":"+9210-4560+624-1638+600-1636+602-500GhGhGhGhG-502EiGhEfEd+598fEfEfGfEiEiEfGiEfEiEiEiEfEfGiEfEiEfGfEfE-40784+9218-2290G","mapping_code":"3_20_3_3225364695","state":1},{"key":"6","name":"6","code":"+9190-4566+604-1640+600-1636+602-502EhE-500GiGiEhEhEhEfGfEfGfEfGfEfGhEfEhEfGhEhEhEhEd+596hEfEhEfGfEfG-40794+9240-2270G","mapping_code":"3_21_3_3225397335","state":1},{"key":"7","name":"7","code":"+9212-4624+626-1646+602-1636+600-502GhGhGhGhGhGhGhGfGfEfGfEfGfEfGfEfGhGfEhGhGhGhGhGhGfEhGfGfGfG-40798+9216-2254E","mapping_code":"3_23_3_3225413655","state":1},{"key":"8","name":"8","code":"+9216-4598+604-1666+600-1636+602-500E-502EiEiEiEiEiEhGfEfGfEfGfEfEiEiEhGfEfEhGhEiEfGfEfEiEiEfEfGfE-40790+9218-2266G","mapping_code":"3_24_3_3225360615","state":1},{"key":"VOLUME_DOWN","name":"VOLUME DOWN","code":"+9214-4568+604-1648C-1634+602-500FgFgFgFgFgFgFgFeFeFeFeFeFeFeFgFgFeFgFgFeFg+600-502FeFeFgFeFeFgFeF-40800+9270-2282C","mapping_code":"3_73_3_3225391725","state":1},{"key":"VOLUME_UP","name":"VOLUME UP","code":"+9244-4606+630-1640+602-1634E-500EgEgEgEgEgEgEgEfEfEfEfEfEfEfEfEgEfEgEgEfEg+600-502HiHfEgEfEfEgE-1636E-40774+9220-2240+604","mapping_code":"3_75_3_3225408045","state":1},{"key":"CHANNEL_UP","name":"CHANNEL UP","code":"+9214-4592+610-1652+602-1634+604-500EhEhEhEhEhEhEhEfEfEfGfEfEfGfEfEfEhEhEhEfEhEhEhEhEfEfEfEhEfE-40820+9270-2282G","mapping_code":"3_71_3_3225412125","state":1},{"key":"CHANNEL_DOWN","name":"CHANNEL DOWN","code":"+9218-4566+604-1636+602-1634C-500EgEgEgEgEgEgEgEfEfEfEfEfEfEfEgEfEfEgEgEfEg+600-502HfEgEgEfEfEgEfE-40772A-2274C","mapping_code":"3_77_3_3225399885","state":1},{"key":"POWER","name":"POWER","code":"+9240-4566+604-1654+602-1634E-500EgEg+600-502EgHiEgHiEfEfEfEfEfEfEfEfEgEfEgEgEgEgEgEgEfEgEfEfEfEfE-40816+9220-2248C","mapping_code":"3_11_3_3225407535","state":1},{"key":"MENU","name":"MENU","code":"+9218-4550+604-1652C-1632C-500+602fGfGfGfGfGfGfG-1634GhGhGhGhGhGfGhGfGhGfGfGhGfGhGfGhGfGhGhGf+600hG-40822+9246-2298C","mapping_code":"3_74_3_3225375405","state":1},{"key":"9","name":"9","code":"+9218-4568+604-1642+602-1634C-500EgEgEgEgEgEgEgEfEfEfEfEfCfEfEgEgEfEfEgEgEgEgEfEfEg+600-502EfEfEfE-40858+9220-2248C","mapping_code":"3_25_3_3225393255","state":1},{"key":"MUTE","name":"MUTE","code":"+9240-4550+604-1636+602-1634C-500EgEgEgEgEgEgEgEfEfEfCfEfEfEgEfEgEfEg+600-502HiHiHfEgEfEgEfEfEfEfE-40820+9220-2262C","mapping_code":"3_10_3_3225374895","state":1},{"key":"INPUT","name":"INPUT","code":"+9218-4534+604-1636C-1634+602-500FgFgFgF-504+598gFgFgFeFeFeFeFeFeFeF-502+600eFeFeFgFgFgFgFeFgFgFgFeFeFeF-40810+9246-2306C","mapping_code":"3_29_3_3225401415","state":1},{"key":"LAST","name":"LAST","code":"+9214-4530+604-1636+602-1634C-500EgEgEgEgEgEgEgEfEfEfEfEfEfEgEfEfEfEgEgEgEgEfEg+600-502HiEfEfEfEfE-40840+9220-2250C","mapping_code":"3_14_3_3225383055","state":1}],"_id":"v7A9A6iDTaH7mw9p"}
