{"category":"TV","brand":"SHARP","model":"2672","type":1,"version":"1.0","create_date":1695092290576,"protocol":"SHARP","map_code":[{"key":"0","name":"0","code":"+9216-4558+602-500+600-1630E-1632Ed+598-498EiEdHgEfEgEiEgHdHgEgEiEfEdHgEgEiHdHdHdHdHgEdHdHgHgEgHgH-41216A-2242E","mapping_code":"3_13_27526_1641459791","state":1},{"key":"1","name":"1","code":"+9216-4594+602-514+598-1632+600fE-500EhEhEhEfEfGfG-498EfGhEfEfGhEiGiG-1630GhEhEhEhEiGfEfGhEfEfGfEfGfE-41208+9192-2244G","mapping_code":"3_4_27526_1641423071","state":1},{"key":"2","name":"2","code":"+9216-4570+602-512+600-1632E-1630E-498EhE-502+596hEgEfEf+598-500KfEhKfEfKlKfElKfKlKlKlKlKlKhEfKlKfEgEfEgEfE-41232A-2240C","mapping_code":"3_5_27526_1641455711","state":1},{"key":"3","name":"3","code":"+9216-4568+600-500C-1630C-1632C-498CgCd+598gCfCeCfCgCfHdHfCfCgCgCfHfCdHdHdHdHdHfHdHdHf+604-1628CfHfCfC-41226+9214-2310C","mapping_code":"3_6_27526_1641439391","state":1},{"key":"4","name":"4","code":"+9186-4522+600-500C-1632C-1630Cd+598dGdGdGeCeCfCdGeC-498CeGeCdGeCeGeCdGhCdGhChChChChCeGeCeCeGeC-41248+9214-2242+602","mapping_code":"3_7_27526_1641472031","state":1},{"key":"5","name":"5","code":"+9190-4542+602-500+598-1632+600-1630GdEdE-498GiGhGfGfEdEfGiGhGfGiGiEdEdEfGiGiGiEdEfGfEfGdEfEfGfEfG-41226+9188-2258C","mapping_code":"3_8_27526_1641418991","state":1},{"key":"6","name":"6","code":"+9188-4526+600-502+598-1632CfE-500EgEgEgEfCfEfCgEfC-498CfC-1630CgEfCgEhCfEgEgEgEgEgEfCfEgEfCfCfEfE-41234+9216-2286+602","mapping_code":"3_9_27526_1641451631","state":1},{"key":"7","name":"7","code":"+9190-4536+602-504+600-1630E-1632E-498EhEhEh+598gEgIgE-500IgIjIgEgIjIjIgEhIgEjIhEhEhEfEjIgIjIgEgIgEgI-41212+9212-2258E","mapping_code":"3_10_27526_1641435311","state":1},{"key":"8","name":"8","code":"+9186-4548+602-524+600-1630E-1632E-498EhEh+598-500IgEgIgEhEgIjIgEgIjIjIjIhEhEhEhIjEhIgEgIgEgIgEgIgEgE-41224+9214-2240C","mapping_code":"3_0_27526_1641414911","state":1},{"key":"9","name":"9","code":"+9192-4544+600-500+598-1632CfC-498EdEdEdEfC-1630CfCgEfCdEfEfCgCfEfCfEdEfCdEgCgEdEdEdEfCgCfEfCfE-41198+9216-2252C","mapping_code":"3_23_27526_1641474071","state":1},{"key":"POWER","name":"POWER","code":"+9186-4542+602-518+600-1632+598fE-500GhGhGhGfE-1630EfEhGfE-498GfEfEjEjEfGhGhGfEhGhGhGfEjEiEfEjEfGfEfE-41234+9212-2248C","mapping_code":"3_18_27526_1641433271","state":1},{"key":"MENU","name":"MENU","code":"+9212-4546+602-500+598-1632+600fEdEdEdEdEfGfEfGdEfG-498GfEfGdEdEdEfGhGfEdEfGdEfEfGdEfGhGfEdEfG-41232A-2278C","mapping_code":"3_84_27526_1641425621","state":1},{"key":"VOLUME_UP","name":"VOLUME UP","code":"+9190-4564+600-500C-1632C-1630Cd+598dGdGd+624-1628CfCeC-498CeCjGeCeCjCfCeCeCfCd+602-496GdGdGdGdGdGdGeCeGeCeC-41236+9212-2242C","mapping_code":"3_15_27526_1641476111","state":1},{"key":"VOLUME_DOWN","name":"VOLUME DOWN","code":"+9186-4524+602-500+600-1630E-1632E-498EhEhEhEg+598gEgEhEgIdIgEgEhEfEgEhEhEgIdEhIdIdIdIgEgEhEgIgEgI-41260+9218-2242C","mapping_code":"3_19_27526_1641465911","state":1},{"key":"CHANNEL_UP","name":"CHANNEL UP","code":"+9190-4554+600-500+598-1632CfC-498EdEdEdEfCfEfCgC-1630CdEf+604-1628EdEdEdEdEgCfEdEdEdEfEfCfEfCdEfEfCfE-41208+9216-2262+602","mapping_code":"3_16_27526_1641416951","state":1},{"key":"CHANNEL_DOWN","name":"CHANNEL DOWN","code":"+9188-4566+602-500+600-1630E-1632E-498+598dIdIdIgEgIgEhEgIdIgEgIdIgIdIdEfEgEhIdIdIdIgEfEdIdIgIgEgE-41234+9192-2244C","mapping_code":"3_25_27526_1641453671","state":1},{"key":"MUTE","name":"MUTE","code":"+9190-4586+602-524+600-1632+598fE-500GhGhG-498EfE-1630EfEiEfGhGfEfEiEiEiEfGfEfEiEiGhGfGfEhGhGhGfGfEfE-41228+9214-2288E","mapping_code":"3_28_27526_1641429191","state":1},{"key":"INPUT","name":"INPUT","code":"+9214-4532+602-504+598-1632+600-1630G-500EiEiE-498GfEfGfEiEfGjGfEfGjGfEfGfEfGfEfGfEfGjGjGjEiGjEiEiEiE-41188+9216-2242C","mapping_code":"3_255_27526_1641479936","state":1},{"key":"LAST","name":"LAST","code":"+9188-4562+602-510+600-1632+598fE-498EhEhG-500GfEfE-1630EhEfGiGfEfGiGfEhEjEfEjEiGiGhEhEfGiGiGiGfEjEfE-41204+9214-2252E","mapping_code":"3_29_27526_1641461831","state":1}],"_id":"TaMekXxqkv7P7Zp4"}
