{"category":"TV","brand":"SHARP","model":"2682","type":1,"version":"1.0","create_date":1695097593760,"protocol":"SHARP","map_code":[{"key":"0","name":"0","code":"+8190-4042+550-448+548-446EfEfE-1446EfEf+546dH-3978EgEfEfEg+552-442HdHdHdH-20796+8188-4098+656-488HfEfEfEgEdHdHfEiEgEdH-464HgEfEfEfHdE","mapping_code":"39_144_8_2192","state":1},{"key":"1","name":"1","code":"+8190-4034+550-462+548-446EfEfE-1446EfEfEfE-3978EfC-444EfEfEfEfEfEfE-20810+8162-3994C-448EfEfEfEgEm+546mNmN-3986E-452EfNmNmNmNmNmNfE","mapping_code":"39_0_8_2048","state":1},{"key":"2","name":"2","code":"+8190-4054+572-448+548-446EfEfE-1446Ef+546fEdH-3978EgEfEfEfEfHdEfHdH-20804+8136-4016+550dHfEfEfEgEfEfHdE-3984E-1448EfHdEfEfHdHfEfE","mapping_code":"39_128_8_2176","state":1},{"key":"3","name":"3","code":"+8188-4000+550-454+548-446EfEfE-1446Ef+546fEfE-3978EfEgEfEfH-448HjHjHjE-20812+8164-3998CjHjHjHjHgEfEfEfE-4008C-464EgEfEfEfEfEfEfE","mapping_code":"39_64_8_2112","state":1},{"key":"4","name":"4","code":"+8190-4026+550-448+548-446EfEfE-1446EfEfEfE-3978E-1444EgEfEfEfEfE-450+544fE-20796+8162-4016Cd+546dOdOdOgEfEfEfE-4006C-1466EgEfEfEfEfEfEfE","mapping_code":"39_192_8_2240","state":1},{"key":"5","name":"5","code":"+8190-4028+550-448+548-446EfEfE-1446EfEfEfE-3978EfEfEgEfEfEfEfEfE-20796+8138-3998CdEfEfEfEgEd+546dLdL-4000C-452LdLgEfEfEfEfLdL","mapping_code":"39_32_8_2080","state":1},{"key":"6","name":"6","code":"+8212-4024+550-448+548-446EfEfE-1446EfEfEfE-3978EgEfEgEf+546dEfIdEfI-20854+8164-4028CdEfEfEfIgEdIdIfEhEgEdIgEdIdIfEfEfE","mapping_code":"39_160_8_2208","state":1},{"key":"7","name":"7","code":"+8188-4006+550-448+548-446EfEfE-1446EfEfEfE-3978EfEgEgEfEfEfEfEfE-20812+8162-4000C-452EfEfEfEgEfEf+546dM-3996E-454MgEgEdMdMdMdMfE","mapping_code":"39_96_8_2144","state":1},{"key":"8","name":"8","code":"+8194-4020+550-458+548-446EfEfE-1444EfEfE-452+542-3992C-1452E-1446ElEfEfEfEfEfE-20814+8162-3996C-448EfEfEfElE-450+544fEfE-4004C-1462ElElEfEfEfEfEf+546","mapping_code":"39_224_8_2272","state":1},{"key":"9","name":"9","code":"+8216-4042+550-448+548-446EfEfE-1446EfEfEfE-3976EfEfEfEgEfEfEfEfE-20804+8164-4006Cd+546dLdLdLgEfEfEfE-3984E-450LdLfEgEfLdLdLdL","mapping_code":"39_16_8_2064","state":1},{"key":"POWER","name":"POWER","code":"+8186-4010+550-448+548-446EfEfE-1446EfEfEfE-3980EgEd+546gEgEgEdIfEdI-20796+8160-3992CdIdIdIdIgEfEfEfE-3984E-1450EfE-1462EgEgEfEfIdI","mapping_code":"39_184_8_2232","state":1},{"key":"MENU","name":"MENU","code":"+8190-4014+550-448+548-446EfEfE-1444EfEfEfE-3990C-1450Ef+546dJdJ-1446EfEfEfE-20812+8164-4012C-454EfEfEfJkEfEfEfE-4006C-1462EfJdJdJkEfEfEfJ","mapping_code":"39_136_8_2184","state":1},{"key":"VOLUME_UP","name":"VOLUME UP","code":"+8164-4010+550-448+548-446EfEfE-1444EfEfEfE-3988C-1450EfE-1446EjEfEd+546fEdK-20810+8162-4042C-462C-444KdKdKjEfEfEfE-3978EjEdKjEjEfKdKdKdK","mapping_code":"39_176_8_2224","state":1},{"key":"VOLUME_DOWN","name":"VOLUME DOWN","code":"+8188-4006+550-454+548-446EfEfE-1446EfEfEfE-3984C-452EfE-1444EgEfEfEf+546-448E-20802+8162-4024ClEfEfEfEgEfC-462KlK-3978EfEfEgEgElKlKlC-444K","mapping_code":"39_48_8_2096","state":1},{"key":"CHANNEL_UP","name":"CHANNEL UP","code":"+8294-4084+550-452+548-446EfEfE-1444CfEfE-448E-4004+576-456E-1446ElElEfEfEfEfE-20810+8162-3994ChEfEfEfElEfEf+546hP-3986EdElElElEfPhPhPfE","mapping_code":"39_112_8_2160","state":1},{"key":"CHANNEL_DOWN","name":"CHANNEL DOWN","code":"+8162-3998+550-448+548-446EfEfE-1444EfEfEfE-4016C-1466E-1446EgEjEfEfEfEfE-20802A-4030C-454EfEfEfEjEd+546dNfElC-1474EjEjEjEfEfNdNdN","mapping_code":"39_240_8_2288","state":1},{"key":"MUTE","name":"MUTE","code":"+8164-4018+550-448+548-446EfEfE-1444CfEfEfE-3978EfEf+546dE-1446EjEfEfEfE-20796+8138-4046+630-476EfEfEfEjEfEfEfE-4032E-472EdIfEjEjEdIdIdI","mapping_code":"39_24_8_2072","state":1},{"key":"INPUT","name":"INPUT","code":"+8162-4048+550-452+548-446EfEfE-1446EfE-448EfE-3978EfEgEgEfEgEfEfEfE-20824+8190-4054ChEfEfEfEgEf+546hEfMiEhMgEgEhMgEhMfEfE","mapping_code":"39_104_8_2152","state":1},{"key":"LAST","name":"LAST","code":"+8186-4012+550-448+548-446EfEd+546-1446EfEfEfE-3978EdGhEfEfEfEhEfEfE-20828+8164-4030C-472EfEfEfEhEfGdEfG-3988CdGhEfEfEfEhEdGdG","mapping_code":"39_68_8_2116","state":1}],"_id":"ECV6BM5nGp3bE96F"}
