{"category":"TV","brand":"SHARP","model":"2712","type":1,"version":"1.0","create_date":1695095647610,"protocol":"SHARP","map_code":[{"key":"0","name":"0","code":"+8190-4052+548-448+546-1448EdEdEdEd+552-442EdE-3980E-1446Ed+574dEjEjCdEdEdE-20824+8162-4014C-458EfEdEdEdEdEdEdE-3984+542jEdEdEjCjEdEdEdE","mapping_code":"39_152_64_16536","state":1},{"key":"1","name":"1","code":"+8186-4006+548-450+546-1446C-448EgEgEgCgEgE-4008C-458EgEgEgE-1448EgEgEgE-20814+8160-3996CdEfEgEgEgEgEgEgE-4000C-468EgEgEgEjEgEgEgE","mapping_code":"39_8_64_16392","state":1},{"key":"2","name":"2","code":"+8190-4018+548-450+546-1446E-448EgEgEgEgEgE-3980EfEgEgEgE-1448E-464EgEgE-20846+8162-4028E-474EfEg+570-446EgEgEgEgE-4004C-1462CgEgEgEiEgEgEgE","mapping_code":"39_136_64_16520","state":1},{"key":"3","name":"3","code":"+8186-4028+548-450+546-1446E-448EgEg+550-444EgEgE-3978EgE-1448EgEgEfEgEgEgE-20820+8162-4090+574-464EkEgEgEgEgEgEgEjCgEkEgEgEfEgEgEgE","mapping_code":"39_72_64_16456","state":1},{"key":"4","name":"4","code":"+8188-4030+548-450+546-1448E-448EgEgEgEgEgE-3982C-1446EfEgEgEiCgEgEgE-20802+8164-4056C-460EiCgEgEgEgEgEgE-3978EfEiCgEgEfEgEgEgE","mapping_code":"39_200_64_16584","state":1},{"key":"5","name":"5","code":"+8188-4000+548-450+546-1446C-446E-448EhEhEhEhE-3988CdEhE-1448EhEfEhE-456EhE-20830+8190-4014ChEjEhEhEhEhEhEhE-3980EhEhEjEhEfEhEhEhE","mapping_code":"39_40_64_16424","state":1},{"key":"6","name":"6","code":"+8162-4010+548-460+546-1446E-448EgEgEgEgEgE-3986C-1448EgEiEgEfCgEgEgE-20808+8160-4030C-450EiEgEgEgEgEgEgE-4032+572-1460EgEfEgEiEgEgEgE","mapping_code":"39_168_64_16552","state":1},{"key":"7","name":"7","code":"+8188-4038+548-456+546-1448E-448EgEgEgEgEgE-3984C-450E-1446EfEgEfEgEgEgE-20824A-4030CiEfEgEgEgEgEgEgE-3980EgEjEfEgEjEgEgEgE","mapping_code":"39_104_64_16488","state":1},{"key":"8","name":"8","code":"+8162-4006+548-448+546-1446CdEdEdEdEdEdE-4018E-1474E-1448EfCdEiEdEdEdE-20818+8160-4030+570-450EiEdEdEdEdEdEdE-3984EiEfEiEdEfEdEdEdE","mapping_code":"39_232_64_16616","state":1},{"key":"9","name":"9","code":"+8188-4028+548-450+546-1446E-448EgEgEgEgEgE-4018C-468EgEgE-1448EfEgEgEgE-20826+8164-4022+550-458EjEgEgEgEgEgEgE-3984CdEgEgEjEfEgEgEgE","mapping_code":"39_24_64_16408","state":1},{"key":"POWER","name":"POWER","code":"+8162-4014+550-448+546-1446+548dEdEdEdEdEdE-4004GdEfGfEfGdEdEdEdE-20818A-4292+572-462E-1448EdEdEdEdEdEdE-3984G-450EfEfGfEdEdEdEdE","mapping_code":"39_112_64_16496","state":1},{"key":"MENU","name":"MENU","code":"+8162-4020+548-448+546-1446CdEdEdEdEdEdE-3982EfEdE-1448EdEfEhEdEdE-20806+8160-3996C-450EfEdEdEdEdEdEdE-3978EhEdEfEdEhEfEdEdE","mapping_code":"39_172_64_16556","state":1},{"key":"CHANNEL_DOWN","name":"CHANNEL DOWN","code":"+8158-3994+548-450+546-1446E-448EgEgEgEgEgE-4028E-474EfEgEgEgEgEgEgE-20860+8164-4024+550-452E-1448EgEgEgEgEgEgE-3984EgEfCgEgEgEgEgEgE","mapping_code":"39_64_64_16448","state":1},{"key":"CHANNEL_UP","name":"CHANNEL UP","code":"+8168-4024+550-450+544-1448+546-448Gh+548hG-446GhGhG-3978I-1444IhGhGjGhGhIhGjG-20802+8162-4040C-462E-1446IjGhGhEhGhEhG-3980GqGhGhGhIjIdEjIhG","mapping_code":"39_128_64_16512","state":1},{"key":"MUTE","name":"MUTE","code":"+8186-4008+550-460+546-1448E-448EgEgEgEgEgE-4038+572-1460EgEgE-1446EgEgEgEgE-20816+8134-4012+548gE-1466EgEgEgEgEgEgE-3992OfEgEgEkEgEgEgEgE","mapping_code":"39_144_64_16528","state":1},{"key":"INPUT","name":"INPUT","code":"+8162-4052+548-456+546-1446E-448EgEgEgEgEgE-3980EfCgEfE-1448EgEgEgEgE-20822+8190-4066C-450EfEgEgEgEgEgEgEhEfCgEiEfEgEgEgEgE","mapping_code":"39_176_64_16560","state":1},{"key":"INFO","name":"INFO","code":"+8660-4270+574-474+572-1554EdEdEdEdEdEdE-4350+576-1568EfE-1552EfEdEdEdEdE-24076A-4266H-478EjCdEdEdEdEdEdE-4318H-1572EfEjEfEdEdEdEdC","mapping_code":"39_240_64_16624","state":1},{"key":"SLEEP","name":"SLEEP","code":"+8666-4294+576-476+574-1550E-470+572d+570-474HjEjEjI-4252E-472HjE-1554HmHjHlElHjH-26240+8660-4330CjE-1552HjHjEjHjHlHjH-4244HdHjHqC-1568ElHjHjHjH","mapping_code":"39_48_64_16432","state":1},{"key":"LAST","name":"LAST","code":"+8162-4008+548-450+546-1446C-446CgE-448CgEhEhE-3998C-1458E-1448EhEfEkEhEhEhE-20840+8186-4024+550dEkEhEhEhEhEh+544hE-4034E-1480CfEhEfEkEhEhEhE","mapping_code":"39_216_64_16600","state":1}],"_id":"SIE4oSTyLX5uTMwP"}
