{"category":"TV","brand":"SHARP","model":"2805","type":1,"version":"1.0","create_date":1695094639104,"protocol":"SHARP","map_code":[{"key":"0","name":"0","code":"+9178-4534+602-498+600-496EfE-1626Ef+598gEdHdHgEgEgEfEgEfC-1640EgEgEfEfEgEdHdHdHdHdHgEgHdHgEgEgEgE-41626+9204-2242C","mapping_code":"3_9_40_350982255","state":1},{"key":"1","name":"1","code":"+9172-4512+602-498+598dEd+600-1626F-496FgFhFhFgFgFgFhEgFdEgFgFdEdEdEdEdEdEdEdEgFgEgFgFgFgFgFgF-41632+9178-2248C","mapping_code":"3_0_40_350945535","state":1},{"key":"2","name":"2","code":"+9178-4540+602-498+600-496EfE-1626Ef+598gEdHdHgEgE-1630EdHgEdHgEgEgEdHdHdHdHdHdHdHdHgEgEgEgEgEgHgE-41622+9202-2296C","mapping_code":"3_1_40_350978175","state":1},{"key":"3","name":"3","code":"+9204-4578+602-498+600-496+598dG-1626EfEhEdGdGhEhEhEfGhEdGhEhEdGhEdGdGdGdGdGdGhEdGhEhEhEhEhEhE-41622+9206-2246C","mapping_code":"3_2_40_350961855","state":1},{"key":"4","name":"4","code":"+9176-4534+602-498+600-496Ef+598-1626EfEhEdGdGhEhEhEfEhEdGhEhEhEhEdGdGdGdGdGdGdGdGhEhEhEhEhGhE-41604+9180-2258C","mapping_code":"3_3_40_350994495","state":1},{"key":"5","name":"5","code":"+9176-4564+602-510+600-496+598-498G-1626EfEiEhGhGiEiEiEfGiEhGiEiEhGhGiGhGhGhGhGhGiEiEhGiEiEiGiEiG-41654+9180-2238C","mapping_code":"3_4_40_350953695","state":1},{"key":"6","name":"6","code":"+9150-4556+624-498+600-496Ef+598-1652EdG-1626EfEfEiE-1630+596iEdGiEfGiEiEiEdGiEdGdGdGdGdGdGiEdGiEiGiEiGiE-41590+9180-2242+602","mapping_code":"3_5_40_350986335","state":1},{"key":"7","name":"7","code":"+9178-4516+602-498+600-496EfE-1626Ed+598gEfEdHgEgEgEfEgEdHgEgEfEgEgEdHdHdHfEdHgEdHdHgEgEgEgEgH-41622A-2318C","mapping_code":"3_6_40_350970015","state":1},{"key":"8","name":"8","code":"+9178-4510+602-498+600-496Ef+598-1626EfEhEfEfE-1628+596hEhEfGhEdGhEhEhEhEhEdGdGdGdGdGdGdGdGhEhEhEhEhE-41624+9180-2270C","mapping_code":"3_7_40_351002655","state":1},{"key":"9","name":"9","code":"+9178-4522+602-498+600d+598-496F-1626EdFhEgEgFhEhEhEdFhEdFhEhEdFdFdFhEdFdFdFdFhEhEhEdFhEhEhEhE-41636+9202-2260C","mapping_code":"3_8_40_350949615","state":1},{"key":"POWER","name":"POWER","code":"+9178-4526+602-498+600-496Ef+598-1626EfEhEdGdGhEhEhEfEhEdGhEhEhEhEdGhEdGdGdGdGdGdGhEdGhEhEhEhE-41586+9206-2248C","mapping_code":"3_11_40_350998575","state":1},{"key":"MENU","name":"MENU","code":"+9178-4556+602-498+598dE-496+600-1626GfGhGfEdEhGhGhGdEhGfGhGhGdEhGfGhGdEdEdEdEhGdEhEdEhGhGhGhG-41612+9202-2244C","mapping_code":"3_10_40_350965935","state":1},{"key":"VOLUME_UP","name":"VOLUME UP","code":"+9150-4522+628-502+598-498+600-496G-1624GhG-1626GhEfEjGjGjGhEjGfEjGjGfEjGjGjGfEfEfEfEjGhEfEfEjGjGjEjG-41638+9202-2292+602","mapping_code":"3_14_40_350974095","state":1},{"key":"CHANNEL_UP","name":"CHANNEL UP","code":"+9176-4526+602-498+598dEdE-1626+600-496GfGdEdEfGfGfGhEfGdEfGfGdEhGfGfGhEdEdEdEfGfGdEdEfEfGfGfG-41634+9180-2234C","mapping_code":"3_12_40_350957775","state":1},{"key":"CHANNEL_DOWN","name":"CHANNEL DOWN","code":"+9178-4568+602-512+600-496EfE-1626Ef+598gE-498HiHgEgEgEfEgE-500+596gEgEgEiH-1628HgEfHiHiEfHiEgEiHiHgEgEgEgE-41608+9176-2266C","mapping_code":"3_13_40_350990415","state":1},{"key":"MUTE","name":"MUTE","code":"+9176-4530+602-498+598dEdE-1626+600-496GfGhEdEfGfGfGdEfGdEfGfGdEdEdGhEfGdEdEdEfGfGfGfGdEfGfEfG-41582+9206-2274C","mapping_code":"3_16_40_350947575","state":1},{"key":"INPUT","name":"INPUT","code":"+9152-4548+602-516+598-498EfE-1626+600-496HgHiEfEgHgHgHiEgHfEgHgHfEfEgHfEgHfEfEfEgHgEfEgHfEgHgEgH-41636+9310-2282H","mapping_code":"3_20_40_350955735","state":1},{"key":"DISPLAY","name":"DISPLAY","code":"+9150-4546+602-498+600-496EfE-1626Ef+598gEdHdHgEgEgEdHgEfEgEgEgEdHgEgEgEdHdHdC-494HgEdHdHdHgEgEgE-41628+9180-2258C","mapping_code":"3_29_40_350992455","state":1},{"key":"SLEEP","name":"SLEEP","code":"+9152-4570+602-516+600-496Ef+598-1626E-498GhEfGiGhEhEhEfEhEiGhEhEhEfGiGiGhEiGiGfGiGhEhG-1628GiGhGhEhE-41610+9180-2238C","mapping_code":"3_17_40_350980215","state":1},{"key":"VOLUME_DOWN","name":"VOLUME DOWN","code":"+9150-4528+600-500+598-498EfE-1628EfEgEfEfEgEgEgEfEgEfEgEgEgEgEgEgEfEfEfEfEfEfEfEfEgEgEgEgE-41598+9148-2242C","mapping_code":"3_15_40_351006735","state":1}],"_id":"pzbZR7GmzTRnOGcf"}
