{"category":"TV","brand":"ABEX","model":"304000002","type":1,"version":"1.0","create_date":1695092591473,"protocol":"ABEX","map_code":[{"key":"0","name":"0","code":"+9104-4516+604-486+602-1598E-482EfEgEfE-484EfEfEh+600fEgEfEhEfEgEhEgEhEgEhEgC-480IhEfEfEfEfEfEfEfEfE-40186+9108-2218+606","mapping_code":"3_0_170_1437204735","state":1},{"key":"1","name":"1","code":"+9128-4502+604-486+602-1598E-484EfE-482EfEgEfEfE-488+598fEhEfEgEfEhEfEhEg+600gEgEhEgEhEgKfEfEfEfEfEfEfE-40214+9108-2218+606","mapping_code":"3_1_170_1437237375","state":1},{"key":"2","name":"2","code":"+9104-4514+606-486+602-1598E-482EfEgEfE-484EfEfEgEfEhEfEhEfEgEhEfEgEhEgEhEgEhEfEgEfEfEfEfEfEfE-40174+9108-2214C","mapping_code":"3_2_170_1437221055","state":1},{"key":"3","name":"3","code":"+9132-4530+606-488+602-1598E-484EfE-482EfEgEfEfEgEfEhEfEgEfEhEfEfEhEgEhEgEhEgEhEg+600fEfEfEfEfEfE-40168+9130-2220+604","mapping_code":"3_3_170_1437253695","state":1},{"key":"4","name":"4","code":"+9130-4510+604-486+602-1598E-484EfE-482EfEgEfC-1596EgEfEhEfEgEfEhEgEhEfEgEg+600gEgJgEfEfEgJfEfEfEfEfE-40216+9134-2214C","mapping_code":"3_4_170_1437212895","state":1},{"key":"5","name":"5","code":"+9106-4522+604-486+602-1598E-482EfEgEfE-484EfEfEgEfEhEfEhEfEgEfEhEfEh+600hEgEhEgEhEfEhIfEfEfEfEfE-40248+9134-2218+606","mapping_code":"3_5_170_1437245535","state":1},{"key":"6","name":"6","code":"+9104-4514+604-486+602-1598E-510EfE-484EfE-482EfEfEhEfEh+600fEiEfEhEiEfEfEhEiEhEiEhEfEhJhEfEf+606-1594EfE-1602+598-40230+9134-2220E","mapping_code":"3_6_170_1437229215","state":1},{"key":"7","name":"7","code":"+9106-4512+602-484C-1598CdCeCdCeC-482CeCeCfCeCfCeCdCeCdCeCeCeCdCdCfCdCfCdCd+600dCeCeCeCeCeC-40202+9160-2250+604","mapping_code":"3_7_170_1437261855","state":1},{"key":"8","name":"8","code":"+9104-4518+606-484+602-1598E-482EfEdEfEgEfEfEgEfEdEfEgEfEdEd+600dEdHfEgEdEgEdHfEfEfEgEfEfEfEfE-40184+9108-2214C","mapping_code":"3_8_170_1437208815","state":1},{"key":"9","name":"9","code":"+9106-4516+604-486+602-1598E-482EfEgEfE-484EfEfEgEfEgEfEh+600fEgEfEhEgEfEhEgEhEgEhEfEfEhIfEfEfEfE-40184+9108-2224+606","mapping_code":"3_9_170_1437241455","state":1},{"key":"MUTE","name":"MUTE","code":"+9104-4536+606-494+602-1598E-484EfEg+600fE-482EfEfEg+604-1596EiEfEiEfEgEfEiEgEfEiEgEfEiEgEfEfEgHfEfEiEfE-40212+9134-2218J","mapping_code":"3_73_170_1437241965","state":1},{"key":"INFO","name":"INFO","code":"+9106-4548+604-492+602-1598E-484+600fE-482EfEgEfEfEiEfEiEfEgHfEiEgEfEiEfEgEiEfEgEfEgEfEiEfEfEgEfE-40164+9108-2204+606","mapping_code":"3_74_170_1437225645","state":1},{"key":"EXIT","name":"EXIT","code":"+9104-4556+604-486+602-1598E-482EfE-484EfEgEfEfEhEfEhEfEg+600fEhEfEfEfEfEfEfEfEfEgEhIhEhIhEhIhEhI-40200+9108-2234C","mapping_code":"3_255_170_1437269760","state":1},{"key":"PREVIOUS","name":"PREVIOUS","code":"+9104-4534+604-492+602-1598E-482EfE-484EfEgEfEfEgEfEhEfEgEfEhEfEfEhEfE-1602+598h+600fEgEhEgEfEhEgEfEhEfE-40210+9134-2210+606","mapping_code":"3_91_170_1437260325","state":1},{"key":"NEXT","name":"NEXT","code":"+9104-4516+604-486+602-1598E-484EfE-482EfEgEfEfEg+600fEhEfEgEfEhEgEfEgIfEfEhEfEgEfEhEfEgEgIfEgEfE-40198+9156-2228C","mapping_code":"3_90_170_1437227685","state":1},{"key":"MENU","name":"MENU","code":"+9104-4516+604-486+602-1598E-482EfE-484EfEgEfEfEhEfEhEfEgEfEhEfEfEgEhEgEhEfEgEhEgEfEfEfEfEgEfE-40176+9128-2220+606","mapping_code":"3_67_170_1437254205","state":1},{"key":"UP","name":"UP","code":"+9106-4518+604-484+602-1598EdEfE-482EfEdEfEfEd+600fEgEfEdEfEgEdEdHdEgEdEdHfEdEfEfEfEfEfEfEgEfE-40208+9156-2228C","mapping_code":"3_64_170_1437205245","state":1},{"key":"DOWN","name":"DOWN","code":"+9104-4516+606-486+602-1598E-482EfEgEfE-484EfEfEhEfEhEfEhEfEgEhEfEfEfEfEgEfEgEfEhEh+600hEhIfEhIfE-40250+9156-2220C","mapping_code":"3_94_170_1437235845","state":1},{"key":"LEFT","name":"LEFT","code":"+9104-4514+606-486+602-1598E-482EfEgEfE-484EfEfEhEfEhEfEhC-1594EgEhEfEhEgEhEh+600fEgEfEhEfEfEfEfEhJfE-40220A-2232+604","mapping_code":"3_66_170_1437221565","state":1},{"key":"RIGHT","name":"RIGHT","code":"+9104-4514+604-486+602-1598E-484EfE-482EfEhEfEfEgE-1600+600hEfEgEfEhEfEhEgEhEgEhEfEgEhEfEfEfEfEfEhEfE-40216+9134-2238C","mapping_code":"3_65_170_1437237885","state":1},{"key":"VOLUME_UP","name":"VOLUME UP","code":"+9106-4512+604-484+602-1598EdEfE-482EfEgEfEfEdEfEgEfEdEfEgEdEfEd+600fEgEdHdEdHfEgEfEdEfEfEfEfE-40220+9134-2214C","mapping_code":"3_10_170_1437225135","state":1},{"key":"VOLUME_DOWN","name":"VOLUME DOWN","code":"+9132-4528+604-484C-1612+602dF-1598F-482FgFdFgFgFdFgFhFgFdFgFhFgFgFhFgFdFhFdFhFdFhFgFdFgFgFgFgF-40228+9134-2220F","mapping_code":"3_11_170_1437257775","state":1},{"key":"CHANNEL_UP","name":"CHANNEL UP","code":"+9104-4532+604-496+602-1598E-482EfE-484EfEgEfEfEgEfEhEfEgEfEhEfEhEgEhEfEgEhEgEh+600fEfEfEhIfEfEfC-40176+9108-2212C","mapping_code":"3_17_170_1437239415","state":1},{"key":"CHANNEL_DOWN","name":"CHANNEL DOWN","code":"+9128-4548+606-490+602-1598E-484EfE-482EfEgEfEfEgEfEhEfEgEfEg+600gEgIgEhEfEhEhEgEfEfEfEfEhEfEfEfE-40188+9108-2236C","mapping_code":"3_16_170_1437206775","state":1}],"_id":"VxPukjv5mWiejUR8"}
