{"category":"TV","brand":"ABEX","model":"304000001","type":1,"version":"1.0","create_date":1694751948970,"protocol":"ABEX","map_code":[{"key":"MUTE","name":"MUTE","code":"+8686-4406+586-506+584-1590E-500EfEgEfEgEfEfE-502EfEhEfEgEfEgEfE-504+580hEfEgEhEfEhEgEfEfEgEfEfEgEfE-24700+8724-4422ChEfEgEfEgEfEgEfEfEhEfEgE-1594JgEfEhEfEgEhEfEgEhEfEgEhEfEfEhEfE","mapping_code":"3_73_170_1437241965","state":1},{"key":"EXIT","name":"EXIT","code":"+8660-4414+586-502+584-1590E-500EfEdEfEgEfEfEgEfEdEfEgEfEgEfEfEdEfEgEdEgEfEdEgEfEdEfEfEfEdE-24616+8724-4422C-504EfEgEfEgEfEdEfEfEgEfEgEfEdEfEgEfEfEdEfEgEgEgEfEgEdEfEgEfE","mapping_code":"3_139_170_1437258030","state":1},{"key":"FAST_FORWARD","name":"FAST FORWARD","code":"+8672-4410+586-502+584-1590E-500EfEgEfEgEfEfEdEfEgEfEdEfEgEgEfEfEfEfEdEfEgEfEgEdEgEdEfEgEfE-24628+8720-4400CdEfEdEfEdEfEdEfEfEgEfEgEfEgEfEdEgEfEfEfEfEdEfEdEfEgEgEdEgE","mapping_code":"3_94_170_1437235845","state":1},{"key":"PAUSE","name":"PAUSE","code":"+8660-4402+584-500C-1590C-502CeCfCeCdCeCeCdCeCdCeCdCeCfCeCeCeCeCeCeCeCeCdCfCdCfCdCdCfCdC-24724+8698-4398CdCeCfCeCfCeCdCeCeCdCeCdCeCdCeCfCeCeCeCeCeCeCeCeCdCfCdCfCdC","mapping_code":"3_255_170_1437269760","state":1},{"key":"0","name":"0","code":"+8690-4424+604-498+602-1572E-482EfCgEfEgEfEfEgEfE-484EfEgEfEgEgEhEgEhEgEhEgEhEfEfEfEfEfEfEfEfE-24616A-4364C-488EfEhEfEhEfEgC-1570EfEhEfEh+600fEgEfEhEgEhEgEhMhEhMhEhMfEfEfE-1574MfE","mapping_code":"3_0_170_1437204735","state":1},{"key":"1","name":"1","code":"+8676-4396+604-484+602-1572E-482EfEgEfEdEfEfEgEfEgEfEdEfEgEfEdEgEdEgEdEgEdEgEfEfEfEfEfC-1570EfE-24676+8718-4376CdEfEdEfEgEfEdEfEfEd+600fEgEfEdEfEdLfEdEdEgEdLdEdEgEdLfEfEfEfE","mapping_code":"3_1_170_1437237375","state":1},{"key":"2","name":"2","code":"+8690-4390+606-492+602-1572+604-482EfEhEfEhEfEfE-484EfEhEfEiEfEhEiEfEhEhEi+600iEiJiEfEiJfEfEfEfEfEfE-24640A-4370G-486EfEhEfEiEfEhEfEfEiEfEhEfEhEfEiEhEfEiEhEiEhEiEhEfEiEfEfEfE","mapping_code":"3_2_170_1437221055","state":1},{"key":"3","name":"3","code":"+8688-4386+602-484C-1572C-482CeCdCeCdCeCeCfCeCdCeCfCeCdCeCeCdCfCdCfCdCfCdCfCeCeCeCeCeCeC-24616+8740-4394+604dCeCfCeCdCeCfCeCeCfCeCdCeCd+600eCdCeCeCdCfCdCfCdCfCdCdKeCeCeC","mapping_code":"3_3_170_1437253695","state":1},{"key":"4","name":"4","code":"+8688-4382+602-484C-1572Cd+600eCdCeCdFeCeC-482CeFdCeCdCeCgCdCgCeCdCgCdCgCdFeCeCgCeCeCeCeCeC-24624+8742-4386+604dCeCdCeCgCeCdCeCeCdFeCgCeCdCeCgCdCgCeCdCgCdCgCdCeCeCdFeCeC","mapping_code":"3_4_170_1437212895","state":1},{"key":"5","name":"5","code":"+8716-4396+604-484+602-1572E-482EfEgEfEgEfEfEdEfEgEfEgEfEd+600fEgEfEdEgEdEgEdEgEfEdEfEfEfEfEfE-24620+8690-4390CdEfEgEfEdEfEdEfEfEgEfEdEfEgEfEdEfEdEfEgEdEgEdEgEdHfEgEfEfE","mapping_code":"3_5_170_1437245535","state":1},{"key":"6","name":"6","code":"+8688-4388+602-484C-1572CdCeC-482CeCfCeCeCfCeCdCeCd+626-1570CdC-488+596eCeCfCfCdCfCdCeCd+600dCeCeCeCeC-1576+598-24676+8714-4366+604dCeCdCeCfCeCdCeCeCdCeCdKeCdCeCdCfCeCeCdCfCdKdCdKeCfCdCeCeC","mapping_code":"3_6_170_1437229215","state":1},{"key":"7","name":"7","code":"+8690-4420+606-490+602-1572E-482EfE-484EfEgEfEfEgEfEhEfEg+604-1570EhEfEfEfEhEgEhEgEhEgEhEgEfEfEfEfEfE-24644+8692-4376IhEfEgEfEhEfEh+600fEfEgEfEhEfEhNfEhEfEfEfEhEhNhEgEhEgEhEgEfEfE","mapping_code":"3_7_170_1437261855","state":1},{"key":"8","name":"8","code":"+8688-4382+606-484+602-1572E-482EfEgEfEgEfEfEdEfEgEfEdE-1576+598dEgEdEgEfEdEgEdEgEfEfEfEgEfEfEfEfE-24658+8692-4398CdEfEdEfEdEfEgEfEfEdEfEd+600fEgEfEdEgEdEgEfEdEgEdEgEfEfEfEgEfE","mapping_code":"3_8_170_1437208815","state":1},{"key":"9","name":"9","code":"+8714-4400+606-484+602-1572E-482EfEdEfEgEfEfEdEfEdEfEgEfEdEfEgEdEfEd+600dEgEdEgEfEfEgC-1568EfEfEfE-24600+8716-4384+604dEfEgEfEdEfEdHfEfEdEfEdEfEgEfEdEfEdHdEfEdHdEdHdEgEfEfEgEfE","mapping_code":"3_9_170_1437241455","state":1},{"key":"POWER","name":"POWER","code":"+8738-4400+606-486+602-1572E-482EfE-484EfEh+600fEfEgEfEhEfEgEfEhEgEhEfEfEfEhEgEhEfEfEgEhEg+604-1570EfEfE-24614+8690-4402J-490EfEgEfEhEfEgEfEfEhEfEhEfEgEfEhEgEhEfEfEfEhIhEhEfEfEgEhEgE","mapping_code":"3_28_170_1437219015","state":1},{"key":"DOWN","name":"DOWN","code":"+8690-4388+606-488+602-1572E-484EfE-482EfEhEfEfEgEfEhEfEgEfEhEfEfEfEhEfEgEhEfEgEg+600gEfEgIfEfEhE-24656A-4380C-486EfEhEfEgEfEhEfEfEhEfEgIfEhEfEgEfEfEfEgEfEhEgEfEhEgEhEfEgE","mapping_code":"3_151_170_1437264150","state":1},{"key":"LEFT","name":"LEFT","code":"+8690-4382+604-486+602-1572E-482EfEgEfEgEfEfE-484EfEgEfEhEfEhEfEgEfEhEfEhEgEfEhEfEgEfEhEfEfEh+600-24684+8714-4362CdEfEgEfEgEfEhIfEfEgEfEhEfEhIfEgEfEhEfEgEfEhEhIfEhEfEhIfEhE","mapping_code":"3_149_170_1437247830","state":1},{"key":"RIGHT","name":"RIGHT","code":"+8742-4404+604-484+602-1572EdEfE-482EfCgE-1576+598fEdEfEgEfEdEfEgEdEgEfEgEfEdEgEfEfEfEdEfEdEfEfEd+600-24596+8692-4392CdEfEgEfEdJfEgEfEfEdEfEdJfEgEfEdJdEdEfEgEfEdEdJfEfEfEdEfEdE","mapping_code":"3_148_170_1437215190","state":1},{"key":"ENTER","name":"ENTER","code":"+8714-4376+606-484+602-1572E-482EfEgEfEgEfEfEdEfEd+600fEgEfEdEgEfEdEfEgEgEgEfEfEgEfEdEfEfEfEdH-24672+8716-4372+604-486EfEgEfEdEfEdHfEfEgEfEdEfEgEfEdEdHfEdEfEdEgEdEfEfEgEfEdEfE","mapping_code":"3_138_170_1437225390","state":1},{"key":"VOLUME_UP","name":"VOLUME UP","code":"+8688-4400+604-488+602-1572E-482EfE-484EfEgEfEfEhEfEh+600fEgEfEhEgEfEhEfEgEhEgEhEfEgEfEhEfEfEfEfE-24664+8716-4388CdEfEhEfEhEfEgEfEfEhEfEhIfEgEfEhEgEfEhEfEgEhEgC-496EfEhEfEgEfE","mapping_code":"3_10_170_1437225135","state":1},{"key":"VOLUME_DOWN","name":"VOLUME DOWN","code":"+8714-4380+606-490+602-1572E-482EfE-484EfEgEfEfEgEfEhEfEgEfEhEfEfEh+600fEgEhEgEhEgEhIfEgEfEfEfEfE-24624+8712-4376+604-486EfEgEfEhEfEgEfEfEhEfEhEfEgEfEhEfEfEhIfEgEhEgEhIhEhEfEgEfE","mapping_code":"3_11_170_1437257775","state":1},{"key":"CHANNEL_UP","name":"CHANNEL UP","code":"+8714-4376+606-486+602-1572E-482EfEgEfE-484EfEfEgEfEhEfEh+600fEgEfEhEgEhEfC-480EhEgEhEfEfEfEhEfEfEfE-24664+8716-4368CdIfEgEfEhEfEgEfEfEhEfEhEfEgEfEhEfEhIhEhIfEhEhIhEhIfEfEfEgE","mapping_code":"3_17_170_1437239415","state":1},{"key":"CHANNEL_DOWN","name":"CHANNEL DOWN","code":"+8740-4406+606-486+602-1572E-482EfEgEfE-484EfEfEhEfEhEfEh+600fEgEhEgEhEgEfEhEgEhEfEfEfEfEhIfEfEfE-24598+8690-4412+604dEfEhEfEhIfEgEfEfEhEfEgEfEhEfEhEgEhIhEhIfEgEhEgEfEfEfEfEgE","mapping_code":"3_16_170_1437206775","state":1},{"key":"UP","name":"UP","code":"+8822-4320+602-482+600-1564E-480EfE-478EfEgEfEfEg+598fEgEfEgEfEhEgEhEgEgIgEhEgEgIfEfEfEfEfEfEfEfE-26286+8800-4324CdEfEgEfEhEfEgEfEfEgIfEhEfEgEfEgIgEgIgEhEgEhEgEhEfEfEfEfEfEfEfEfE","mapping_code":"50_43520_43520_6172747335918551295","state":1}],"_id":"5Bp45darcH2e0uUa"}
