{"category":"TV","brand":"COOCAA","model":"147","type":1,"version":"1.0","create_date":1695030282859,"protocol":"COOCAA","map_code":[{"key":"0","name":"0","code":"+4606-4528+608-492+606-1620EfEfEdE-490EgEgCgEfEfEfEdEgEdEgEdEgEdEg+604dHdEgEgEfH-1622+602-1624EfEfEf+584-1642EiH-48426+4634-4492CiE","mapping_code":"7_0_14_1886388479","state":1},{"key":"1","name":"1","code":"+4652-4524+608-492+606-1620EfEfE-490EdEgEgEdEfEfEfEgEd+604dEdH-1622EgE-510+600-498EgEdHdEdEgEfHiK-1626Ef+584-1644+582o+588-1638P-48392+4608-4494EfE","mapping_code":"7_1_14_1886421119","state":1},{"key":"2","name":"2","code":"+4594-4524+608-492+606-1620EfEfE-490EdEgEdEgEfEfEfEgEgEgEgEdEf+582-514EdEd+600-496EgEdEfEgEf+604-1622Lm+584-1644LmHoL-48424+4608-4500CmE","mapping_code":"7_2_14_1886404799","state":1},{"key":"3","name":"3","code":"+4604-4524+608-492+606-1620EfEfEdE-490EdEgEdEfEfEfEdEgEgEd+604-1622EfEdEgEdEgEdHdEdEgHi+584-1642EfEfEi+602-1624H-48468+4634-4522CiE","mapping_code":"7_3_14_1886437439","state":1},{"key":"4","name":"4","code":"+4606-4570+610-504+606-1620EfEfE-492E-490EgEhEgEfEfEfEhEgEhEgEhEg+604fEgEgIgIgEhC-1616EfI-494EfI-1622EfIlEfI-48382+4630-4500EfE","mapping_code":"7_4_14_1886396639","state":1},{"key":"5","name":"5","code":"+4606-4578+610-500+606-1620EfEfE-490E-492EgEhEgEfEfEfEhEgEhEh+602-1624EgEfEh+604hKhEg+582-514EgL-1644K-494K-1622EfKpEfEf+584-48386+4608-4514EfE","mapping_code":"7_5_14_1886429279","state":1},{"key":"6","name":"6","code":"+4658-4520+608-494+606-1620EfEfE-490E-492EgEhEgEfEfEfEgEgEhEgEgEfEfEh+604hEh+602dEhIf+584-514IdEfEfI-1622+588-1638ImE-48368+4632-4496EfE","mapping_code":"7_6_14_1886412959","state":1},{"key":"7","name":"7","code":"+4606-4554+610-500+606-1620EfEfE-492E-490EhEhEhEfEfEfEhEgEhEg+604-1622IjEfEhEhEgIgEgIgEhEgEfEfEfEfEfE-48364A-4490EfE","mapping_code":"7_7_14_1886445599","state":1},{"key":"8","name":"8","code":"+4630-4504+608-492+606-1620EfEfE-490EdEgEdEgEfEfEfEgEgEgEgEdEgEd+604-1622Eg+582-514Jk+584kHiHiHiJkHfEiHiHiJ-48390+4608-4492EfE","mapping_code":"7_8_14_1886392559","state":1},{"key":"9","name":"9","code":"+4608-4516+608-492+606-1620EfEfE-490EdEgEdEgEfEfEfEgEdEgEdEfEgEdEfEgEdEgEdEgEfEfEdEfEfEfEf+582-48462+4634-4492C-1622E","mapping_code":"7_9_14_1886425199","state":1},{"key":"MUTE","name":"MUTE","code":"+4596-4514+608-492+606-1620EfEfE-490EgEgEgEgEfEfEf+604dEdEgEdH-1622HdEfEfEgEdEgEdHdHiH-494HdEf+600-1626+602-1624+584-1642O-48448+4636-4498CiE","mapping_code":"7_13_14_1886433359","state":1},{"key":"INPUT","name":"INPUT","code":"+4608-4520+608-492C-1634+606-1620FgF-490FhFhFhFhFgFgFgFdFhFdFhFgFgFgFgFhFdFhFd+604dFdFhFdIgFgFgFgI-48436+4634-4506CgF","mapping_code":"7_15_14_1886449679","state":1},{"key":"REWIND","name":"REWIND","code":"+4596-4514+608-494+606-1620EfEfE-492E-490EhEhEgEfEfEfEhEgEhEgEhEgEhEgEh+604gIfEhEfI-1622+602-1624EfEfEjIgKlI-48446+4634-4498CfE","mapping_code":"7_64_14_1886388989","state":1},{"key":"PLAY","name":"PLAY","code":"+4598-4520+606-490C-1620CeCeCdC-492CdCdCdCeCeCeCdCdCfCdCeCdCdCeCfCdCeCdCfCeCeCdCeCeCdCe+602-48410+4608-4508+608-1622C","mapping_code":"7_73_14_1886425709","state":1},{"key":"FAST_FORWARD","name":"FAST FORWARD","code":"+4604-4520+608-492+606-1620EfEfE-490EdEgEdEgEfEfEfEdEgEdEgEfEdEgEd+604dHdEfEgEdH-1622Hi+582-1644JkHiC-488HiH-48420+4636-4494CiE","mapping_code":"7_65_14_1886421629","state":1},{"key":"STOP","name":"STOP","code":"+4600-4514+608-492+606-1620EfE-1622E-490EdEhEdEhEfEf+604gEhEhEhEhEdEfEhEfEdEdIgEd+582-1644EdEfEdEfIgIdIgI-48412+4608-4500CgE","mapping_code":"7_74_14_1886409389","state":1},{"key":"INFO","name":"INFO","code":"+4606-4522+608-492+606-1620EfEfE-490EdEgEdEgEfEfEfEgEdEgEd+604dEdHfEdEdEfE-1622HdEfEfEdEfEfHdHdEfE-48422+4634-4496CiE","mapping_code":"7_100_14_1886398169","state":1},{"key":"SLEEP","name":"SLEEP","code":"+4684-4546+608-492+606-1620EfEfE-490EdEgEdEgEfEfEfEdEgEdEgEdEfEfEfEdEgEd+604dEfEdEgEdHfE-1622EfHiE-48358+4606-4556C-1730+662","mapping_code":"7_14_14_1886417039","state":1},{"key":"LAST","name":"LAST","code":"+4606-4526+608-492+606-1620EfEfE-490EgEgEdEgEfEfEfEdEdEg+604dHfEfHdEfEdEgEdEgHdHdEfEdEfH-1622+584-1642EfJ-48462+4632-4496CiE","mapping_code":"7_11_14_1886441519","state":1},{"key":"DISPLAY","name":"DISPLAY","code":"+4608-4514+608-494+606-1620EfEfE-492E-490EhEgEhEfEfEfEgEgEhEgEhEfEf+600-496+604-1622EgKgEgE-1624+602gKgEf+584-514EfNmO-1642E-48430+4634-4500EfE","mapping_code":"7_22_14_1886414999","state":1},{"key":"PREVIOUS","name":"PREVIOUS","code":"+4604-4520+608-492+606-1620EfEfE-490EdEgEdEgEfEfEfEgEdEgEgEfEfEfEgEdEgEfEdEgEd+598-498EfEf+584-1642Eg+604-1622+602-48430+4634-4496CmE","mapping_code":"7_71_14_1886446109","state":1},{"key":"RED","name":"RED","code":"+4606-4520+610-492+606-1620EfEfEdE-490EdEgEdEfEfEfEd+604dEdHdEdEfE-494+602gEgEfJ-1624EdEf+582-514+584-1640H-1622+600-1628HdHiEfL-48454+4636-4498+608pE","mapping_code":"7_98_14_1886406329","state":1},{"key":"GREEN","name":"GREEN","code":"+4596-4566+610-504+606-1620EfEfE-492E-490EgEhEg+604fEfE-1622EhEgEhEgEfEfEhEgEhEfEfEgEgIgEf+602-1624EfEgIgIj+584-48390+4606-4524EfE","mapping_code":"7_99_14_1886438969","state":1},{"key":"BLUE","name":"BLUE","code":"+4606-4576+606-514C-1620Ce+610-1628C-490C-492ChChChCeCeCeCiChCiChCeChCeChCiCeCeCi+604i+602-1624CiJ-1622Jm+584-512JiCeC-48364+4608-4516CeC","mapping_code":"7_101_14_1886430809","state":1},{"key":"PICTURE_MODE","name":"PICTURE MODE","code":"+4596-4520+608-492+606-1620EfEfE-490EdEgEdEgEfEfEfEdEgEdEgEfEfEf+586-510+604-1622EgEgEd+602-494JdEgEf+584-514L-1624+582-1644JkQ-48450+4634-4500EfE","mapping_code":"7_23_14_1886447639","state":1},{"key":"POWER","name":"POWER","code":"+4604-4570+610-500+606-1620EfEfE-490EgEgEgEgEfE-1622+604fEgE-492EgEjEgEjEfEfEjEgEgEgEfEfEjEgEfEf+584-1642IhK-48394+4608-4524+608hE","mapping_code":"7_12_14_1886400719","state":1},{"key":"MENU","name":"MENU","code":"+4608-4518+610-492+606-1620EfEfE-490EgEgEgEgEfEfEfEdEgEdEgEfEdEgEdEf+604-494+582-514HdEdEfEfH-1624+602iH-1622+584-1642EfH-48396A-4496EfE","mapping_code":"7_17_14_1886423159","state":1},{"key":"UP","name":"UP","code":"+4606-4520+608-494+606-1620EfEfE-492E-490EgEhEhEfEfEfEhEgEhEgEhEfEgEhEgEhEf+604dI-1622IgEfEf+584-1644+602-1624Md+582lE-48434+4634-4496CjE","mapping_code":"7_66_14_1886405309","state":1},{"key":"DOWN","name":"DOWN","code":"+4604-4562+610-528+606-1620EfEfE-492E-490EgEhEgEfEfEfEgEhEgEhEfEfEg+604gEgEhEf+602-496IgEgEfEf+582-1644LmEgI-1622L-48388+4608-4494EfE","mapping_code":"7_67_14_1886437949","state":1},{"key":"LEFT","name":"LEFT","code":"+4660-4526+608-492+606-1620EfEfEdE-490EdEgEdEfEfEfEgEgEd+604dEgEdEfHdEdHdEfH-494Ef+582-1644+600-496H-1622L-1626Ho+602dJ-1642E-48364+4634-4520CnE","mapping_code":"7_68_14_1886397149","state":1},{"key":"RIGHT","name":"RIGHT","code":"+4604-4624+610-508+606-1620EfEfE-490E-492+604gEgEgEfEfEfEhEgEhEgEfEhEfEgEhEgI-1622EhEgEfEgEfEfEfEhEf+600-48374A-4524EfE","mapping_code":"7_69_14_1886429789","state":1},{"key":"ENTER","name":"ENTER","code":"+4608-4572+610-504+604-1620+606fGfG-490G-492GhGiGhGfGfGfGiGhGhGhGhGfE-1622GiEiGhGfGhGf+602-494+582-514GfEj+584-1642OnEjM-48390A-4500Gf+608","mapping_code":"7_70_14_1886413469","state":1},{"key":"VOLUME_UP","name":"VOLUME UP","code":"+4606-4590+610-504+606-1620EfEfE-490E-492EgEhEgEfEfEfEgEgEgEgEhEh+604fEhEfEhEgEhEfEfEgC-1616EhI-1622EfEfI-48378+4608-4516EfE","mapping_code":"7_20_14_1886398679","state":1},{"key":"VOLUME_DOWN","name":"VOLUME DOWN","code":"+4608-4516+608-492+606-1620EfEfE-490EdEgEdEgEfEfEfEdEgEdEgEfEgEfEdEfEgEdEg+604dHfEg+582-1644I-514HfEf+584jI-48456+4630-4496EfE","mapping_code":"7_21_14_1886431319","state":1},{"key":"CHANNEL_UP","name":"CHANNEL UP","code":"+4596-4514+610-492+606-1620EfEfE-490EdEgEdEgEfEfEfEdEgEdEgEd+604-1622EgEdEfEdHdEdHf+600-496EfEfEdEf+584-1642EfE-48434+4634-4494+608iE","mapping_code":"7_18_14_1886406839","state":1},{"key":"CHANNEL_DOWN","name":"CHANNEL DOWN","code":"+4608-4528+608-496+606-1620EfEfE-490E-492EgEhEg+604-1622EfEfEgEgEhIhEfEfEgEgEfEgIhIhEh+582-514+602-1624IjKlEfIjIjI-48416+4634-4510CjE","mapping_code":"7_19_14_1886439479","state":1}],"_id":"apKRADfcUAvEPJgb"}
