{"category":"STB","brand":"SONY","model":"234","type":1,"version":"1.0","create_date":1685587913951,"protocol":"SONY","map_code":[{"key":"POWER","name":"POWER","code":"+2400-650+1200-550B-600CeEeCeEeEeEeCeEeCeCeEeCeEeEeCeCdCeC-11950+2450eCdEeCdEeCdBdBdBd+1250dBdHdHdBeCdEeEeCdCeCeC","mapping_code":"4_30997_26_691023","state":1},{"key":"VOLUME_UP","name":"VOLUME UP","code":"+2400-600Bb+1200-550BbBbCbBbBbCdBbBd+650dE","mapping_code":"4_18_1_1168","state":1},{"key":"VOLUME_DOWN","name":"VOLUME DOWN","code":"+2400-650+1200-600CdDdDdCdDdDdCdDdDdDdD","mapping_code":"4_19_1_3216","state":1},{"key":"BACK","name":"BACK","code":"+2450-600+1200-550CdBbBd+650bCbBbCbCdCbBbCdBbBbC","mapping_code":"4_35_151_25321","state":1},{"key":"MENU","name":"MENU","code":"+2400-650+600c+1200-550CcCcCcCc+1250cCcDeCcDcDcCcDcCcCcDcDcDcD-12600AcCcDcCcCcCcCcDeCcDcCcDeDeCcDeBeBeFeFeFeF","mapping_code":"4_31042_26_273231","state":1},{"key":"CHANNEL_UP","name":"CHANNEL UP","code":"+2400-600BbBbBbBb+1200bBbBbBbCbBbCbCbBbCbBbBbCbCbCbC-13250AbBbBbBbBbC-550BbBbBbCeBe+1250eFe+650eFeGeGeFeCeCeC","mapping_code":"4_30992_26_35663","state":1},{"key":"CHANNEL_DOWN","name":"CHANNEL DOWN","code":"+2450-600+1200bB-550BbBbCbBbBbBbCbBbCd+1250d+650dEdFdFdEdEdEdC-12600+2400bCbBbBbBbCbBbBbBbCbBbCbCbBbCbBbBbCbCf+1150fI","mapping_code":"4_30993_26_559951","state":1},{"key":"UP","name":"UP","code":"+2400-600+1250bBbBb+1200-550DeDeBbBbDeBbDbDbBbDbBbBbDeDbDeD-11400AeCe+650eGeCeCeCeBbBbDbBbDbDbBbDbBbBbDbDbDbD","mapping_code":"4_31033_26_641871","state":1},{"key":"DOWN","name":"DOWN","code":"+2400-600Bb+1200bBbCbC-550CbBbBbCdBbCbCbBbCbBbBbCbCbCdC-11400AbBbCd+650d+1250dGdGdFdFdGdBbCdCbBbCbBbBbCbCbCbC","mapping_code":"4_31034_26_379727","state":1},{"key":"LEFT","name":"LEFT","code":"+2400-650+1200-600C-550DdCdCdCdDdDdCdDdCdCeDdCeDdDdCdCeCdC-10800AdCdCdDdCeCdCeDdDdCdDdCe+1250eBeGeBeBeGeGeCeC","mapping_code":"4_31035_26_904015","state":1},{"key":"RIGHT","name":"RIGHT","code":"+2400-600BbBb+1200bC-550CbCbBbBbCdBbCdCbBd+1250d+650dFdEdEdEdC-11400+2450bBbBbCbCbCbCbBbBbCbBbCbCbBbCbBbBbCf+1150fIfI","mapping_code":"4_31036_26_248655","state":1},{"key":"ENTER","name":"ENTER","code":"+2400-650+1200-550+600eCeCeCeCeEeEeCeEeCdCeEeCdEeEeCeCdCdC-10800AeCeEeCdCdCdCeEeEeCeEeCdCdEeCdEeEeCeCd+1250dG","mapping_code":"4_31037_26_772943","state":1},{"key":"REWIND","name":"REWIND","code":"+2400-600+1200bCbBbCbCbBbBbBbCbBbC-550CdBbCbBbBbCbCbCbC-11450AbCbCdBbCbCbBbBbBbCd+650d+1250dGdFdGdFdFbCdCdCbC","mapping_code":"4_31003_26_887631","state":1},{"key":"PLAY","name":"PLAY","code":"+2400-650+600c+1200cCcDcDcCcCcCcDcCcD-550+1250eBeFeBeBeFeDeDeD-12000AbCcDcCcDcDcCcCcCcDcCcDcDcCcDcCcCb+1150bHbHbH","mapping_code":"4_31002_26_363343","state":1},{"key":"FAST_FORWARD","name":"FAST FORWARD","code":"+2400-600BbBb+1200bCbCbBbBbBbCbBbCbC-550+650d+1250dEdBbCbFbCdC-12000AbBbBbCbCbCbBbBbBbCbBbCbCbBbCbBbBbCbCe+1150eH","mapping_code":"4_31004_26_232271","state":1},{"key":"STOP","name":"STOP","code":"+2400-650+600cCcCc+1150b+1200cCcCcCcEcCcEcE-550CcEcCcCcEcEcEfE-12600AcBfBfBf+1250fHfBcCfBfHfCcEfEcCcEcCcCcEcEcEcE","mapping_code":"4_31000_26_101199","state":1},{"key":"INFO","name":"INFO","code":"+2450-600+1200bBbBbBbB-550+650bCdBbCdBbCbCbBbCbBdEd+1250dFdFdF-12600+2400bCdBbBbBbBbBbCbBbCbBbCbCbBbCbBbBbCbCbCbC","mapping_code":"4_31041_26_535375","state":1},{"key":"RECORD","name":"RECORD","code":"+2400-600+1200bBbCbC-550CdBbBbBbCbBbCdCbBbCdBbBbCbCbCbC-11400AbCbBbCdCd+1250d+650dGdGdFdGdFdCdBbCbBbBbCbCbCbC","mapping_code":"4_31005_26_756559","state":1},{"key":"PAUSE","name":"PAUSE","code":"+2400-600+1200bBbBbCbCbB-550BbBbCdBbCdCd+650d+1250dEdEdFdCbFdF-12050AbCbBbBbCbCbBbBbBbCbBbCbCbBbCbBbBbCbCe+1150eH","mapping_code":"4_31001_26_625487","state":1},{"key":"PREVIOUS","name":"PREVIOUS","code":"+2400-600+1200-550+1250dCbBbCbBbCbBbCbBbCdCbBbCdBbBbCdCdCdE-10850AbEdEdEdBbCdBbCbBbCbBbCbCbBbCbBbBbCbCbCbC","mapping_code":"4_31063_26_961359","state":1},{"key":"NEXT","name":"NEXT","code":"+2400-650+600c+1200cDcCcDcCcDcCcDcC-550DcDeCcDcCcCcDcDcDeD-11400+2450cCcDeDcCcDcCcDeCcDeCcDe+1250eBeHeBeBeHeHeDeD","mapping_code":"4_31062_26_437071","state":1},{"key":"RED","name":"RED","code":"+2400-600+1200bCbCbBbBbCbCbBbCbBbCbC-550BbCdBbBbCdCbCd+1250-10800AdEdEdEd+650bBbCdCdBbCbBbCbCbBbCbBbBbCbCbCbC","mapping_code":"4_31079_26_944975","state":1},{"key":"GREEN","name":"GREEN","code":"+2400-600BbBbBb+1200bBbCbC-550BbCbBbCd+1250d+650dEdFdFdEdEdCdC-12050AbBbBbBbCbBbCbCbBbCbBbCbCbBbCbBbBbCf+1150fHfH","mapping_code":"4_31080_26_93007","state":1},{"key":"BLUE","name":"BLUE","code":"+2400-650+600c+1200cDcCcCcDcD-550Cc+1100bCcDeDcCcDeCcCcDeDeDcD-11400AcCcDeDcCcCe+1250eHeBeHeBeHeHeCcDeCcCcDcDcDcD","mapping_code":"4_31078_26_420687","state":1},{"key":"YELLOW","name":"YELLOW","code":"+2400-650+1200-550+600eEeCeEeCeCdEeCeEd+1250dFdBdFdBdBdFdFdCeC-11400AeCeEeEeCeEeCeCeEeCeEeCeCeEeCeEbDb+1150bHbHbH","mapping_code":"4_31081_26_617295","state":1}],"_id":"fD949PpzNTL1oGx5"}
