{"category":"TV","brand":"SHARP","model":"1357","type":1,"version":"1.0","create_date":1695097258141,"protocol":"SHARP","map_code":[{"key":"0","name":"0","code":"+9240-4572+604-1638+602-1634E-1632E-500EhEhEhEhEhEhEhEfEfEgEfEgEhEhEhEhEhEhEh+600hEfEfEfEfEfEfEfEfE-40764+9220-2238C","mapping_code":"3_0_7_3760128255","state":1},{"key":"1","name":"1","code":"+9218-4570+604-1638C-1632+602eC-500FgFgFgFgFgFgFgFd+598-1634FiFiFeCeFgFgFgFgFgFgFgFgFiFiFiFeFiFiFiF-40806+9220-2258C","mapping_code":"3_1_7_3760160895","state":1},{"key":"2","name":"2","code":"+9218-4556+604-1634+602-1632CfE-500EgEgEg+626-498EgEgEgEdEfEdEdEfEgEdEgEgEgEgEgEgEdEgEdEdEdEdEdEdE-40810A-2366+870","mapping_code":"3_2_7_3760144575","state":1},{"key":"3","name":"3","code":"+9192-4552+604-1638C-1632Ce+602-500FgFgFgFgFgFgFgFeF-1634FhFeFhFhFhFgFgFgFgFgFgFgFgFhFhFhFhFeFhF-40796+9218-2244C","mapping_code":"3_3_7_3760177215","state":1},{"key":"4","name":"4","code":"+9244-4734+604-1638+602-1634E-1632C-500EhEhEhEhEhEhEhEfEfEfEfEfEhE-504+598fEhEhEhEhEhEfEfEhEfEfEfEfEfE-40838+9220-2252C","mapping_code":"3_4_7_3760136415","state":1},{"key":"5","name":"5","code":"+9218-4566+604-1634+602-1632CfC-500EgEgEgEgEgEgEgEdEdEfEdEdEfEgEdEgEgEgEgEgEg+600dEgEdEdEdEdEdE-40838+9220-2250C","mapping_code":"3_5_7_3760169055","state":1},{"key":"6","name":"6","code":"+9242-4550+604-1634C-1632+602eC-500FgFgFgFgFgFgFgFdFdFeFdFdFgFdFdFgFgFgFgFgFdFgFgFdFdFeFdFdF-40838+9244-2250C","mapping_code":"3_6_7_3760152735","state":1},{"key":"7","name":"7","code":"+9244-4560+604-1634+602-1632CfE-500EgEg+630-502EgEgEgEgEfEdEdEfEdEdEfEdEgEgEgEgEgEgEgEgEdEdEdEdEdE-40840+9220-2246C","mapping_code":"3_7_7_3760185375","state":1},{"key":"8","name":"8","code":"+9242-4558+604-1634+602-1632CdE-500EgEgEgEgEgEgEgEdEfCfEdEdEgEgEgEdEgEgEgEgEdEfEdEgEdEdEdEdE-40810A-2248C","mapping_code":"3_8_7_3760132335","state":1},{"key":"9","name":"9","code":"+9218-4542+604-1634C-1632CeC-500+602fGfGfGfGfGfGfGdGeGdGeGdGeGfGfGdGfGfGfGfGfGdGeGfGdGdGdGdG-40820+9220-2258C","mapping_code":"3_9_7_3760164975","state":1},{"key":"POWER","name":"POWER","code":"+9242-4560+604-1638C-1632Ce+602-500FgFgFgFgFgFgFgFeCeF-1634FeFhFgFgFgFhFhFgFgFgFhFhFhFgFgFhFeFhF-40820+9220-2246C","mapping_code":"3_24_7_3760134375","state":1},{"key":"MENU","name":"MENU","code":"+9244-4556+604-1638C-1632+602eC-500FgFgFgFgFgFgFgFeF-1634F-1636+600eFhFhFgFhFgFhFgFgFgFgFhFgFhFgJhFhFhF-40822+9242-2262C","mapping_code":"3_21_7_3760171095","state":1},{"key":"VOLUME_UP","name":"VOLUME UP","code":"+9242-4554+604-1642+602-1632CfC-500EgEgEgEgEgEgEgE-1634EhEfEhEhEgEgEhEhEg+600gEgEgEhEhEgEgEhEhEhEhE-40810+9220-2244C","mapping_code":"3_12_7_3760140495","state":1},{"key":"VOLUME_DOWN","name":"VOLUME DOWN","code":"+9218-4630+604-1658C-1632Ce+602-500FgFgFgFgFgFgFgF-1664CeF-1634FiFiFiFiFgFiFgFgFg+600gFgFgFiFgFeCeFiFiF-40780+9220-2262C","mapping_code":"3_11_7_3760181295","state":1},{"key":"CHANNEL_UP","name":"CHANNEL UP","code":"+9244-4578+604-1634C-1632+602eC-500FgFgFgFgFgFgFgFeFdFdFdFdFdFgFdFdFg+600gFgFgFgFdFgFgHdFdFdFdF-40824+9220-2244C","mapping_code":"3_13_7_3760173135","state":1},{"key":"CHANNEL_DOWN","name":"CHANNEL DOWN","code":"+9242-4548+604-1634C-1632+602eC-500FgFgFgFgFgFgFgFdFdFdFeFdFgFdFdFdFgFg+600-502HgFdFgFgFgFdFdFdFdF-40800+9246-2276C","mapping_code":"3_14_7_3760156815","state":1},{"key":"MUTE","name":"MUTE","code":"+9218-4542+604-1634C-1632Ce+602-500FgFgFgFgFgFgFgFdFeFdFdFdFdFeFdFgFdFg+600gF-502FgHgFgFdFgFdFdFdF-40848A-2268C","mapping_code":"3_23_7_3760187415","state":1},{"key":"INPUT","name":"INPUT","code":"+9218-4556+604-1634C-1632Ce+602-500FgFgFgFgFgFgFgFeCeFdFeFdFdFdFgFgFdFgFgFgFgF-502+600dFdFgFdFdFdF-40806+9220-2242C","mapping_code":"3_19_7_3760179255","state":1},{"key":"LAST","name":"LAST","code":"+9218-4544+604-1634C-1632+602eC-500FgFgFgFgFgFgFgFeFdFeFdFdFeFdFdFeFdFgFgFgFgFgFgFgFgFdFdFdF-40844+9270-2258C","mapping_code":"3_31_7_3760191495","state":1},{"key":"DISPLAY","name":"DISPLAY","code":"+9218-4588+604-1644C-1632+602eC-500FgFgFgFgFgFgFgFeF-1634FhFhFeFhFgFeFhFhFgFgFgFgFhFgFgFgFhFhFhF-40788+9246-2302C","mapping_code":"3_29_7_3760175175","state":1}],"_id":"D4xaGkZplxdWGyvh"}
