{"category":"TV","brand":"SHARP","model":"2662","type":1,"version":"1.0","create_date":1695095947531,"protocol":"SHARP","map_code":[{"key":"0","name":"0","code":"+9218-4542+602-500+600-498EfEfEfEfEfEfE-1630EgCfEgEfEgEfEfEfEgEgEgEgEfEgEgEgEfEfEfEfEgEfEfE-41690+9214-2246+604","mapping_code":"3_222_11008_13925252","state":1},{"key":"1","name":"1","code":"+9214-4536+604-512+600-498EfEfEfEfEfEfE-1630EgEfEgEfEgEfEfEgEgEfEfEgEfEfEgEfEfEgEgEfEgE-1632EfE-41702+9246-2314C","mapping_code":"3_147_11008_13945142","state":1},{"key":"2","name":"2","code":"+9216-4548+602-514+600-498EfEfEfEfEfEfE-1630EgEfEgEfEgEfEfEfEgEfEfEgEfEgEgEgEfEgEgEfEgEf+598-500E-41666+9218-2284C","mapping_code":"3_210_11008_13913012","state":1},{"key":"3","name":"3","code":"+9242-4596+602-500+600-498EfEfEfEfEfEfE-1630EgEfEgEfEgEfEfEgEgEfEfEgEfEgEgEfEfEgEgEfEgEfEfE-41690+9190-2260C","mapping_code":"3_211_11008_13945652","state":1},{"key":"4","name":"4","code":"+9188-4592+628-506+600-498EfEfEfEfEfEfE-1630+602-1628HfEgEfEgEfEfEgEgEgEfEgEfEfEgEfEfEfEgEfE-1634+596gEfE-41680+9192-2266H","mapping_code":"3_151_11008_13953302","state":1},{"key":"5","name":"5","code":"+9192-4530+602-500+600-498EfEfEd+598fEfEfE-1630EhEfEhCfEhEfEfEfEhEhEfEhEfEhEhEhEfEfEhEfEhEfEfE-41706+9242-2294C","mapping_code":"3_214_11008_13921172","state":1},{"key":"6","name":"6","code":"+9190-4556+602-500+600-498EfEfEfEfEfEfE-1630EgEfEgCfEgEfEfEgEgEgEfEgEfE-1632+598gEfEfEfEgEfEgEfEfE-41682+9216-2310C","mapping_code":"3_215_11008_13953812","state":1},{"key":"7","name":"7","code":"+9218-4560+602-500+600-498EfEfEfEfEfEfE-1630EgEfEgEfEgEfEfEgEgEfEgEgEfEfEgEfEfEgEfEfEgEgEfE-41674+9220-2266C","mapping_code":"3_155_11008_13949222","state":1},{"key":"8","name":"8","code":"+9216-4544+602-504+600-498EfEfEfEfEfEfE-1630EgCfEgEfEgCfEfEfEgEfEgEgEfEgEgEgEfEgEfEfEgEfEfE-41706+9194-2248C","mapping_code":"3_218_11008_13917092","state":1},{"key":"9","name":"9","code":"+9190-4566+628-518+600-498EfEfEfEfEfEfE-1630+602gEfEgEfEgE-520EfEgEgEfEgEgEfEgHgEfEfEgEfEfEgEfEfE-41720+9192-2258+604","mapping_code":"3_219_11008_13949732","state":1},{"key":"POWER","name":"POWER","code":"+9190-4542+602-500+600-498EfEfEfEfEfEfE-1630CgEfEgCfEgEfEfEfEfEfEfEfEfEgEgEgEgEgEgEgEgEfEfE-41706+9220-2268+604","mapping_code":"3_192_11008_13894652","state":1},{"key":"MENU","name":"MENU","code":"+9192-4548+602-500+600-498EfEfEfEfEfEfE-1630EgEfEgCfEgEfEfEfEgEgCfEfEfEgEgEgEfEfEgEgEgEfEfE-41658A-2284C","mapping_code":"3_198_11008_13919132","state":1},{"key":"VOLUME_UP","name":"VOLUME UP","code":"+9188-4548+602-500+600-498EfE-522EfEfEfEfE-1630EhCfEhCfEhEfEfEfEfEhEhEfEfEhEhEhEhEfEfEhChEfEfE-41726+9220-2248C","mapping_code":"3_204_11008_13906892","state":1},{"key":"VOLUME_DOWN","name":"VOLUME DOWN","code":"+9218-4548+628-518+600-498Ef+624-496EfEfEfEfE-1630EiEfEiEfEi+602fEfEfEfEiEfEiEfEiEiEiEiEfEiEfEiEfEfE-41730+9220-2284J","mapping_code":"3_212_11008_13904852","state":1},{"key":"CHANNEL_UP","name":"CHANNEL UP","code":"+9214-4518+602-500+600-498EfEfEfEfEfEfE-1630+604-1626EfEgEfEgEfEfEfEfEfEgEgEfEgEgEgEgEgEfEfEgEfEfE-41726+9246-2262C","mapping_code":"3_216_11008_13900772","state":1},{"key":"CHANNEL_DOWN","name":"CHANNEL DOWN","code":"+9218-4562+604-510+600-498EfEfEfEfEfEfE-1630Eg+602fEgEfEgEfEfEfEfEgEgEgEfEgEgEgEgEfEfEfEgEfEfE-41688+9194-2244H","mapping_code":"3_220_11008_13908932","state":1},{"key":"MUTE","name":"MUTE","code":"+9192-4558+602-500+600-498EfEfEfEfEfEfE-1630EgEfEgEfEgEfEfEfEfEgEfEfEfEgEgEgEgEfEgEgEgEfEf+598-41718+9220-2266+606","mapping_code":"3_196_11008_13902812","state":1},{"key":"INPUT","name":"INPUT","code":"+9216-4526+602-502+598-498+600fGfGfGfGfGfG-1630GhGfGhCfGhGfGfGhGfGfGhGfGfGhGhGfGhGhGd+596hGhGfGfG-41696+9218-2258C","mapping_code":"3_201_11008_13931372","state":1},{"key":"LAST","name":"LAST","code":"+9214-4524+602-500+600-498EfEfEfEfEfEfE-1630EgEfEgCfEgEfEfEgEgEgEgEgEfEgEgEfEfEfEfEfEgEfEfE-41690+9194-2266C","mapping_code":"3_223_11008_13957892","state":1}],"_id":"HHadRT9DtTvmqU8q"}
