{"category":"TV","brand":"SHARP","model":"2677","type":1,"version":"1.0","create_date":1695091359235,"protocol":"SHARP","map_code":[{"key":"0","name":"0","code":"+4658-4550+602-500+598-1632+600fG-1630GfG-498GiGiGiGhGhGfGhGdEdEdEdEdE-502+596dEdEdEdEdEfGfEfGfGhGfGfGhG-46286+4634-4614+626-1646G","mapping_code":"7_0_30_2021130495","state":1},{"key":"1","name":"1","code":"+4656-4564+598-528+600-1630E-1632EgEfE-498C-500CiCiCgEfEfEg+626hEhEhEgCiCiCiCiCiCiCiCiCgEgEfEgEgCgEgE-46304A-4570EgE","mapping_code":"7_1_30_2021163135","state":1},{"key":"2","name":"2","code":"+4654-4524+602-502+600-1632C-1628EfE-1630E-498EiEiEiEhEfEf+598fEiEiJ-500EiJfEiEiEiEiJkJkJfEiEfJfEfJfEfJfE-46330+4634-4538E-1634E","mapping_code":"7_2_30_2021146815","state":1},{"key":"3","name":"3","code":"+4632-4536+602-500+600-1630E-1632EfEgE-498+598dIdEhIgEfEgEfEdIdIhEgIgEhEhEhIdIdIdIdIdIgEfEgIgEgIgE-46282+4634-4566CgE","mapping_code":"7_3_30_2021179455","state":1},{"key":"4","name":"4","code":"+4632-4564+602-514+600-1632E-1630EfEgE-498EhEhEhEgEfEgEfEhEhEh+598-500IjIfEhEhEhIjIjIfEfIjEgEfIfEfIfE-46286A-4546CfE","mapping_code":"7_4_30_2021138655","state":1},{"key":"5","name":"5","code":"+4632-4650+628-524+600-1630E-1632EfEgE-498+598-500IjIjIgEfEgEgIjIjIjIgIjEfEjIhEhEhEjIjIgEhEgIgEgIgEgI-46288+4634-4540+602gE","mapping_code":"7_5_30_2021171295","state":1},{"key":"6","name":"6","code":"+4658-4556+602-500+598-1632+600fG-1630GfG-498GiGiGiGhGfGfGhGdEdEdEdEfGfEdEdEdEdEdEfGdEiGfGhGfGfEfG-46296+4660-4576GfG","mapping_code":"7_6_30_2021154975","state":1},{"key":"7","name":"7","code":"+4632-4540+600-504+596-1630C-1632CfCgC-498ChCh+598-500IgCgIgCgChIjIjIgCfCgChChChIjIjIjIjIjIgCfCgCfCgC-46330+4634-4546CgC","mapping_code":"7_7_30_2021187615","state":1},{"key":"8","name":"8","code":"+4658-4570+602-510+600-1632E-1630EfEgE-500+598-498EhIhIfEfEgEfEjEhIjEjEjEjEfEjIhIhIhIfEfEfIhIfEfEgEfE-46292+4656-4582C-1646E","mapping_code":"7_8_30_2021134575","state":1},{"key":"POWER","name":"POWER","code":"+4660-4584+602-506+600-1630E-1632EgEfE-498EhEhEhEgEfEgEg+598-500IjIjEhEhIgEgEhEhEhEhEfEgEjIhEgEfEgEgI-46286A-4606C-1636E","mapping_code":"7_12_30_2021142735","state":1},{"key":"MENU","name":"MENU","code":"+4658-4664+602-504+600-1630E-1632EfEgE-498EhEhE-500+598gEfEgEgEhJiEhJiJiJiJiJgEiJiJiJgEfEgEgJiJgEgEgJ-46284+4660-4574CgE","mapping_code":"7_16_30_2021132535","state":1},{"key":"VOLUME_DOWN","name":"VOLUME DOWN","code":"+4630-4540+602-500+598-1632+600fG-1630GfG-498GiGiGiGfGhGfGfEdEdEdEdEdEfGdEfGiGiGiGhGfGiEfGiEfGfGfE-46314+4634bCfG","mapping_code":"7_20_30_2021140695","state":1},{"key":"VOLUME_UP","name":"VOLUME UP","code":"+4634-4556+602-504+598-1632+600fGfEfG-498GhGhGhGfG-1630GfGfGhGhGhEfGfGhGhGiG-500EjEjEjEjEfGfGhEfGfGfE-46298A-4598+624-1628G","mapping_code":"7_19_30_2021181495","state":1},{"key":"CHANNEL_UP","name":"CHANNEL UP","code":"+4656-4528+600-500C-1632C-1630CeCfC-498CgCgCg+598eCeCfCeCgCgCgH-1634+596gCgCgCfCdHdHgCgCeHeCeHdHeCeHeC-46280+4634-4540CiC","mapping_code":"7_17_30_2021165175","state":1},{"key":"CHANNEL_DOWN","name":"CHANNEL DOWN","code":"+4658-4542+600-500C-1632C-1630CeCfC-498CgCgCgCfCeCfCeCgCg+598dCgCfCgCgCeHdHdHdHeHdHeCeHdHeCeCfC-46296+4632-4554+576-1676C","mapping_code":"7_18_30_2021148855","state":1},{"key":"MUTE","name":"MUTE","code":"+4712-4588+600-500C-1630C-1632CeCfC-498CgCgCg+602-1628CfCeCfCg+598dJdJfCgCfJfCgCgJdCgJdJfCgCgJfCfCeCfC-46286+4634-4548H-1636C","mapping_code":"7_13_30_2021175375","state":1},{"key":"INPUT","name":"INPUT","code":"+4654-4542+602-500+600-1630E-1632C-1628EgE-498+598dJdJdJgEfEgEfEdJdJiEgEfEgEfEiEiEiEiEiJ-502+596dJdJgEfEgEgJ-46294+4632-4528CgE","mapping_code":"7_15_30_2021191695","state":1},{"key":"SLEEP","name":"SLEEP","code":"+4658-4548+602-520+598-1632+600fEfGfG-498E-500EiEhGfG-1630GfGjGiEhGhGhGfEfGjGiEiEiEhGfEiEiEiEfGjGfGjG-46280+4634-4562C-1638G","mapping_code":"7_14_30_2021159055","state":1},{"key":"LAST","name":"LAST","code":"+4630-4582+600-528C-1632C-1630CeCfC-498CgCg+598-500CfCeCfCeCgHiHiHeCeCgHeCgCgCgCgHiHiHeCgCfCeCfCeC-46290+4634-4538CeC","mapping_code":"7_11_30_2021183535","state":1},{"key":"RED","name":"RED","code":"+4656a+628-524+600-1630D-1632+598fDeD-498G-500GiGiGfDeDfDeDiGiGhDfGiGiGfDhGiGfDiGhDfGfDhDfGfDhDeD-46290+4634-4538+602fD","mapping_code":"7_73_30_2021167725","state":1},{"key":"GREEN","name":"GREEN","code":"+4632-4542+600-504C-1632C-1630CeCfC-500+598-498CiCiCeHeCeHeCiCiCgHiCiHgHeCgHiCeHgHeCeHeCiCfCeCiHeC-46294+4634-4554+624eC","mapping_code":"7_72_30_2021135085","state":1},{"key":"YELLOW","name":"YELLOW","code":"+4654-4536+600-502+598-1632CfEfCfC-498CgCgCgC-1630CfCfChC-500EiEiEiEiEiEfCfEiEiEiEfCfEfCiEiEfCfEfC-46302+4634-4606+602-1646C","mapping_code":"7_24_30_2021136615","state":1}],"_id":"dLWqn8af7zEwD54f"}
