{"category":"TV","brand":"SHARP","model":"2687","type":1,"version":"1.0","create_date":1695091147164,"protocol":"SHARP","map_code":[{"key":"0","name":"0","code":"+9240-4560+602-504+598-500+600-498G-1630G-1632GiGfEhGjGjGiGfEfEfEjGiGfEfEfEfEfEfEfEfEjGjGiGjGjGiGjGiG-41222+9192-2258C","mapping_code":"3_0_56_484638975","state":1},{"key":"1","name":"1","code":"+9190-4532+602-500+598dEdE-1632+600fG-1630GdE-498GfGhGfGdEiGiGfGhGfGiGiGiGiGiGiGiGiGfEfGfGhGfGfGhG-41240+9238-2286C","mapping_code":"3_1_56_484671615","state":1},{"key":"2","name":"2","code":"+9190-4554+602-518+600-498EfE-1632E-1630EgEfEfEgEhEgEfEfEfEhEgEfEgEfEfEfEf+598-500IjIgEjIgEgIgEgEhEgE-41214+9214-2266C","mapping_code":"3_2_56_484655295","state":1},{"key":"3","name":"3","code":"+9216-4544+602-500+600-498EfE-1632E-1630EgEfEfEgEhEgEfEfEfEhEgEg+598gEdIdIdIdIdIdIdIdIgEgIgEgEhEgE-41236+9214-2254C","mapping_code":"3_3_56_484687935","state":1},{"key":"4","name":"4","code":"+9212-4524+600-500C-498CeC-1632C-1630CgCeCeCgCgCfCeCeCeCgCfCeCeCf+598dHdHdHdHdHfCfCeCfHfCfHfCfC-41230+9242-2294+602","mapping_code":"3_4_56_484647135","state":1},{"key":"5","name":"5","code":"+9216-4552+602-500+598dEdE-1632+600fG-1630G-522EdEfGhGfG-498GjGdEfGhGfGjGfEdEdEdGjEdEdEfGdEfGhGfGfEfG-41236+9218-2304C","mapping_code":"3_5_56_484679775","state":1},{"key":"6","name":"6","code":"+9184-4550+602-500+598dEdE-1632+600fG-1630GdEdEfGfGhGdEdEdEfGfEdEfGfG-498GiGiEdGdEhGdEdEfGfEfGfGhG-41226+9240-2354C","mapping_code":"3_6_56_484663455","state":1},{"key":"7","name":"7","code":"+9218-4540+602-500+600-498EfE-1632E-1630EgEf+598dIgEgIgEfEfEfIgEgEhEgEhEdIdIfEfEfEfEfEfIgEgEhEgIgE-41230A-2262C","mapping_code":"3_7_56_484696095","state":1},{"key":"8","name":"8","code":"+9190-4556+602-504+600-498EfE-1632E-1630EgEfEfEgEhEg+598-500EfEfEhEgEfEfEfEgEfEfIjIjIgIgEhEjIgEgEhEgE-41234+9240-2276C","mapping_code":"3_8_56_484643055","state":1},{"key":"9","name":"9","code":"+9216-4538+602-510+598-500EfE-1632+600gH-1630HfEfEgHgEgH-498HfEfEgHiHgHjHjHgHjEfEfEfEfEgHgHjHiHgHgHiH-41208A-2264C","mapping_code":"3_9_56_484675695","state":1},{"key":"POWER","name":"POWER","code":"+9216-4566+602-510+600-498EfE-1630E-1632EgEfEfEh+598hEgE-500IjIjIhEgEjIfEhIhEhIjIjIjIhEgEjIjIfEhIhEhE-41218A-2278C","mapping_code":"3_28_56_484653255","state":1},{"key":"MENU","name":"MENU","code":"+9212-4524+600-500C-498CeC-1630C-1632CgCe+598dCfCgCgCeCeCeHgCgCeCfCdHgCgCeCeHdCfCdHgCeCeCfCgCgC-41232+9244-2298C","mapping_code":"3_26_56_484661415","state":1},{"key":"VOLUME_UP","name":"VOLUME UP","code":"+9216-4568+600-500C-498CeC-1632C-1630CfCeCeCfCgCfCeCeCeCgCfCeCfCgCd+598fCeCeCeCfHdHdHfCdHfCgCfC-41232+9218-2280+602","mapping_code":"3_22_56_484665495","state":1},{"key":"VOLUME_DOWN","name":"VOLUME DOWN","code":"+9216-4546+600-500C-498CeC-1632C-1630CfCeCeCgCfCfCeCe+598dHfCfCfCgCfCeCgCdHdHdHdHdHdHfCeCfCgCfC-41228+9218-2296C","mapping_code":"3_23_56_484698135","state":1},{"key":"CHANNEL_UP","name":"CHANNEL UP","code":"+9188-4568+602-504+600-498+598-500E-1630EiEiEfEfEiE-1632EiEhGhGhGjEjGfEfEjEiEfEfEfEfEiEjEfEfGjEjGjEjG-41198+9190-2250C","mapping_code":"3_12_56_484651215","state":1},{"key":"CHANNEL_DOWN","name":"CHANNEL DOWN","code":"+9216-4568+602-500+598-498+600fG-1630G-1632GiGfEdEiGiEiGfGfGfGhGiGhGdEiGhGdEdEdEfGfGhGdEdEiGhGiGhG-41208+9218-2274C","mapping_code":"3_13_56_484683855","state":1},{"key":"MUTE","name":"MUTE","code":"+9216-4570+602-500+598dE-498+600-1632EhGhGfEdE-1648GhGhGfEdEdEhG-1630GhGfGjGdEhGfEdGfEdEhGfGjGdEhGjGhG-41228+9192-2246C","mapping_code":"3_21_56_484681815","state":1},{"key":"LAST","name":"LAST","code":"+9190-4548+602-500+600-498EfE-1630E-1632EgEf+598dIhEhEgEdIdIdIhEhEgEhEdIhIdIdIdIdEfIdIhEdIhEgEhEh+604-41204+9214-2298C","mapping_code":"3_11_56_484692015","state":1}],"_id":"HUAkjEEjRDzRPVRd"}
