{"category":"FAN","brand":"MITSUBISHI","model":"4676","type":1,"version":"1.0","create_date":1692610564407,"protocol":"MITSUBISHI","map_code":[{"key":"POWER","name":"POWER","code":"+3312-1518+436-1110+434-1108E-402+432gHgEfEgHgHfEfEgEfEgHgEfEfEgHfEfEgHfEgEgHgEgHgEfEgHgEgHfEgEgHgEgHgEgHgEgHfEfE-400EgHdEgHgHgEfEfEgEgHgEgHgEiEgEiEgEgHgHfEgHgEfE","mapping_code":"-1_0_0_1347677566","state":1},{"key":"SWING","name":"SWING","code":"+3304-1528+436-1110+434-1108E-400E-402EgEfEhEh+432fEfEhEfEhIhEfEfEhIfEfEhIfEhEhIhEhIhEfEhIhEhIfEhEgEhEhIhEhIhIhEfEfEhEhIfEhEhIhEfEfEfEhEhIhEgEhIhEhIhEhIhEfEfEhEfE","mapping_code":"-1_0_0_4166552534","state":1},{"key":"SPEED","name":"SPEED","code":"+3320-1512+436-1110+434-1108E-400E-402EgEfEhEh+432fEfEhEfEhIhEfEfEhEfEfEhIfEhEhIhEhIhEfEhIhEhIfEhEhIhEhIhEhIhEhIfEfEhEhIfEgEhIhEfEhIfEgEhIhEhIhEhIhEhIhEhIhEfEhIfE","mapping_code":"-1_0_0_1151021632","state":1},{"key":"TIMER","name":"TIMER","code":"+3868-1518+434-1110C-1108C-402C-400CfCeCf+432fCeCeCfHeCfCfHdCeCgCeCeCfCeCfHfCfHfCfHdHfCfHfCeCfHfCfCgCfHfCfHfCeCeCfCgCeCfCfHfCeCfHfCeCfHfCfHfCfHfCfHfCfHfCfHeCeC","mapping_code":"-1_0_0_422656730","state":1}],"_id":"KVKcOWlTBRWE4ld5"}
