{"category":"FAN","brand":"MITSUBISHI","model":"4699","type":1,"version":"1.0","create_date":1692610649796,"protocol":"MITSUBISHI","map_code":[{"key":"POWER","name":"POWER","code":"+9138-4552+568-536+564-532EfEfEfEfEfEfE-1662EgEg+566gE-1660HiHgEgEgEfEfEfEgEfEfEfEfEiHgEgEfEiHgEgE-41662+9144-2262H","mapping_code":"3_17_0_16746615","state":1},{"key":"SPEED","name":"SPEED","code":"+9138-4542+568-534+564-532EfEfEfEfEfEfE-1662Eg+566-1660HgEgEgEgEgEgEfEgEgEfEfEfEfEfEgEfEfEgEgEgEgE-41678+9164-2278H","mapping_code":"3_13_0_16756815","state":1},{"key":"TIMER","name":"TIMER","code":"+9138-4542+566-538+564-532EfEfEfEfEfEfE-1660C-1662EhEhEhEhEhCgCgCfEfEhEfEfEfEfEfEhEhEfEhEhEhEhE-41660+9118-2272+568","mapping_code":"3_9_0_16748655","state":1}],"_id":"hPOFxYRZkfcZAusF"}
