{"category":"TV","brand":"ACE","model":"7165","type":1,"version":"1.0","create_date":1694749813403,"protocol":"ACE","map_code":[{"key":"9","name":"9","code":"+9072-4464+584-1632+582-1630E-496+580gHgHgEgHfEgHfEgHfEfEfEfEgHfEgHgHfEfEgHgHgHgHfEfEgHgHfEfEfE-41470+9114-2300C","mapping_code":"3_25_31363_3244202087","state":1},{"key":"0","name":"0","code":"+9080-4470+584-1636+582-1630E-496+580gEgHgEgHfEgHfEgHfEfEfEfEgHgHgHgC-492HfEgHgHgHfEfEfEfEgHfEfEfE-41450+9138-2282C","mapping_code":"3_16_31363_3244165367","state":1},{"key":"1","name":"1","code":"+9082-4484+584-1640+582-1630E-496+580gHgHgHgHfEgHfEgHfEfEfEfEgHfEgHgHgHfEgHgHgHgHfEfEfEgHfEfEfE-41478+9112-2264C","mapping_code":"3_17_31363_3244198007","state":1},{"key":"2","name":"2","code":"+9080-4460+584-1634+582d+578-496+580gHgHgHgH-1630EgHiEgHiEiEiEiEgHgHiEgHgHiEgHgHgHiEgHiEiEgHiEiEiE-41500+9110-2216C","mapping_code":"3_18_31363_3244181687","state":1},{"key":"3","name":"3","code":"+9078-4460+584-1632+582-1630E-496+580gEgHgHgHfEgHfEgHfEfEfEfEgHfEfEgHgHfEgHgHgHgHgHfEfEgHfEfEfE-41460+9110-2278C","mapping_code":"3_19_31363_3244214327","state":1},{"key":"4","name":"4","code":"+9074-4460+584-1634+582-1630E-496+580gHgHgHgEfEgHfEgHfEfEfEfEgHgHgHfEgHfEgHgHgHfEfEgHfEgHfEfEfE-41458+9114-2234C","mapping_code":"3_20_31363_3244173527","state":1},{"key":"5","name":"5","code":"+9076-4474+584-1634+582-1630E-496+580gHgHgHgEfEgHfEgHfEfEfEfEgHfEgHfEgHfEgHgHgHgHfEgHfEgHfEfEfE-41412+9084-2228C","mapping_code":"3_21_31363_3244206167","state":1},{"key":"6","name":"6","code":"+9082-4460+584-1634+582-1630E-496+580gHgHgHgHfEg+610-1636EgHfEfEfEfEgHgHfEfEgHfEgHgHgHfEgHgHfEgHfEfEfE-41472+9086-2232C","mapping_code":"3_22_31363_3244189847","state":1},{"key":"7","name":"7","code":"+9078-4460+584-1632+582-1630E-496+580gHgHgHgHfEgHfEgHfEfEfEfEgHfEfEfEgHfEgHgHgHgHgHgHfEgHfEfEfE-41460+9060-2228C","mapping_code":"3_23_31363_3244222487","state":1},{"key":"8","name":"8","code":"+9078-4464+584-1632+582-1630E-496Eg+580gHgHgHfEgEfEgHfEfEfEfEgHgHgHgHfEfEgHgHgHfEfEfEgHgHfEfEfE-41482+9086-2240C","mapping_code":"3_24_31363_3244169447","state":1},{"key":"POWER","name":"POWER","code":"+9086-4492+584-1632+582-1630E-496Eg+580gHgHgEfEgHfEgHfEfEfEfEgHgHgHgHfEgHgHgHgHfEfEfEgHfEfEfEfE-41422+9060-2232C","mapping_code":"3_8_31363_3244167407","state":1},{"key":"UP","name":"UP","code":"+9082-4464+582-1630CdC-496+580-516FeFeFeFdCeFdCeFdCdCdCdCeFeFdCdCeFeFeFeFeFdCeFeFdCdCdCdCdC-41456+9088-2242+584","mapping_code":"3_6_31363_3244187807","state":1},{"key":"DOWN","name":"DOWN","code":"+9074-4472+584-1632+582-1630E-496+580gHgHgEgHfEgHfEgHfEfEfEfEgHfEfEfEgHgHgHgHgHgHgHgHfEfEfEfEfE-41452+9086-2208C","mapping_code":"3_7_31363_3244220447","state":1},{"key":"LEFT","name":"LEFT","code":"+9078-4464+584-1632+582-1630E-496Eg+580gHgHgHfEgHfEgHfC-1628EfEfEgHgHfEfEfEgHgHgHgHfEgHgHgHfEfEfEfE-41466+9088-2218C","mapping_code":"3_14_31363_3244191887","state":1},{"key":"RIGHT","name":"RIGHT","code":"+9082-4504+584-1632+582-1630E-496+580gHgHgHgHfEgHfEgHfEfEfEfEgHgHfEfEfEfEgHgHgHf+586-492HgHgHgHfEfEfE-41436A-2210C","mapping_code":"3_30_31363_3244193927","state":1},{"key":"VOLUME_UP","name":"VOLUME UP","code":"+9112-4514+584-1632+582-1630E-496Eg+580gHgHgHfEgHfEgHfEfEfEfEgHgHfEgHgHgHgHgHgHfEgHfEfEfEfEfEfE-41488+9088-2214C","mapping_code":"3_2_31363_3244179647","state":1},{"key":"VOLUME_DOWN","name":"VOLUME DOWN","code":"+9082-4468+582-1638+580-1632E-496E-498+578hEhEgEfE-502+576fEgEfEfEfEfEgEfEfEhEhIhEhIhEhIhEhIfEfEfEfEfEfE-41454+9084-2214C","mapping_code":"3_3_31363_3244212287","state":1},{"key":"CHANNEL_UP","name":"CHANNEL UP","code":"+9076-4462+582-1634+580-1632E-496E-498+578hEhEgEfEhEfEgEfEfEfEfEhIhEhIhIgEhEhIhIhEfEfEfEfEfEfEfEfE-41406+9082-2238C","mapping_code":"3_0_31363_3244163327","state":1},{"key":"CHANNEL_DOWN","name":"CHANNEL DOWN","code":"+9078-4462+582-1634+580-1632E-498Eg+578gEgEgHfEgEfEgEfEfEfEfE-496EfEgEgEiEgEgHgEgHgEfEfEfEfEfEfEfE-41468+9084-2236C","mapping_code":"3_1_31363_3244195967","state":1},{"key":"MUTE","name":"MUTE","code":"+9072-4490+582-1642+580-1632E-498+578gEgHgE-496EfEgEfEgHfEfEfEfEgHfEgEgHfEgEgHgEgHgEfEfEgHfEfEfEfE-41424+9084-2252C","mapping_code":"3_9_31363_3244200047","state":1},{"key":"STOP","name":"STOP","code":"+1754-712+198-552+2334b+196-716FgF-26452+1728bF-554F-244+174k+186k+180k+184k+182-722FgFgF","mapping_code":"-1_0_0_1046170556","state":1},{"key":"PLAY","name":"PLAY","code":"+9076-4476+582-1636+580-1632E-498E-496EgEhEgEfEhEfEgEfEfEfEfEgEfEg+578fEfE-1634EgIgEgIgEfEgIgEgIfEfEfE-41444+9084-2238C","mapping_code":"3_29_31363_3244210247","state":1}],"_id":"LQmjzAXa0a9RToua"}
