{"category":"TV","brand":"SKYWORTH","model":"1142","type":1,"version":"1.0","create_date":1695193612108,"protocol":"SKYWORTH","map_code":[{"key":"0","name":"0","code":"+4606-4544+602-1644+600-1632+598fE-498EfG-500GiGiGfE-1630EfEhGfEiGiGhEfGiGiGiGfGiGiGiGiGfGfE-1636+596hGfEfGfG-46292+4634-4536CiE","mapping_code":"7_17_23_3907553399","state":1},{"key":"1","name":"1","code":"+4606-4536+600-1634+598-1632CfE-500EfC-498ChChEfCfEfCgEfEgEgEgEgEgEfEgEgEgEgEgEfEfCgEfEfCfEfCfE-46344+4656-4528CgE","mapping_code":"7_4_23_3907526879","state":1},{"key":"2","name":"2","code":"+4606-4548+600-1638C-1632+598eC-498C-1630C-500FiFiFeFeCeFiFeCiFgCgFeFiFeFiFiFiFiFiFiFeFiFeCeFeCeFeC-46302+4634-4540CiC","mapping_code":"7_5_23_3907559519","state":1},{"key":"3","name":"3","code":"+4606-4582+602-1646+600-1632+598fE-498EfG-500GiGiGfE-1630EfEhGfEiGiGhEhEfGfEhEhGiGiGiGfEhEhGfEfEfGfEjE-46308+4632-4560E-502G","mapping_code":"7_6_23_3907543199","state":1},{"key":"4","name":"4","code":"+4630-4524+602-1632+600-1630EdE-498+598dE-500HgEgEdHdEdHiHdEgHiHiHiHiHiHdEgHiHiHiHdEfEdEgHdEdHdEdH-46282+4632-4542C-506E","mapping_code":"7_8_23_3907522799","state":1},{"key":"5","name":"5","code":"+4606-4556+602-1648+598-1632+600fE-500EfG-498GiEhEfGfG-1630GhEfEhEhEhEfGiGiEfEhEhEiGiEhEfGfEhEfGfEfGfE-46276+4632-4540ChE","mapping_code":"7_9_23_3907555439","state":1},{"key":"6","name":"6","code":"+4630-4550+602-1636+598-1632+600fE-500EfG-498GiEhEfGfEfGiGfEhEhEhEhEfGiEfGhEiGiEhEfGhEfEhEfGfEfGfE-46266+4656-4558ChE","mapping_code":"7_10_23_3907539119","state":1},{"key":"7","name":"7","code":"+4630-4522+600-1634+598-1632CfE-500EfC-498ChChEfCfEfCgEfEgEgEgEgEgEfC-1630CgEgEgEhCfEfChChEfCfCiCfE-46304+4632-4542+602-512C","mapping_code":"7_12_23_3907530959","state":1},{"key":"8","name":"8","code":"+4606-4536+600-1676+602-1628C-1632C-498C-1630ChChChCg+598gCgJ-500JgChJkJkJgChCgJgChChJkJ-502+596kJgChChJgCgCiCgJ-46294+4632-4548EkJ","mapping_code":"7_13_23_3907563599","state":1},{"key":"9","name":"9","code":"+4604-4542+602-1636+598-1632+600fG-498G-1630G-500EhGhGiGfGfEjEfGhEjEjEjEfGfEfEjEjEjEjEfGhGhEjGiGfGiGfE-46326+4634bC-506G","mapping_code":"7_14_23_3907547279","state":1},{"key":"POWER","name":"POWER","code":"+4604-4550+602-1632+600d+598dE-498E-1630E-500FiFiFdFdEdFiFdEiFiFgEgFdFiFiFiFgFiFiFdEiFdFdEdFdEdFdE-46272+4630-4522EiE","mapping_code":"7_2_23_3907535039","state":1},{"key":"MENU","name":"MENU","code":"+9176-4514+602-496Cd+576-520C-494Cd+600dHdHdH-1624CiCiCiH-1626CiHd+598jCdHjCiCiH-498EfHdHdCi+578-518CdHdHjM-1648MoCiC-42720+9154-2216C","mapping_code":"3_14_48896_16609423","state":1},{"key":"VOLUME_UP","name":"VOLUME UP","code":"+4604-4542+600-1632CdC-1630C-500+598dGfGfGfGdCdGdC-498CdGfGfGhCdGdCdGfGfGfGfGfGfGhChCeCdGdCdCeC-46266+4632-4540+602fG","mapping_code":"7_7_23_3907575839","state":1},{"key":"VOLUME_DOWN","name":"VOLUME DOWN","code":"+4606-4542+602-1632+600d+598dE-498EdF-500FhFgEdFdEdEgFdEgEgEgEdFdEgFdEhFhFhFgEgFhFdEhFdFdEdE-1630E-46282+4630-4554EhE","mapping_code":"7_11_23_3907571759","state":1},{"key":"CHANNEL_UP","name":"CHANNEL UP","code":"+4606-4536+600-1634+598-1632CfE-500EfC-498ChChC-1630CfEfCgEfEgEgEgEgEfChEgEfEgEgEhCfEgEfCfEgEfCfEfC-46284+4634-4540+602-506C","mapping_code":"7_18_23_3907537079","state":1},{"key":"CHANNEL_DOWN","name":"CHANNEL DOWN","code":"+4632-4578+626-1646+600-1632+598fE-500GfGhGhGhGfEfGfE-498EfGhGhGiEhGiEiEiGfEhGhGiEfGfEfGfEiE-1630EfEjE-46280A-4524E-502G","mapping_code":"7_16_23_3907520759","state":1},{"key":"MUTE","name":"MUTE","code":"+4626-4528+600-1632CdCd+598-500EdC-498EfEfEdCdEdCgCdEfEfEfEdEfEfEfEfEfEgCgCgEdEdEdEdC-1630CdChC-46286+4632-4552+602fE","mapping_code":"7_1_23_3907551359","state":1},{"key":"INPUT","name":"INPUT","code":"+4630-4524+602-1632+600dE-1630E-498Ed+598-500HiHiHdEfEdEgEfEiHgEgEgEdHdEfEiHdHiHiHdEgEgEgHdEiHdEfE-46288+4632-4532CiH","mapping_code":"7_46_23_3907548299","state":1}],"_id":"tNrkEk307c0IKX0F"}
