{"category":"TV","brand":"SKYWORTH","model":"197","type":1,"version":"1.0","create_date":1695109426565,"protocol":"SKYWORTH","map_code":[{"key":"0","name":"0","code":"+442-1566+418-1568+364-1620+390-626+388-628IhI-1596IjIkIjIjIkIhIjIhIjI-22290+386-1616IkIkIhIjIjIkIjIkIjMjIkIjIjIjIjI","mapping_code":"12_0_0_58000","state":1},{"key":"1","name":"1","code":"+442-1568+418-1566+364-1620+388-628GhGhG-1596G-626GhGhGhGhGhGhGhGh+386-22324+414-1612GiGiGjGhGhGiGhGhKhKhGhGhGhGhGhG","mapping_code":"12_0_0_57856","state":1},{"key":"2","name":"2","code":"+442-1568+416b+364-1620+388-628FgFgF-1596FgFgFgFgFhFgFgFgFgF-22376+438-1610FhFhFgFgFgFhFgFgFgFgFhFgFgFgFgF","mapping_code":"12_0_0_57872","state":1},{"key":"3","name":"3","code":"+442-1568+418-1566+364-1620+388-628GhGhG-1596G-626GhGhGhGhGiGjGhGhG-22304+414-1598GiGiGhGhGhGiGhGhGhGhGhGiGhGhGhG","mapping_code":"12_0_0_57864","state":1},{"key":"4","name":"4","code":"+442-1568+418b+364-1620+388-626F-628FhF-1596FhFhFhFh+386iFiFhJhFhF-22296+390-1608FiFiFhFhFhFiFhFhFhFhFiFiFhF-670FhF","mapping_code":"12_0_0_57880","state":1},{"key":"5","name":"5","code":"+440-1568+418-1566+366-1620+388-628GhGhG-1596GhGhGh+386hGhGhGiGhJhG-22306+390-1612GiGiGhGhJhJiGhGhGhGhJhJhGiGhGhG","mapping_code":"12_0_0_57860","state":1},{"key":"6","name":"6","code":"+442-1568+418-1566+366-1620+388-628Gh+386hG-1596GhGhGhIhGjGhGjGhGhG-22324+412-1602GjGjG-626GhGhGjGhGhGhGhGjIhIjGhGhG","mapping_code":"12_0_0_57876","state":1},{"key":"7","name":"7","code":"+442-1568+418-1566+364-1620+388-628GhGhG-1596Gh+386hGhGhGhGiGiGhGhG-22364+416-1626GiGi+390-626GhJhGiGhGhGhGhGhGiGiGhGhG","mapping_code":"12_0_0_57868","state":1},{"key":"8","name":"8","code":"+442-1568+418-1566+366-1620+388-626GhGhG-1596G-628GjGj+386jKiGiGiGjGjG-22286+390-1610GiGiGjGjGjGiGjGjGjGjGiGiGiGjKjG","mapping_code":"12_0_0_57884","state":1},{"key":"9","name":"9","code":"+442-1568+418b+364-1620+390-626+388-628HgH-1596HiHjHgHiHiHiHiHiHiH-22310+414-1608HjHjHiHiHiHjHiHjHiHiHiHiHiHiHiH","mapping_code":"12_0_0_57984","state":1},{"key":"POWER","name":"POWER","code":"+442-1568+418-1566+364-1620+388-628G-626GhG-1596GhGh+386j+416-638GhKhKhGhGhG-22298+390-1604GjGjGhKhGhGjGhKhGjGhGhGhGhKhKhG","mapping_code":"12_0_0_57920","state":1},{"key":"MENU","name":"MENU","code":"+442-1570+416-1566+366-1620+388-628GhGhG-1596GhGiGiGiGiGiGiGiGiG-22308C-1604GiGiGhGhGhGiGhGiGiGiGiGiGiGiGiG","mapping_code":"12_0_0_58111","state":1},{"key":"VOLUME_UP","name":"VOLUME UP","code":"+440-1568+416b+364-1620+388-628FgFgF-1596FgFgFhFgFgFg+386hFgFgF-22298C-1608FhFhFgFgIgIhFgFgFhFgFgFgFhFgFgF","mapping_code":"12_0_0_57924","state":1},{"key":"VOLUME_DOWN","name":"VOLUME DOWN","code":"+442-1568+416b+366-1620+388-628FgFgF-1596F-626FgFhFgFhFgFhFg+386gJ-22310+390eFhFhFgFgFgFhFgJgFhFgJhFgFhFgJgJ","mapping_code":"12_0_0_57940","state":1},{"key":"CHANNEL_UP","name":"CHANNEL UP","code":"+440-1568+418-1566+366-1620E-658+388-628HiH-1596HiHiHjHiHjHiHiHiHiH-22320+412-1604HjHjHiHiHiHjHiHiHjHiHjHiHiHiHiH","mapping_code":"12_0_0_57936","state":1},{"key":"CHANNEL_DOWN","name":"CHANNEL DOWN","code":"+442-1568+418b+364-1620+388-626F-628Fh+386-1596FhFhFjFhFhFjFhFhFhF-22324+390-1624FjFjFhIhFhFjFhFhFjFhFhFjFhIhFhF","mapping_code":"12_0_0_57928","state":1},{"key":"INPUT","name":"INPUT","code":"+442-1566+418b+364-1622+388-628Fg+386gH-1596FgFgFiFgFiFiFiFgF-626F-22308+390-1618FiFiFgFgFgFiFgFgFiFgHiFiFiFgFgF","mapping_code":"12_0_0_57948","state":1},{"key":"LAST","name":"LAST","code":"+442-1568+418-1566+366-1620+390-626+388-628IjI-1596IjIkIjIjIkIkIjIjIjI-22312I-1622IkIkIjIjIjIkIjIkIj+386jIkIkIjNjIjI","mapping_code":"12_0_0_58008","state":1},{"key":"MUTE","name":"MUTE","code":"+442-1568+418b+364-1620+388-626F-628+386hI-1596FhFhFjFhFhFjFjFhFhF-22304+414-1600FjFjFhFhFhFjFhFhFjFhIhIjFjFhIhF","mapping_code":"12_0_0_57932","state":1}],"_id":"inaU02sChhJ7cZO4"}
