{"category":"TV","brand":"SKYWORTH","model":"2648","type":1,"version":"1.0","create_date":1695112425742,"protocol":"SKYWORTH","map_code":[{"key":"0","name":"0","code":"+9148-4534+604-506+600-496EfEfE-498+598-1624+602fEfEiJiJiJiJiEfEiJiEfEfEiJiJ-1628HfEfEfEiJiEfEfEfEiEiJiJ-41578+9154-2242C","mapping_code":"3_28_32_83572935","state":1},{"key":"1","name":"1","code":"+9202-4522+604-496+600dEdEdEdE-1624+602dEdEfGfGfGfGfGdEfGfGdEdEdEdEdEdEdEdEfGfG-1628+596fGfGfEfGfE-41638+9178-2218C","mapping_code":"3_0_32_83558655","state":1},{"key":"2","name":"2","code":"+9174-4506+604-498+600-496+602-494EfEfE-1624GhEfEiGiGiGiGiGfEiGiGfEfEfEfEiGfEfEfEiGiEiGiGfEiG-1622GiG-41604+9182-2272C","mapping_code":"3_16_32_83560695","state":1},{"key":"3","name":"3","code":"+9180-4518+604-498+600-496EfEfEfE-1624+602-494EfEgHgHgHgHgHfEgHgHgHfEfEfEgHfEfEfEfEgEgHgHfEgEgHgH-41654A-2224H","mapping_code":"3_17_32_83593335","state":1},{"key":"4","name":"4","code":"+9176-4558+602-498+600-496EfEfEfE-1624CfEfEgCgCgCgCgCfEgCgCgCgCfEfEgCfEfEfEfEfEgCgCfEgCgCgC-41602+9154-2234+604","mapping_code":"3_19_32_83609655","state":1},{"key":"5","name":"5","code":"+9206-4532+604-498+600-496EfEfE-494E-1624+602fEfEhIhIhIhIhIfEhIhIfEfEhIfEhIfEfEfEhEhIfEhEfEhIhIhE-41658+9182-2248C","mapping_code":"3_20_32_83568855","state":1},{"key":"6","name":"6","code":"+9178-4526+604-496+600dEdEdEdE-1624+602dEdEfGfGfGfGfGdEfGfGfGdEfEdEfGdEdEdEdEfGdEfEdEfGfEfG-41644+9180-2220C","mapping_code":"3_21_32_83601495","state":1},{"key":"7","name":"7","code":"+9178-4530+604-496+600dEdEdEdE-1624+602dEdEfGfGfGfGfGdEfGfGfGfGfGdEfGdEdEdEdEdEdEfGdEfGfEfG-41616+9182-2302C","mapping_code":"3_23_32_83617815","state":1},{"key":"8","name":"8","code":"+9202-4506+604-496+600d+602-494EdEdE-1624FdEdEhFhFhFhFhFdEhFhFdEdEdEhFhEdEdEdEhFhFhEdEdEhFhEhF-41620+9178-2238C","mapping_code":"3_24_32_83564775","state":1},{"key":"9","name":"9","code":"+9180-4552+602-498+600-496EfEfEfE-1624CfEfEgCgCgCgCgEfEgCgCgCfEfEgCgCfEfEfEfEgCgCfEfEgCgCgC-41608+9178-2222+604","mapping_code":"3_25_32_83597415","state":1},{"key":"POWER","name":"POWER","code":"+9176-4532+604-510+600-496EfEfEfE-1624+602fEfEgHgHgHgHgHfEgHgEgHgHfEgEfEfEfEfEfEfEgHfEgEgHgHgE-41606+9182-2268C","mapping_code":"3_11_32_83611695","state":1},{"key":"MENU","name":"MENU","code":"+9178-4520+604-496+600dEdEdEdE-1624+602dEdEfGfGfGfGfGdEfGfGdEfEdEfGdEdEfGdEfGdEfGdEfEfGdEfG-41612+9182-2268C","mapping_code":"3_74_32_83579565","state":1},{"key":"VOLUME_UP","name":"VOLUME UP","code":"+9202-4532+604-496+600dEdEdEdE-1624+602-494EdGfGfGfGfGfGdEfGfGfEfGdEfGdEdEfGdEdEdEfGdEfEfGdEfG-41604+9206-2262C","mapping_code":"3_75_32_83612205","state":1},{"key":"VOLUME_DOWN","name":"VOLUME DOWN","code":"+9180-4532+604-496+600-494+602fGdEfE-1624GdEdEhGhGhGhGhGdEhGhGhGdEdEhGdEdEhGdEdEhGhGdEhGhGdEhG-41614+9176-2218C","mapping_code":"3_73_32_83595885","state":1},{"key":"CHANNEL_UP","name":"CHANNEL UP","code":"+9180-4524+604-496+602-494+600dGdGdG-1624EdGfEhEhEhGhEhEdGhEhEhEhEhEdGdGdGhGdGdGdGdGhEhEhEdGhE-41630+9176-2218C","mapping_code":"3_71_32_83616285","state":1},{"key":"CHANNEL_DOWN","name":"CHANNEL DOWN","code":"+9178-4528+604-496+600dEdEdEdE-1624+602dEdEfGfGfEfGfEdEfGfGfEdEfGfGdEdEfGdEdEfGdEdEfEfGdEfG-41608+9156-2236C","mapping_code":"3_77_32_83604045","state":1},{"key":"MUTE","name":"MUTE","code":"+9202-4530+604-496+600-494+602fGfGfG-1624GdEdEhGhEhGhGhGdEhGhEdEhGdEhGdEdEdEdEhGdEhGdEhGhGhGhE-41630+9156-2238C","mapping_code":"3_10_32_83579055","state":1},{"key":"INPUT","name":"INPUT","code":"+9232-4554+604-496+602-494EfEfEfE-1624Ed+600dHgEgEgEgHgEdHgEgHgEgEgHgEgHdHdHdHdHdHdHdHdHgEgEgE-41610+9152-2250C","mapping_code":"3_31_32_83621895","state":1},{"key":"REWIND","name":"REWIND","code":"+9178-4532+604-496+600-494Ed+602fEdE-1624GdEfGhGhGhGhGhEdEhGhGhGdEdEhGdEdEdEdEdEhGhGdE-1628+598hGhGhE-41564+9208-2262G","mapping_code":"3_9_32_83595375","state":1},{"key":"FAST_FORWARD","name":"FAST FORWARD","code":"+9206-4542+604-496+600dEdEdEdE-1624+602dEdEfGfGfGfGfEdEfGfGdEdEdEfGdEdEdEdEfGfEfGdEfGfEfGfG-41610+9314-2224C","mapping_code":"3_8_32_83562735","state":1},{"key":"STOP","name":"STOP","code":"+9202-4540+604-510+600-496EfEfEfE-1624+602fH-494EgHgHgHgHgHiHgHgHgEfEgHfEfEfEgHfEfEgHfEgHgEgHfEgH-41610+9156-2228C","mapping_code":"3_69_32_83599965","state":1},{"key":"EXIT","name":"EXIT","code":"+9176-4544+606-500+602-494Ef+600-496GhG-1624EhGhGiEiEiEiGiEhGiEiEiEiEhGhGhGhGiEd+596hGhGiEiGiEiEhGiE-41610+9156-2228+604","mapping_code":"3_67_32_83608125","state":1},{"key":"LAST","name":"LAST","code":"+9388-4526+604-496+600dEdEdEdE-1624+602dEdEfGfGfGfGfEdEfGfGdEdEfGfGdEdEfGdEfGfGdEdEfEfGdEfG-41616+9154-2236C","mapping_code":"3_76_32_83571405","state":1},{"key":"DISPLAY","name":"DISPLAY","code":"+9180-4526+604-496+600-494+602fGfEdE-1624GdEdEhGhGhGhGhGdEhGhGhG-498+598hGhGhGdEdEdEdEhEdEdEdEhGhGhE-41638+9182-2222C","mapping_code":"3_29_32_83605575","state":1},{"key":"PREVIOUS","name":"PREVIOUS","code":"+9152-4530+602-506+598-498+600-496EfEfE-1626GhGhGiGiGiGiGiGfEiGiGiGiGiGiGhGhGhGhGhGhGhGhGiGiGiGiG-41622+9180-2262C","mapping_code":"3_15_32_83619855","state":1},{"key":"NEXT","name":"NEXT","code":"+9148-4554+602-502+600-496EfEfEfE-1626Ef+598-498HgEgEgEgEgEfHgEgEfEgEiHiHgEiHiHiHgEfEgEgEfEgEgEgE-41602+9174-2230C","mapping_code":"3_18_32_83577015","state":1},{"key":"PLAY","name":"PLAY","code":"+10808-4598+628-510+598-496+600fGfGfG-1626GfE-498EhGhGhGhGhGfGhGhGhGiEiEfGfGfGhGiEiEhGhGhGhGhGfGhG-41580+9152-2236+602","mapping_code":"3_65_32_83591805","state":1},{"key":"GUIDE","name":"GUIDE","code":"+4600-4528+600-500+598-1628EfEfE-498EgEgEgEgEfEfEfEgEgEgEgEgEfEfEfEfEgEgEgEfEgEgEgEgEfEfEfE-48376A-4502CfE","mapping_code":"7_30_14_1886419079","state":1}],"_id":"JA0KZJt7O4gWHVYq"}
