{"category":"TV","brand":"SKYWORTH","model":"2650","type":1,"version":"1.0","create_date":1695119161978,"protocol":"SKYWORTH","map_code":[{"key":"0","name":"0","code":"+9152-4524+602-498+600-496EfEfEfEfEfEfE-1624EgCgCfEgEgCgCgEgCfEgEfEfEfEgCfEfEgCfE-1626EhEgEfEhE-42760+9176-2230+604","mapping_code":"3_69_63232_15704669","state":1},{"key":"1","name":"1","code":"+9204-4542+602-498+600-496EfEfEfEfEfEfE-1624CgCgEfE-1626EgCgEhEgCfEfEhEfEfEfEfEfEgCgEfEgCgCgEhE-42748+9202-2258+604","mapping_code":"3_9_63232_15700079","state":1},{"key":"2","name":"2","code":"+9152-4560+604-512+600-496EfEfEfEfEfEfE-1624Eg+602gEfE-1626EgHgEiEgHfEgEfEfEfEfEfEfEgHfEgEiEgHgEiE-42744+9176-2234H","mapping_code":"3_5_63232_15704159","state":1},{"key":"3","name":"3","code":"+9152-4526+604-498+600-496EfEfEfEfEfEfE-1624+602gHgHfEgHgEgHgHgEfEfEfEfEfEfEfEfEgHgE-1626EgHgEiEgE-42738A-2238C","mapping_code":"3_1_63232_15695999","state":1},{"key":"4","name":"4","code":"+9174-4526+604-498+600-496EfEfEfEfEfEfE-1624+602gHgEfEgHgHgHgHgHgHfEgHfEfEgEfEfEfE-1626EfEgEiEfEgH-42738+9180-2244C","mapping_code":"3_75_63232_15716909","state":1},{"key":"5","name":"5","code":"+9152-4520+602-498+600-496EfEfEfEfEfEfE-1624CgCgCfEgCgCgEgCgCgEgCfEfEfEgCfEfEfEfE-1626EgEhEfEgE-42764+9180-2228+604","mapping_code":"3_71_63232_15720989","state":1},{"key":"6","name":"6","code":"+9176-4514+604-496+600dEdEdEdEdEdEdE-1624+602fEfGdEfGfEfGfE-1626EfGdEdEdEdEfEdEdEdEhEfEhEhEdEfE-42758+9180-2218C","mapping_code":"3_67_63232_15712829","state":1},{"key":"7","name":"7","code":"+9152-4526+602-498+600-496EfEfEfEfEfEfE-1624CgEgCfEgE-1626EgCgCfEgCfEgCfEfEhEfEgCfEgEfEhEgCf+598hE-42750+9206-2274+604","mapping_code":"3_74_63232_15684269","state":1},{"key":"8","name":"8","code":"+9176-4506+604-498+600-496EfEfEfEfEfEfE-1624+602gHgEfEgHgE-1626EgHfEgEiEfEfEfEgHfEiEfEfEgHgEiEfEgH-42756+9152-2240C","mapping_code":"3_70_63232_15688349","state":1},{"key":"9","name":"9","code":"+9152-4520+602-498+600-496EfEfEfEfEfEfE-1624CgCgCfEgCgCgCgEfEgCfEfEfEfEgCfE-1626EfEgCgEhEgCfEgE-42770A-2264C","mapping_code":"3_66_63232_15680189","state":1},{"key":"POWER","name":"POWER","code":"+9176-4508+602-498+600-496EfEfEfEfEfEfE-1624CgCgCfEgCgCgCgCfEfEfEfEf+604-492EfEfEgCgEgCgE-1626EgCgEjE-42750+9154-2226C","mapping_code":"3_0_63232_15663359","state":1},{"key":"MENU","name":"MENU","code":"+9152-4520+602-498+600-496EfEfEfEfEfEfE-1624CgCgCfEgCgCgEgCfEgCgCfEfEfEfEfEgCfEfEgEgCgCgEgC-42788+9204-2276+604","mapping_code":"3_6_63232_15687839","state":1},{"key":"VOLUME_UP","name":"VOLUME UP","code":"+9152-4550+604-506+600-496EfEfEfEfEfEfE-1624+602gE-1626EfEgEiEgHgEfEfEfEfEfEfEiEfEgEiEiEgEiEiE-498+598iE-42738+9180-2278H","mapping_code":"3_64_63232_15663869","state":1},{"key":"CHANNEL_UP","name":"CHANNEL UP","code":"+9178-4540+602-498+600-496EfEfEfEfEfEfE-1624CgEgCfEgE-1626EgCgEfEfEgCfEfEf+598hEfEhEhEfIhEhEhEfIhE-42746+9154-2232+604","mapping_code":"3_68_63232_15672029","state":1},{"key":"CHANNEL_DOWN","name":"CHANNEL DOWN","code":"+9152-4526+602-498+600-496EfEfEfEfEfEfE-1624+604-1622EgCfEgCgEgCgEfEfEfE-1626EfEfEgEfEjEjEgEfEjEjEd+598jE-42804+9180-2238C","mapping_code":"3_72_63232_15667949","state":1},{"key":"MUTE","name":"MUTE","code":"+9152-4530+602-498+600-496EfEfEfEfEfEfE-1624E-1626EgCfEhEgEhEgEfEfEhEfEfEf+598fEfEhEgEfEhEgEhEgEhE-42760+9176-2264C","mapping_code":"3_4_63232_15671519","state":1},{"key":"INPUT","name":"INPUT","code":"+9152-4546+604-512+600-496EfEfEfEfEfEfE-1624+602gHgEfEgHgE-1626EgHgEfEiEgEfEfEiEfEfEgHfEfEgEiEfEgE-42770+9202-2232C","mapping_code":"3_77_63232_15708749","state":1},{"key":"REWIND","name":"REWIND","code":"+9152-4520+604-498+600-496EfEfEfEfEfEfE-1624+602gHgEfEgHgHgEgHfEgEgHfEgHfEg+626-494EgEfEfEgHfEgHfE-1626E-42750+9178-2484+630","mapping_code":"3_86_63232_15690389","state":1},{"key":"FAST_FORWARD","name":"FAST FORWARD","code":"+9152-4530+604-500+600-496EfEfEfEfEfEfE-1624+602gHgEfEgHgHgEgHfEgHfEfE-1626EfEiEfEgEfEiEgHfEiEfEgH-42732+9182-2270H","mapping_code":"3_82_63232_15682229","state":1},{"key":"STOP","name":"STOP","code":"+9152-4524+602-498+600-496EfEfEfEfEfEfE-1624CgCgCfEgCgCgCgCfEfEfEgCgEfEgCfEgCgCgCfEfEgCfEgC-42766+9176-2218+604","mapping_code":"3_88_63232_15669989","state":1},{"key":"DISPLAY","name":"DISPLAY","code":"+9152-4520+604-498+600-496EfEfEfEfEfEfE-1624+602gHgHfEgHgHgHgHfEfEfEfEgEfEgHfEgEgHgHgEfE-1626EfEgH-42744+9180-2222C","mapping_code":"3_80_63232_15665909","state":1},{"key":"PREVIOUS","name":"PREVIOUS","code":"+9156-4520+604-498+600-494+602-496EhGfEhEhEhE-1624GiGiGhEiGiEiGiGiEiGhEhEhEhEhEhEhEhEiEiGiGiEiGiG-42742+9234-2300C","mapping_code":"3_3_63232_15712319","state":1},{"key":"ENTER","name":"ENTER","code":"+9152-4560+626-498+600-496EfEfEfEfEfEfE-1624+602gHgHfEgHgHgHgHfEfEfEfEgHfEfEfEgHgHgHgHfEgHgE-1626E-42726+9154-2234+604","mapping_code":"3_16_63232_15665399","state":1},{"key":"PLAY","name":"PLAY","code":"+9174-4506+604-496+600dEdEdEdE-498+598dEdE-1624+602hIhIdEhIhIhIhIdEdEhIhIhEdEhIdEhC-1622IdEdEdEhIdEhE-42740+9182-2282+626","mapping_code":"3_92_63232_15678149","state":1},{"key":"VOLUME_DOWN","name":"VOLUME DOWN","code":"+9150-4522+600-500+598-498EfEfEfEfEfEfEfE-1628EgEgEgEgEgEgEfEfEgEgEgEfEfEgE-1626EgEfEfEfEgEgEfE-42726A-2242C","mapping_code":"3_156_65024_8337862","state":1}],"_id":"8H8jGpQ21GAUkzpU"}
