{"category":"TV","brand":"SKYWORTH","model":"322","type":1,"version":"1.0","create_date":1695113200660,"protocol":"SKYWORTH","map_code":[{"key":"0","name":"0","code":"+8194-4020+552-448+550-446E-1450Ed+548dHgEfEfE-3990EfEfEfHdHgEdHdHdH-20842+8172-4060C-468HdHgHdHdHgHdHdH-4038C-462EfHdHdHgEdHfHdH","mapping_code":"39_8_36_9224","state":1},{"key":"1","name":"1","code":"+8200-4086+552-464+548-448E-1450+550-446HiHgHfEfE-3990HgHfEfEiHgHfEfEfE-20832+8222-4052HfEfHgHfEfEgHfEfEjEgHfEfEfEgHfEiEfH","mapping_code":"39_136_36_9352","state":1},{"key":"2","name":"2","code":"+8174-4044+552-460+548-448E-1450+550-446HiHgHfEfE-3990HfEgHiHiEgHfEfEfE-20830A-4012H-450EiHgHfEfEgEfEfEjHiHgHfEfEgEfEfEfE","mapping_code":"39_72_36_9288","state":1},{"key":"3","name":"3","code":"+8194-4014+552-448+548dE-1450+550-446GdEfGhGhG-3990Gf+578-1452GhGhEfGdEdEdE-20804+8174-4022C-460EdEfGhEdEfGdEdEiEfGfEdEdEfGhEdGhE","mapping_code":"39_200_36_9416","state":1},{"key":"4","name":"4","code":"+8172-4022+552-448+550-446+548-1450EdGfEhEdGdG-3990EfGdGhEdGhGdGdGdG-20836+8174-4024C-454GdGhEdGdGhGdGdG-4000C-452GfEhGdGhEdGdGdG","mapping_code":"39_40_36_9256","state":1},{"key":"5","name":"5","code":"+8198-4014+552-448+548dE-1450+550-446GhGfGdEhG-3990EfGdEfGdEfGhEdEdE-20800+8200-4096C-468EdEfEdEdEfGhEdEiGfEdEfGdEfEdEdEdE","mapping_code":"39_168_36_9384","state":1},{"key":"6","name":"6","code":"+8196-4020+552-454+548-448E-1450+550-446HfEgEfEfE-3990HfEgHgEfEgHfEfEfE-20800+8170-4018CdEfEgEfEfEgHfEfEjEfEgEgHfEgEfEfEfE","mapping_code":"39_104_36_9320","state":1},{"key":"7","name":"7","code":"+8198-4042+552-448+550-446E-1450Ed+548dHgEfEfE-3990EgEgEgHdHgEdHdHdH-20800+8174-4038EdHdHgEdHdHgHdHdHiEgEgEgEdHgHdHdHdH","mapping_code":"39_232_36_9448","state":1},{"key":"8","name":"8","code":"+8172-4022+552-448+548dE-1450+550-446GdEfGhEdE-3990GdEdEdEfGfGdEdEdG-20812+8174-4012G-450EdEfGdEdEfGdEdE-3998GmEdEdEfEfGdEdEdE","mapping_code":"39_24_36_9240","state":1},{"key":"9","name":"9","code":"+8194-4008+552-448+548dE-1450+550-446GdEfGhEdG-3990GfGhGhGfGfGdEdEdE-20794+8172-4032C-452EhGfGdEdEfEdEdE-4030G-1462EdEdEfGfGdEdEdE","mapping_code":"39_152_36_9368","state":1},{"key":"POWER","name":"POWER","code":"+8170-4046+550-450+548-448E-1450C-446ChCgCfEfE-3990CfEgCgCgChCfEhChC-20800A-4020+552-470EfCgCfL-444EgEfEfE-3996L-462+544-1454+546rS-1452SfEfEfEfE","mapping_code":"39_112_36_9328","state":1},{"key":"MENU","name":"MENU","code":"+8172-4018+552-448+548dE-1450+550-446GhGfGdEdEbC-456GfGfGfGfGfGfEfG-20874+8196-4030G-450EdEfGdEdEfEdEdE-3990GdEfGfGfEfGfEfGfE","mapping_code":"39_127_36_9343","state":1},{"key":"VOLUME_UP","name":"VOLUME UP","code":"+8172-4016+550-450+548-448E-1450C-446ChCgCfEfE-3990CgEgCfEfEfEfEfEfE-20800A-4028C-452EfEgEfEfEgChChCiCgCgCfEfEfEfEfEhC","mapping_code":"39_192_36_9408","state":1},{"key":"VOLUME_DOWN","name":"VOLUME DOWN","code":"+8172-4016+550-448C-446C-1450Ce+548dCfCdGdG-3990CeCeCfGdGdGdGdGdG-20800+8170hGdGdGfCdGdGfCeGdG-3998C-450GdGfCdGdGdGdGdG","mapping_code":"39_32_36_9248","state":1},{"key":"CHANNEL_UP","name":"CHANNEL UP","code":"+8200-4036+552-448+548dE-1450+550dEdEfG-446GhG-3990EfGdEdEdEdEdEdEdE-20834+8174-4020C-452EdEfGdEdEfGdEdEiGfGdEdEdEdEdEhEdE","mapping_code":"39_128_36_9344","state":1},{"key":"CHANNEL_DOWN","name":"CHANNEL DOWN","code":"+8172-4020+550-450+548-448E-1450CfEfEgC-446ChC-4016+552-454EgChEfChEfEfEfE-20800+8170-4014JkEhCgCfEfEgEfEfE-3990CfEgCfEfEfEfEfEhC","mapping_code":"39_64_36_9280","state":1},{"key":"MUTE","name":"MUTE","code":"+8172-4014+552-448+550-446E-1450Ef+548dHgEdHdH-3990EgEdHdHgEdHdHdHdH-20800+8170-4004C-460HdHgEdHdHgEfHdHiEgHdHdHgEdHfHdHdH","mapping_code":"39_144_36_9360","state":1},{"key":"LAST","name":"LAST","code":"+8222-4054+550-448C-446C-1450Cd+548dGfCeCeC-3990CdGfGdGdGfCdGfCdG-20810+8174-4040+552dGdGfCeCeGfCdGdGhGdGfCdGdGfCdGfGdG","mapping_code":"39_74_36_9290","state":1},{"key":"INPUT","name":"INPUT","code":"+8172-4018+550-450+548-448E-1452EfEfEgEfEfE-3990EgEfE-1450EgEfEfEfEfE-20802+8226-4068+552-452EfEiEfEfEgEfEfE-3992EgEfEgEiEfEfEfEfE","mapping_code":"39_176_36_9392","state":1}],"_id":"eOtzbWb0EXLEyJWl"}
