{"category":"TV","brand":"SKYWORTH","model":"327","type":1,"version":"1.0","create_date":1695109774411,"protocol":"SKYWORTH","map_code":[{"key":"0","name":"0","code":"+8194-4024+550-448C-1450Cd+548dFdFdFdFdF-3992CeFdFdFeCeFdFdFdF-20806+8170gFdF-1452FdFdFdFdFdFdF-3998F-1454CdFdFeFeCdFdFdF","mapping_code":"39_152_64_16536","state":1},{"key":"1","name":"1","code":"+8170-4022+550-448+548-1450CdEdEdEdEdEdE-3992EdEdEdEdE-1452EdEdEdE-20824+8224-4052CdEhEdEdEdEdEdEdEgEdEdEdEdEhEdEdEdE","mapping_code":"39_8_64_16392","state":1},{"key":"2","name":"2","code":"+8172-4026+550-450+548-1450E-448EgEgEgEgEgE-3992E-1452EgEgEgEiEgEgEgE-20828+8200-4060CdEfEgEgEgEgEgEgEhEfEgEgEgEiEgEgEgE","mapping_code":"39_136_64_16520","state":1},{"key":"3","name":"3","code":"+8198-4040+550-450+548-1488E-448EgEgEgEgEgE-3992EgE-1450CgEgE-1452EgEgEgE-20814+8200-4072CgEiCgEgE-446EgEgEgEhCgEjEgEgEiEgEgEgE","mapping_code":"39_72_64_16456","state":1},{"key":"4","name":"4","code":"+8198-4036+550-448+548-1450CdEdEdEdEdEdE-3992CfEfCdEdEfEdEdEdE-20806+8172-4044CdEfCdEdEdEdEdEdEgCfEfCdEdEfEdEdEdE","mapping_code":"39_200_64_16584","state":1},{"key":"5","name":"5","code":"+8172-4024+550-450+548-1450C-446E-448EhEhEhEhE-4008+552-454EhEfEhEfEhEhEhE-20878+8200-4078CdEfEhEhEhEhEhEhE-3992EhEhEfChE-1452EhEhEhE","mapping_code":"39_40_64_16424","state":1},{"key":"6","name":"6","code":"+8224-4064+550-450+548-1450E-448EgEgEgEgEgE-4020+552-1464EgEfCgE-1452EgEgEgE-20814+8198-4034CgEfCgEgEgEgEgEgE-3992EkEgEfEgEkEgEgEgE","mapping_code":"39_168_64_16552","state":1},{"key":"7","name":"7","code":"+8196-4014+552-448+548-1450+550dE-446GhGhEdEdE-4016C-456E-1452EfGdEfEdEdEdE-20806A-4040G-450EfEdEdEdEdEdEdE-3992GdEkEfGdEkEdEdEdE","mapping_code":"39_104_64_16488","state":1},{"key":"8","name":"8","code":"+8222-4052+550-448+548-1468EdEdEdEdEdEdE-4006C-1452E-1450CiEdEiCdEdEdE-20846+8200-4028C-450EiCdEdEdEdEdEdE-3992EhEiEhEdEiCdEdEdE","mapping_code":"39_232_64_16616","state":1},{"key":"9","name":"9","code":"+8198-4010+550-450+548-1450E-448C-446EgChEgEgE-3992CgEgEgEfCfEgEgEgE-20840+8410-4060C-452EfEgEgEgEgEgEgEiEgEgEgEfE-1452EgEgEgE","mapping_code":"39_24_64_16408","state":1},{"key":"POWER","name":"POWER","code":"+8198-4022+552-448+548-1450+550dEdEdEdEdEdG-3990EdE-1452EfEiEdEdEdEdE-20800+8170-4004C-460EfEdEdEdEdEdEdE-4016C-458EfGfEfGdEdEdEdE","mapping_code":"39_112_64_16496","state":1},{"key":"MENU","name":"MENU","code":"+8196-4020+550-450+548-1450C-448EgEgEgEgEgE-3992EfCgEfEgE-1452EfCgEgE-20872+8200-4038+552-454EiEgEgEgEgEgEgEhEfCgEfEgEfEiEgEgE","mapping_code":"39_172_64_16556","state":1},{"key":"VOLUME_UP","name":"VOLUME UP","code":"+8198-4024+550-450+548-1450C-446CgE-448CgEhChE-3992EfCfEhEhEhEhEhEhE-20822+8172-4038CdEfEhEhEhEhEhEhEiE-1452EfEhEhEhEhEhEhE","mapping_code":"39_192_64_16576","state":1},{"key":"VOLUME_DOWN","name":"VOLUME DOWN","code":"+8176-4036+550-454+548-1450C-448EgEgEgEgEgE-3992EgEgEfCgEgEgEgEgE-20800+8170-3996CgEfEgEgE-474EgEgEgE-4012+552-458EgEfEgEgEgEgEgE","mapping_code":"39_32_64_16416","state":1},{"key":"CHANNEL_UP","name":"CHANNEL UP","code":"+8172-4022+552-448+548-1450+550dEdEdEdEdEdE-3992E-1452EdEdEdEdEdEdEdE-20812A-4006GdEiEdEdC-452EdEdEdE-4016G-1456GdEdEdEdEdEdEdE","mapping_code":"39_128_64_16512","state":1},{"key":"CHANNEL_DOWN","name":"CHANNEL DOWN","code":"+8194-4048+550-476+548-1450C-448EgEgEgEgEgE-4006C-454EfEgEgEgEgEgEgE-20806+8170-3998EgEfCgEgEgEgEgEgE-3992EgE-1452EgEgEgEgEgEgE","mapping_code":"39_64_64_16448","state":1},{"key":"MUTE","name":"MUTE","code":"+8194-4018+550-448+548-1452EdEdEdEdEdEdE-3992C-1450EdEdEfEdEdEdEdE-20806+8170-3998EdEfEdEdEdEdEdEdEkE-1454EdEdEfEdEdEdEdE","mapping_code":"39_144_64_16528","state":1},{"key":"INPUT","name":"INPUT","code":"+8198-4022+550-448+548-1450CdEdEdE-446EdEdE-3992EfEdEfCfEdEdEdEdE-20816+8196-4020CdE-1452EdEdEdEdEdEdE-4166EfCdEfElEdEdEdEdE","mapping_code":"39_176_64_16560","state":1},{"key":"LAST","name":"LAST","code":"+8198-4040+550-448+548-1450CdEdE-446EdEdEdE-4008E-1452EfCdEfEfCfCdEdE-20806+8172-4036CdEiEdEdEdEdEdEdE-3992CfEfCdEfEfCfEdEdE","mapping_code":"39_220_64_16604","state":1}],"_id":"UY1QZw7TJAigNGAi"}
