{"category":"TV","brand":"SKYWORTH","model":"392","type":1,"version":"1.0","create_date":1695109913319,"protocol":"SKYWORTH","map_code":[{"key":"0","name":"0","code":"+4642-4544+604-1636+602-1634EfE-500EfEgEgEgEfEfEfEg+600fEgEgEgHfE-502HiHgEfHiHiHiHiHfHfEfHiHfEfHfE-46446+4646-4600E-524H","mapping_code":"7_17_23_3907553399","state":1},{"key":"1","name":"1","code":"+4620-4552+604-1642+602-1634EfE-500EfE-502+600hIgEfEfEfIhIfEgEgEgEgIhIfEgEgEgIhEgIfEfEgIfEfIfEfIfE-46358A-4546EhE","mapping_code":"7_4_23_3907526879","state":1},{"key":"2","name":"2","code":"+4620-4552+604-1636+602-1634EfE-500EfEg+600-502HiHfEfEfEgHfEiHgEgEfEiHfEgHiHiHiHgEiHfEgHfEfEfEfHfE-46356+4644-4580C-510H","mapping_code":"7_5_23_3907559519","state":1},{"key":"3","name":"3","code":"+4620-4560+628-1636+602-1634EfE-500EfE-502+600hIhIfEfEfEhIfEgEgEgEgEfEfEhIgEhIgEgEfEgIhIfEfEfIfEfE-46378+4700-4592EhE","mapping_code":"7_6_23_3907543199","state":1},{"key":"4","name":"4","code":"+4620-4584+628-1636+602-1634EfE-500EfE-502+600gEgEfEfEf+604-498EfEgEgEgEgEgEgIfEgEgEgEgEfEfEfEhIfEfEfEfE-46408+4646-4540JhE","mapping_code":"7_8_23_3907522799","state":1},{"key":"5","name":"5","code":"+4620-4564+604-1638+602-1634EfE-502+600fE-500EiEiEfEfEfEiEfEgHgHgHfEgHiEfEiHgHgHgHgHfEfEiEfEfEfEfE-46380+4646-4562C-510E","mapping_code":"7_9_23_3907555439","state":1},{"key":"6","name":"6","code":"+4620-4554+604-1636+602-1634EfE-500EfEg+600-502HiHfEfEfEgEfEiHiHiHgEfHiHfEgEgEgHiHfEiHfHiHfEfHfEfH-46334A-4578C-508H","mapping_code":"7_10_23_3907539119","state":1},{"key":"7","name":"7","code":"+4646-4546+602-1636C-1634CeC-500CeCfCfCfCe+600eCeG-502GeCfCfGhCfGhGeCeCfGhGhGhGeCeChGfCeCeCeGeC-46344+4644-4534+604hC","mapping_code":"7_12_23_3907530959","state":1},{"key":"8","name":"8","code":"+4646-4560+602-1636C-1634CeC-502+600eC-500ChChGeCeCeChGeChChCfGeChCeCeChChChChChCeGfGfGeCeCeCeC-46394A-4532+604fG","mapping_code":"7_13_23_3907563599","state":1},{"key":"9","name":"9","code":"+4644-4550+604-1648+602-1634EfE-500EfEgEgEgEfEfEfEgEfEgEgEgEgEfEfEf+600-502HiHiHiHfEiHiHgEfEfEfEfE-46402+4642-4560C-520H","mapping_code":"7_14_23_3907547279","state":1},{"key":"POWER","name":"POWER","code":"+4672-4560+604-1636+602-1634EfE-500EfEgEgEgEfEfEfE-502+600fEgEgEgEgIfEgEgEgEgIhIhIfEgEfEfEfEfEfIfE-46352+4644-4524ChE","mapping_code":"7_2_23_3907535039","state":1},{"key":"MENU","name":"MENU","code":"+4646-4568+604-1636+602-1634EfE-502+600fE-500HgHgHfEfEfEiEfEgHgHiEiEfEgHfEfEgHgHgHfEiHfEiEiEfEfEfE-46392A-4538CgE","mapping_code":"7_26_23_3907541159","state":1},{"key":"VOLUME_UP","name":"VOLUME UP","code":"+4620-4548+602-1636C-1634CeC-500CeC-502+600gHgHeCeCeCgHeCfCfCfCeCeCeCfCfCfCfCfCfCfCfCeCeCeHeCeC-46366+4696-4588+604gC","mapping_code":"7_7_23_3907575839","state":1},{"key":"VOLUME_DOWN","name":"VOLUME DOWN","code":"+4644-4532+602-1636C-1634CeC-500CeCfCfCfCeCeCeC-502+600eCfHgHgHeCeCfHeCfCfCfCfHgHgHeCfCeCeCeCeC-46342+4642-4534+604gC","mapping_code":"7_11_23_3907571759","state":1},{"key":"CHANNEL_UP","name":"CHANNEL UP","code":"+4644-4552+602-1636C-1634CeC-500CeCfCf+600-502CeCeCeChGeChGhGfCfCeCfGhGeChGhGhGeCfCeCeCfCeCeCeC-46380+4642-4550+604-510C","mapping_code":"7_18_23_3907537079","state":1},{"key":"CHANNEL_DOWN","name":"CHANNEL DOWN","code":"+4620-4558+602-1636C-1634CeC-500CeCfCfCfCeCeCeC-502+600eCfCfHgHgHgHgHgHeCfHgHgHeCeCeCeCgHeCeCeC-46348+4644-4524+604gC","mapping_code":"7_16_23_3907520759","state":1},{"key":"MUTE","name":"MUTE","code":"+4646-4548+602-1636C-1634CeC-500CeCfCfCfCeCe+604-1632CfCeC-502+600iJiJeCfCfCfCfCfCfCfCfCeCeCeJeCeCeCdJ-46366A-4586CiC","mapping_code":"7_1_23_3907551359","state":1},{"key":"INPUT","name":"INPUT","code":"+4620-4562+604-1650+602-1634EfE-502+600fE-500EiEiEfHfEfEiEfEgHgHgHfEiEfEgEfEgHgHgHgHfEiEfEgHfEfEfE-46374+4642-4530EgE","mapping_code":"7_21_23_3907561559","state":1},{"key":"INFO","name":"INFO","code":"+4642-4540+602-1636C-1634CeC-500CeCfCfCf+600eCeCeC-502GeCfCfCfCeCeCeCeCeChGhGhGhGhGhGhGhGeCeCeC-46390+4620-4554+604hC","mapping_code":"7_31_23_3907581959","state":1},{"key":"LAST","name":"LAST","code":"+4620-4554+604-1640+602-1634EfE-500EfE-502+600hIhIfEfEfEgEfEhIhIgEgEfIfEgEfEhIhIhIfIhIhIfEgEfIfEfE-46360+4644-4530EhE","mapping_code":"7_22_23_3907545239","state":1},{"key":"RED","name":"RED","code":"+4620-4556+604-1642+602-1634EfE-500EfE-502+600hIgEfIfEfIhIfEgEgEgEfEfEgIfEfIhIhIhIhIhIfEgC-498IfEfEfE-46386+4644-4530ChE","mapping_code":"7_27_23_3907573799","state":1},{"key":"BLUE","name":"BLUE","code":"+4642-4536+604-1638+602-1634EfE-500+600fEgEgEgEfEfEfE-502HfEgEgHiHfEfHiHfEgEfHiHiHiHgEfHiHfEgEfHfE-46362+4620-4538CiH","mapping_code":"7_43_23_3907572779","state":1},{"key":"GREEN","name":"GREEN","code":"+4620-4552+604-1636+602-1634EfE-502+600fE-500EiHgHfEfEfEiEfHgHgHgHgHgHfHfEgHfHgHgHfEfHgHgHfEiHfEfE-46374+4644-4538EgE","mapping_code":"7_44_23_3907531979","state":1},{"key":"PICTURE_MODE","name":"PICTURE MODE","code":"+4620-4542+654-1636+602-1634EfE-500EfE-502+600hIhIfEfEfEgEfEhIhIgEgEgEgEfEhIfEgIhIfEfIfEgEfIhIfEfI-46384+4646-4554+604-506E","mapping_code":"7_40_23_3907523819","state":1},{"key":"PIP","name":"PIP","code":"+4620-4552+602-1636C-1634CeC-502+600eC-500ChGfGeCeGeChCeCfGfGfGfGeCeChChCeGfGfGeGfGfGeCeGfGeCeG-46386+4646-4538CfC","mapping_code":"7_38_23_3907544219","state":1}],"_id":"nwc2IFpHmws9x2Ik"}
