{"category":"TV","brand":"SKYWORTH","model":"4326","type":1,"version":"1.0","create_date":1695118767829,"protocol":"SKYWORTH","map_code":[{"key":"0","name":"0","code":"+9174-4526+600-1628C-1626CeC-496+604-492CfCfCfCfCf+598-498IeCeCeIeCeCeIjIeCeIdIjIjIjIjIeCjIjIjIeIeCeI-41604+9176-2246+602","mapping_code":"3_29_7_3760175175","state":1},{"key":"1","name":"1","code":"+9174-4534+602-1634+600-1626EfE-496EgE-498+598gEgEhIgEgEfIfEfEfIfEhIfIhEgIfEhIhIhIfEhIfIfEhIfI-1628IfE-41616+9178-2246E","mapping_code":"3_18_7_3760146615","state":1},{"key":"2","name":"2","code":"+9176-4534+600-1628C-1626CeC-498+598fGfGfGfGfGfGfGeGdGeCeCeCeCfGfGfGeGfGfGfGfGeCeCeGfGeCeGeC-41604+9178-2272C","mapping_code":"3_17_7_3760162935","state":1},{"key":"3","name":"3","code":"+9150-4536+602-1628+600-1626EfE-498+598gHgHgHgHgHgH-500+596fEfHfEfEfEgHgHgHgHfE-496HgHgHdHfEfEfHgHfEfHfE-41646+9178-2226C","mapping_code":"3_16_7_3760130295","state":1},{"key":"4","name":"4","code":"+9176-4514+600-1628C-1626CeC-498+598fGfGfGfGfGfGfGeCeGeCeGeCfGeCeGfGeCfGfGfGeGfGfGdGfGeCeGdG-41606A-2308+602","mapping_code":"3_22_7_3760154775","state":1},{"key":"5","name":"5","code":"+9174-5360+602-1634+598-1626+600fG-496GhGhGhE-498EiEiEiEfGfGfEfGfGfEiEfGiEfGhEiEiEiE-1628EiEfGiEjEfGfE-41604+9176-2282G","mapping_code":"3_21_7_3760171095","state":1},{"key":"6","name":"6","code":"+9178-4558+602-1634+598-1626+600fE-498EhEhEhEhE-496GiGiGfGfGfGfGfEhEhEfGiEfGhEhEhEfEfGhE-1628EhEfGfEfG-41630+9180-2224G","mapping_code":"3_20_7_3760138455","state":1},{"key":"7","name":"7","code":"+9152-4558+624-1626+600dEdE-498+598-496EhEhEhGfGfGfGdEdGdEdGdEfG-1628GfGdGiGfGfGfGdGfGdEfGfGdGdEdG-41570A-2228+602","mapping_code":"3_26_7_3760150695","state":1},{"key":"8","name":"8","code":"+9150-4552+602-1640+600-1626EfE-496+598-498HiHiHiHiHiHiHfHfEfHfEfHfEiHiHfHfEiHgHiHiHfEfHiHiHfEfHfE-41582+9178-2256C","mapping_code":"3_25_7_3760167015","state":1},{"key":"9","name":"9","code":"+9152-4542+600-1628C-1626+598eC-496CgCgC-498FhFhFhFhFeCeCeCeCeCgFhFhFeCeFhFhFhFeFdFeFhFhFeCeFeC-41588+9174-2244C","mapping_code":"3_24_7_3760134375","state":1},{"key":"POWER","name":"POWER","code":"+9174-4536+600-1628C-1626CeC-496CfCf+598-498GhGhGhGhGeGeCeCeCeGeCeCfGhGhGhCfGhGhGhGeGeCeGeCeGeC-41594+9152-2262+602","mapping_code":"3_3_7_3760177215","state":1},{"key":"MENU","name":"MENU","code":"+9150-4556+602-1640+600-1626EfE-496EgEgEgEgEg+598-498EgHfEfEfHfEfEgEgEfHiHiHiHiHiHfEfHiH-1628HfEfHfEfH-41632+9176-2236C","mapping_code":"3_4_7_3760136415","state":1},{"key":"VOLUME_UP","name":"VOLUME UP","code":"+9148-4530+600-1628C-1626CeC-498+598fGfGfGfGfG-496CfGeGdGeCeGeCeChGfChGfGfGfGfGfGdGeCe+628-1632GeCeGdG-41620+9150-2288+602","mapping_code":"3_1_7_3760160895","state":1},{"key":"VOLUME_DOWN","name":"VOLUME DOWN","code":"+9152-4522+602-1628+600-1626EfE-496+598-498HiHiHiHiHiHiHfEfHfEfEfHiHfEfEgHiEgC-494HiHdHiHiHfEfHfEfEfH-41634+9308-2330C","mapping_code":"3_6_7_3760152735","state":1},{"key":"CHANNEL_UP","name":"CHANNEL UP","code":"+9200-4538+602-1634+600-1626EfE-498+598gHgHgHgHgHgHgHfEfHfEfEfEgHfEgHgHgHgHgHgHfHgHfEfEfHfEfH-1628H-41602+9178-2272E","mapping_code":"3_2_7_3760144575","state":1},{"key":"CHANNEL_DOWN","name":"CHANNEL DOWN","code":"+9152-4522+602-1628+600-1626Ef+598-498GhGhGhGhGhGhGhGfEfGdGfEfGfEhGfGhGhE-496EiGhGhGdGhGfEfGfEfEfG-41616+9176-2268C","mapping_code":"3_5_7_3760169055","state":1},{"key":"MUTE","name":"MUTE","code":"+9176-4532+602-1628+600-1626Ef+598-498GhGhGhGhGhGhGhGfEfGfEfEfGhGhGhGhGhGhGhGhGfEfGfEfEfGfEfEfG-41616+9178-2280C","mapping_code":"3_0_7_3760128255","state":1},{"key":"INPUT","name":"INPUT","code":"+9178-4552+602-1640+598-1626+600fG-496E-498EiEiEiEiEiEhGfEfGfEfGfEiEiEiEfEiEiEiEiEfGfEfGiE-1628EfGfEfG-41574+9152-2228G","mapping_code":"3_8_7_3760132335","state":1},{"key":"LAST","name":"LAST","code":"+9174-4526+600-1628+598-1626CfC-496E-498EhEhEhEhEhEhEfEfCfEfCfEhEhEfCfEfChEgCgEfCfCgEhEhEfCfEfC-41614+9178-2222+602","mapping_code":"3_28_7_3760142535","state":1},{"key":"DISPLAY","name":"DISPLAY","code":"+9152-4528+600-1628C-1626+598eC-498FgFgFgFgFgFgFgFeFeCeCeFeCgFeC-496FeCgFgFgFgFeCgFeFgFeCeFdFeC-41608+9176-2242+602","mapping_code":"3_10_7_3760148655","state":1}],"_id":"8HWrTDXuCsLbDKVv"}
