{"category":"TV","brand":"SKYWORTH","model":"4343","type":1,"version":"1.0","create_date":1695193897852,"protocol":"SKYWORTH","map_code":[{"key":"0","name":"0","code":"+9176-4548+600-500+598-498EfEfEfEfE-1628EfEgEgEgE-1626EgEgEfEgEfEfEfEfEfEfEfEfEgEgEgEgEhEgEhEgE-41622+9204-2242C","mapping_code":"3_0_64_50135295","state":1},{"key":"1","name":"1","code":"+9150-4528+600-500+598-498EfEfEfEfE-1628EfE-1626EgEhEgEhEgEfEgEgEfEfEfEfEfEfEfEfEgEgEhEgEhEgEgE-41592+9178-2236C","mapping_code":"3_1_64_50167935","state":1},{"key":"2","name":"2","code":"+9176-4560+600-500+598-498EfEfEfEfE-1626EfE-1628EgEhEhEhEgEfC-1624EfEgEfEfEfEfEfEfEhEfEhEhEhEhEhEhE-41598+9178-2238C","mapping_code":"3_2_64_50151615","state":1},{"key":"3","name":"3","code":"+9150-4538+600-500+598-498EfEfEd+596fE-1628EfE-1626EhEhEhEiEhEfEhEhEiEfEfEfEfEfEfEfEfEhEhEhEhEhEiE-41616+9152-2282C","mapping_code":"3_3_64_50184255","state":1},{"key":"4","name":"4","code":"+9174-4524+600-500+598-498EfEfEfEfE-1628EfE-1626EgEgEgE-1644EgEfEgEfEfEhEfEfEfEfEfEhEgEfEgEgEhEgEgE-41610A-2240C","mapping_code":"3_4_64_50143455","state":1},{"key":"5","name":"5","code":"+9198-4562+600-544C-500+598-538F-498FhFhF-1626FhF-1628FjFjFjFjFjFhFjFjFhFjFhFhFhFhFhFhFjFhFjFiFjFiFjF-41650+9178-2234C","mapping_code":"3_5_64_50176095","state":1},{"key":"6","name":"6","code":"+9150-4528+600-500+598-498EfEfEfEfE-1628EfE-1626EgEhEgEhEgEfEgEfEgEgEfEfEfEfEfEgEfEfEhEgEhEgEgE-41630+9178-2240C","mapping_code":"3_6_64_50159775","state":1},{"key":"7","name":"7","code":"+9174-4566+624-508+598-498EfEfEfEfE-1628EfE-1626EgEhEgEgEgEfEhEgEhEgEfEfEfEfEfEfEfEfEhEgEgEgEgE-41602+9178-2260+600","mapping_code":"3_7_64_50192415","state":1},{"key":"8","name":"8","code":"+9176-4548+600-500+598-498EfEfEfEfE-1628EfE-1626EgEgEgEhEgEfEhEfEfEfEgEfEfEfEfEgEhEgEfEgEgEgEgE-41638+9178-2236C","mapping_code":"3_8_64_50139375","state":1},{"key":"9","name":"9","code":"+9154-4530+600-500+598-498EfEfEfEfE-1628EfE-1626EgEgEgEgEgEfEgEgEfEfEgEfEfEfEfEfEhEgEfEgEgEhEgE-41608+9178-2232C","mapping_code":"3_9_64_50172015","state":1},{"key":"POWER","name":"POWER","code":"+9176-4526+600-500+598-498EfEfEfEfE-1628EfEgEgEgEgE-1626EgEfEgEgEgEgEfEgEfEfEfEfEfEfEgEfEgEgEhE-41602+9178-2252C","mapping_code":"3_23_64_50194455","state":1},{"key":"VOLUME_UP","name":"VOLUME UP","code":"+9150-4542+600-504+598-498EfEfEfEfE-1628EfEgEgEgEgEgEgEfEgEgEgEfEgEgEfEfEfEfEfEgEfEfEgEgEgE-41612+9178-2246C","mapping_code":"3_27_64_50190375","state":1},{"key":"VOLUME_DOWN","name":"VOLUME DOWN","code":"+9204-4592+602-510+598-498EfEfEfEfE-1626EfE-1628EgEhEhEhEgEfEhEfEhEfEgEhEfEfEfEhEfEhEfEfEhEgEhE-41620+9178-2236+600","mapping_code":"3_26_64_50157735","state":1},{"key":"CHANNEL_UP","name":"CHANNEL UP","code":"+9150-4530+602-502+598-498EfEfEfEfE-1628EfEgEgE-1626EgEhEgEfEgEfEfEfEgEgEfEfEfEgEgEgEfEfEgEgEgE-41610+9176-2232+600","mapping_code":"3_24_64_50141415","state":1},{"key":"CHANNEL_DOWN","name":"CHANNEL DOWN","code":"+9150-4548+602-518+598-498EfEfEfEfE-1628EfEgEgEgEgEgEgEfEgE-1630+596fEfEgEgEfEfEfEfEgEgEfEfEgEgEgE-41622+9174-2230+600","mapping_code":"3_25_64_50174055","state":1},{"key":"MENU","name":"MENU","code":"+9174-4520+600-500+598-498EfEfEfEfE-1626EfE-1628EhEhEgEhEhEfEhEhEfEhEfEhEfEfEfEfEhEfEhEfEhEgEhE-41622+9178-2232C","mapping_code":"3_21_64_50178135","state":1},{"key":"MUTE","name":"MUTE","code":"+9174-4518+600-500+598-498EfEfEfEfE-1628EfE-1626EgEhEgEgEgEfEgEfEgEhEgEfEfEfEfEgEfEfEfEgEgEhEgE-41620+9178-2240C","mapping_code":"3_14_64_50163855","state":1},{"key":"INPUT","name":"INPUT","code":"+9150-4538+600-506+598-498EfEfEfEfE-1628EfEgEgEgEgEgEgEfE-1626EgEgEfEfEgEfEfEfEfEfEgEgEfEgEhEgE-41604+9174-2226C","mapping_code":"3_19_64_50186295","state":1},{"key":"EXIT","name":"EXIT","code":"+9172-4548+600-500+598-498EfEfEfEfE-1628EfE-1626EgEhEgEhEgEfEgEfEgEgEfEgEfEfEfEgEfEfEgEfEgEgEgE-41646+9200-2250C","mapping_code":"3_22_64_50161815","state":1},{"key":"DISPLAY","name":"DISPLAY","code":"+9174-4580+600-530+598-498EfEfEfEfE-1626EfE-1628EhEhEgEhEhEfEhEfEhEfEgEfEfEfEfEhEfEhEfEhEhEhEhE-41622+9178-2250C","mapping_code":"3_10_64_50155695","state":1}],"_id":"aL1EdSLdKjjCv70Q"}
