{"category":"TV","brand":"SKYWORTH","model":"4345","type":1,"version":"1.0","create_date":1695118625432,"protocol":"SKYWORTH","map_code":[{"key":"0","name":"0","code":"+9174-4518+600-498C-496Ce+598dFdFdFdFdFdF-1628F-1626ChFgFhFgFhChFgFhCdFdFdFdFgF-500+596dFdFhChFgFhCdF-42742+9204-2280+602","mapping_code":"3_135_65024_8380702","state":1},{"key":"1","name":"1","code":"+9148-4530+600-500+598-498EfEfEfEfEfEfEfE-1626E-1628EgCgEhE-1630+596gEfEhEfEf+624gEfEfEgEhEfEgCgEfEgCgEfE-42740+9178-2278C","mapping_code":"3_146_65024_8341942","state":1},{"key":"2","name":"2","code":"+9150-4522+600-498+598dEdEdEdEdEdEdEdE-1626CfE-1628EfCfEgEfCfEfCdEdEfEdEdEgEdEdEfCfEdEgEfEdE-42740+9176-2286+602","mapping_code":"3_147_65024_8374582","state":1},{"key":"3","name":"3","code":"+9150-4522+600-500+598-498EfEfEfEfEf+628-506EfE-1626CiCiEiC-1628EjEiCfEfEjEjEfEfEiEjEiCiEfEfEjEiCfEfE-42754+9176-2406C","mapping_code":"3_204_65024_8336332","state":1},{"key":"4","name":"4","code":"+9178-4536+600-500+598-498EfEfEfEfE-496CfEfE-1628E-1626CiEhEiCiEhEfEiEhEiCfEfEfEiEhEfEfEfEiEhEhEfE-42768A-2254C","mapping_code":"3_142_65024_8352142","state":1},{"key":"5","name":"5","code":"+9150-4536+600-498+598dC-496EdEdEdEdEdEdE-1628E-1626EgEhChEgEhChEgEhChEdEdEdEhCfEdEdEdEhEgEhCdE-42744+9174-2322+628","mapping_code":"3_143_65024_8384782","state":1},{"key":"6","name":"6","code":"+9156-4522+600-498+598dEdEdEdEdEdEdEdE-1626EfCfEfCfEfCfEdEdEdEfEdEdE-1628EfEgEfEgEdEfEgEdEdE-42734+9174-2244C","mapping_code":"3_200_65024_8328172","state":1},{"key":"7","name":"7","code":"+9152-4528+600-498+598dC-496CfEdEdEdEdEdE-1628E-1626EgEhChEgEhCdEhEdEgEdEdEdEhChEdEhCdEhEgEhCdE-42734+9202-2278C","mapping_code":"3_138_65024_8343982","state":1},{"key":"8","name":"8","code":"+9154-4526+600-500+598-498EfEfEfEfEfEfEfE-1626CgEgCgE-1628EgCgEhEgEfEhEfEfEfEgCfEfEgEfEhEgCg+624fE-42786+9178-2234+602","mapping_code":"3_139_65024_8376622","state":1},{"key":"9","name":"9","code":"+9174-4528+602-498+598dEdEdEdEdEdEdEdE-1626+600fE-1628EfGfEhEfEdEdEhEdEdEdEfGfEhEfGdEfEhEfEdEdE-42758+9200-2274C","mapping_code":"3_196_65024_8332252","state":1},{"key":"POWER","name":"POWER","code":"+9172-4512+600-500+598-498EfE-496CgCgEfEfEfE-1626E-1628EhChEhChEhCfEfEiEhChEfEhEiEhEiEfEfEfEiEfEfE-42756+9178-2230C","mapping_code":"3_220_65024_8338372","state":1},{"key":"MENU","name":"MENU","code":"+9176-4516+600-500+598-498EfEfEfEfE-496EfEfE-1626ChEhChEhChEhCfEhEhChEfEfEhChEhCgEfEfEhChEfEfE-42692+9152-2366C","mapping_code":"3_206_65024_8352652","state":1},{"key":"VOLUME_UP","name":"VOLUME UP","code":"+9152-4528+602-498+598dEdEdEdEdEdEdEdE-1626+600fGfGfGfGfGfEfGdEdEdEdEdEfGfGdEfGfGfGfGfC-494EdE-42748+9204-2274C","mapping_code":"3_193_65024_8356732","state":1},{"key":"VOLUME_DOWN","name":"VOLUME DOWN","code":"+9152-4530+602-506+598-498EfE-496+600gEfHgEfEfE-1626HiEiHiEiHiEiHiEfEfEiHiEfEfEiHgEiHiHgEfEiHiEfE-42698+9174-2208C","mapping_code":"3_153_65024_8362342","state":1},{"key":"CHANNEL_UP","name":"CHANNEL UP","code":"+9176-4516+600-498C-496CeCeCeCeCeCeCe+598-1626CgCgFgCgCgFgCdFgFdFgCdFdFgCgFgCdFgFdFgFgCdFdF-42744+9152-2230+602","mapping_code":"3_202_65024_8344492","state":1},{"key":"CHANNEL_DOWN","name":"CHANNEL DOWN","code":"+9174-4518+600-500+598-498E-496CfEfEfEfEgCfE-1626EhChChEhChChCfEhCfEfEhEfE-1652EhChEfEhChCfEhEfEfE-42756+9178-2278C","mapping_code":"3_210_65024_8342452","state":1},{"key":"INPUT","name":"INPUT","code":"+9178-4524+600-500+598-496CfCfE-498EgEgEgEgE-1626ChEhChEhChEhCfCfEgEgEgEgEhChEhChEhChEhChEgEgE-42714+9176-2230+602","mapping_code":"3_192_65024_8324092","state":1},{"key":"LAST","name":"LAST","code":"+9152-4526+602-498+600-496EfEfEfEfEfEfEfE-1626EgEgEgEgEgEgEd+598fEgEgEdHdHdHgEgEgEdHdHgEgEgEdH-42744+9154-2230C","mapping_code":"3_140_65024_8335822","state":1},{"key":"MUTE","name":"MUTE","code":"+9150-4522+600-500+598-498EfEfEfEfEfEfEfE-1628EgEgEgEgEgEgEfEfEgEgEgEfEfEgE-1626EgEfEfEfEgEgEfE-42726A-2242C","mapping_code":"3_156_65024_8337862","state":1}],"_id":"LZgPn6FwtMXrfcVt"}
