{"category":"TV","brand":"SKYWORTH","model":"4351","type":1,"version":"1.0","create_date":1695194088454,"protocol":"SKYWORTH","map_code":[{"key":"0","name":"0","code":"+9172-4518+600-500+602-1624+598-1628GhGhGhGhGhGhG-498GiGiGiGiGiGiGiGhGiGiGhGiGiGiGhGiGhGhGiGhGhGhG-41624+9198-2240C","mapping_code":"3_18_254_2139113655","state":1},{"key":"1","name":"1","code":"+9176-4570+600-500+598-1628EfEfEfEfEfEfEfE-498EgEgEgEgEgEgEfEgEfEgEgEgEgEgEgEfEgEfC-1626EhEfEfE-41612+9178-2234C","mapping_code":"3_5_254_2139136095","state":1},{"key":"2","name":"2","code":"+9150-4550+600-514+598-1626E-1628EfEgEfEgEfEgE-498EhEhEhEhEhEhEhEfEgEhEhEhEhEhEfEhEhEgEgEfEgEfE-41608+9178-2244C","mapping_code":"3_6_254_2139119775","state":1},{"key":"3","name":"3","code":"+9176-4588+600-502+598-1628EfE-1626EfEfEfEgEfE-498EhEhEhEhEhEhEfEfEfEhEhEd+594hEhEhEhEhEfEfEfEfEfE-41656+9226-2244C","mapping_code":"3_7_254_2139152415","state":1},{"key":"4","name":"4","code":"+9176-4562+624-502+598-1628EfE-1626EfEgEfEfEfE-498EhEhEhEhEhEhEfEhEhEfEhEhEhEhEhEfEfEhEfEfEfEfE-41594+9178-2256+600","mapping_code":"3_9_254_2139132015","state":1},{"key":"5","name":"5","code":"+9200-4532+600-500+598-1628EfE-1626EfEgEfEgEfE-498EhEhEhEhEhEhEhEfEhEfEhEhEhEhEfEhEfEhEfEfEfEfE-41588+9178-2258C","mapping_code":"3_10_254_2139115695","state":1},{"key":"6","name":"6","code":"+9150-4566+624-504+598-1626E-1628EgEgEgEgEgEgE-498EhEhEhEhEhEhEgEgEhEgEhEhEhEhEhEhEgEhEgEgEgEgE-41588+9178-2248+600","mapping_code":"3_11_254_2139148335","state":1},{"key":"7","name":"7","code":"+9150-4644+600-500+598-1628E-1626EfEfEfEgEfEgE-498EhEhEhEhEhEhEgEhEfEfEhEhEhEhEhEgEhEhEfEfEfEfE-41600+9198-2230C","mapping_code":"3_13_254_2139140175","state":1},{"key":"8","name":"8","code":"+9174-4540+600-500+598-1628EfEfE-1626EfEfEfEfE-498EhEhEhEhEhEhEhEfCgEfEhEhEhEhEfEhEhEhEfEfEgEfE-41596+9150-2242C","mapping_code":"3_14_254_2139123855","state":1},{"key":"9","name":"9","code":"+9176-4538+600-506+598-1628EfEfEfEfEfEfEfE-498EgEgEgEgEgEgEfEfEfEfEgEgEgEgEgEgEgEgEfE-1626EfEhE-41618+9202-2260C","mapping_code":"3_15_254_2139156495","state":1},{"key":"POWER","name":"POWER","code":"+9150-4528+600-500+598-1628EfEfEfEfEfE-1626EfE-498EhEhEhEhEhEhEhEhEfEhEhEhEhEhEfEfEhEfEfC-1624EfEgE-41628+9178-2250C","mapping_code":"3_4_254_2139103455","state":1},{"key":"MENU","name":"MENU","code":"+9174-4518+600-500+598-1628E-1626EfEgEfEgEfEgE-498EhEhEhEhEhEhEhEfEhEgEf+602-494EhEhEfEhEgEhEhEfEgEfE-41610+9204-2258C","mapping_code":"3_26_254_2139117735","state":1},{"key":"VOLUME_UP","name":"VOLUME UP","code":"+9228-4576+600-500+598-1628EfEfEfEfEfEfEfE-498EgEgEgEgEgEgEfEfEgEfEfEgEgEgEgEgEfEgEgEf+602-1624EfE-41636+9178-2238C","mapping_code":"3_27_254_2139150375","state":1},{"key":"VOLUME_DOWN","name":"VOLUME DOWN","code":"+9176-4550+600-500+598-1628EfE-1626E-1630+596gEfEgEfE-498EjEjEjEjEjEjEfEjEjEfEfEjEjEjEjEfEfEjEjEfEfEfE-41632+9178-2246C","mapping_code":"3_25_254_2139134055","state":1},{"key":"CHANNEL_UP","name":"CHANNEL UP","code":"+9172-4578+600-500+598-1628EfEfE-1626EfEgEfEgE-498EhEhEhEhEhEhEhEfEfEhEfEhEhEhEgEhEhEfEhEfEfEfE-41610+9176-2232C","mapping_code":"3_22_254_2139121815","state":1},{"key":"CHANNEL_DOWN","name":"CHANNEL DOWN","code":"+9332-4540+600-518+598-1628E-1626EfEgEfEfEfEfE-498EhEhEhEhEhEhEhEgEfEgEfEhEhEhEfEhEhEhEhEfEfEfE-41622+9178-2242C","mapping_code":"3_30_254_2139125895","state":1},{"key":"MUTE","name":"MUTE","code":"+9174-4516+600-500+598-1626E-1628EfEgEgEgEfEgE-498EhEhEhEhEhEhEgEhEhEhEhEhEhEhEhEgEgEgEgEgEgEgE-41622+9178-2248C","mapping_code":"3_1_254_2139127935","state":1},{"key":"INPUT","name":"INPUT","code":"+9150-4528+600-500+598-1628EfEfEfEfE-1626EfEgE-498EhEhEhEhEhEhEhEhEfEhEfEhEhEhEfEfEhEfEhEfEfEfE-41626+9202-2234C","mapping_code":"3_20_254_2139105495","state":1},{"key":"LAST","name":"LAST","code":"+9176-4534+600-500+598-1628E-1626EfEfEfEfEfEgE-498EhEhEhEhEhEhEfEfEhEhEfEhEhEhEhEhEfEfEhEfEfEfE-41602+9178-2264C","mapping_code":"3_19_254_2139146295","state":1},{"key":"EXIT","name":"EXIT","code":"+9176-4514+600-500+598-1628EfEfE-1626EfEgEfEfE-498EhEhEhEhEhEhEfEhEfEgEfEhEhEhEhEfEhEhEhEfEfEfE-41612+9202-2252C","mapping_code":"3_29_254_2139142215","state":1},{"key":"DISPLAY","name":"DISPLAY","code":"+9176-4544+600-500+598-1628EfEfEfEfE-1632+594fEfE-498EiEiEiEiEiEiEiEiEiEiEiEiEiEiEfEfEfEfEfEfEfEfE-41618+9200-2250C","mapping_code":"3_0_254_2139095295","state":1}],"_id":"9HtiDvh6VrsvlieZ"}
