{"category":"TV","brand":"SKYWORTH","model":"5047","type":1,"version":"1.0","create_date":1695118983271,"protocol":"SKYWORTH","map_code":[{"key":"0","name":"0","code":"+4606-4530+604-500+600-1626+602fG-1628G-498EiEiEiEiEfGhGhGiEiEiEiEhGiEiEhGiEiEiEiEiEhEhGiEhEhEhGhE-48484+4632-4508G-1630G","mapping_code":"7_9_14_1886425199","state":1},{"key":"1","name":"1","code":"+4606-4534+604-500+600-1626+602-1628GfG-496G-498EjEjEiEhGhGhEjEjEjEjEjEjEjEjEjEjEjEjEhGhEhGhGhEhGhEhE-48488+4610-4528GhG","mapping_code":"7_0_14_1886388479","state":1},{"key":"2","name":"2","code":"+4606-4530+604-500+600-1626+602fGfG-498EhEhEhEhEfG-1628GfGhEhEhEhEiEhEhEhEhEhEhEhEhEiEiGiEiGiEiEiE-48506+4636-4518C-1630G","mapping_code":"7_1_14_1886421119","state":1},{"key":"3","name":"3","code":"+4606-4542+604-512+600-1626+602fG-1628G-498EiEiEiEiEfGhGhGiEiEiEiEiEhGiEiEiEiEiEiEhGiEhEhGhEhEhGhE-48524+4636-4518G-1630G","mapping_code":"7_2_14_1886404799","state":1},{"key":"4","name":"4","code":"+4612-4558+604-518+600-1626+602-1628GfG-498EiEiEiEiEhEhGhGiEiEiEiEhGhEiEiEiEiEiEiEiEiEhGhEhGhEhEhE-48494+4632-4514G-1630G","mapping_code":"7_3_14_1886437439","state":1},{"key":"5","name":"5","code":"+4606-4530+602-500+600-1626C-1628CgC-496E-498EiEiEiEgEgCgEiEiEiEiEiEiEgEiEiEiEiEiEgEgEiEgEgEgEgCgE-48522+4636-4518C-1630C","mapping_code":"7_4_14_1886396639","state":1},{"key":"6","name":"6","code":"+4608-4532+604-500+600-1626+602fGfG-498EhEhEhEhEfG-1628GfGhEhEhEhEfGhEiGhEhEhE-502+596hEhEiGhEiEiGiEiGiE-48500+4636-4520G-1630G","mapping_code":"7_5_14_1886429279","state":1},{"key":"7","name":"7","code":"+4608-4554+602-522+600-1626C-1628CfC-498EhEhEhEhEfCgCgChEhEhEhEhEgCfChEhEhEhEhEgEhEhEgEgEgEgEgC-48460+4606-4538+604gC","mapping_code":"7_6_14_1886412959","state":1},{"key":"8","name":"8","code":"+4612-4534+602-500+600-1626CfC-1628C-498EhEhEhEhEgCfCgChEhEhEhEgCgEgChEhEhEhEhEhEhEhEgEgEgCgEgE-48466+4610-4530+604gC","mapping_code":"7_7_14_1886445599","state":1},{"key":"9","name":"9","code":"+4608-4530+604-500+600-1626+602-1628GfG-496E-498EiEjEjEhGhGhGiEjEjEjEjEjEjEhGjEjEjEjEhEhEhGjEhEhEhGhE-48502+4610bG-1630G","mapping_code":"7_8_14_1886392559","state":1},{"key":"MENU","name":"MENU","code":"+4610-4532+602-500+600-1632C-1624C-1628E-498EiEiEiEiEhCh+608-1622EiEiEiEi+604-494EiEhEhEhCiEiEiEhEhCiEiEiEhEhEhC-48494A-4526C-1630C","mapping_code":"7_28_14_1886402759","state":1},{"key":"VOLUME_UP","name":"VOLUME UP","code":"+4608-4542+604-500+600-1626+602fG-1628G-498EiEiEiEiEfGhGhGiEiEiEiEfGhGiEiEhEiEiEiEiEiEhGhEiEhEhGhE-48494+4610-4530ChG","mapping_code":"7_19_14_1886439479","state":1},{"key":"VOLUME_DOWN","name":"VOLUME DOWN","code":"+4608-4542+604-512+600-1626+602fG-1628G-498EiEiEiEiEfGhGhGiEiEiEiEiEhGiEiEhGiEiEiEhEiEhGhEiEhEhG-1630+598-48492+4632-4514GhG","mapping_code":"7_18_14_1886406839","state":1},{"key":"CHANNEL_UP","name":"CHANNEL UP","code":"+4606-4530+604-498+600-1628+602-1626GhGdEdEdEdEdEfGhGfGdEdEdEdEfGdEdEdEfGdEdEdEdEfGfEfGdEfEfEfG-48506+4634-4584C-1640G","mapping_code":"7_17_14_1886423159","state":1},{"key":"CHANNEL_DOWN","name":"CHANNEL DOWN","code":"+4608-4528+604-498+602-1626EfEfE-496+600dHdHdHdH-1628EiEfEdHdHdHdHdHdHdHdHiEdHdHdHiHiEiHiHdHiEiHiH-48512+4634-4516CiE","mapping_code":"7_16_14_1886390519","state":1},{"key":"MUTE","name":"MUTE","code":"+4606-4540+602-500+600-1628CfC-1626C-498EhEhEhEhEfCfEfChEhEhEhEfEhEfEfChEhEhEhEhEfEhEhEfCfEfEfE-48522+4634-4520+604fC","mapping_code":"7_13_14_1886433359","state":1},{"key":"INPUT","name":"INPUT","code":"+4606-4570+604-526+602-1626E-1628EfE-498+600hIhIhIhIfEgEgIhIhIhIhIgIgEgIgEhIhIhIhIhIhIhIhIgEgIgEgI-48476+4610-4526CgE","mapping_code":"7_15_14_1886449679","state":1},{"key":"EXIT","name":"EXIT","code":"+4608-4538+604-514+600-1626+602fGfG-496GhGhE-498EhE-1628GjGfGiEiEiEiEiEiEiEjGjEiEiEiEjGjGjEiEiEjGjGjE-48526+4634-4516CjG","mapping_code":"7_24_14_1886394599","state":1},{"key":"LAST","name":"LAST","code":"+4608-4524+604-498+602-1626EfEfE-496EgEgEg+600dEfEfEfEdHdHdHdH-1628EdHfEfEiEdHdHdHdHfEdHdHdHiHiEfE-48494+4636-4558CiE","mapping_code":"7_29_14_1886435399","state":1},{"key":"DISPLAY","name":"DISPLAY","code":"+4606-4524+604-498+602-1626EfEfE-496EgEgEgEgEfEfEfEg+600dHdHdEgH-1628EfEgHiEdHdHdHfEdHdHfEdHiEiEfE-48500+4636-4568CiE","mapping_code":"7_22_14_1886414999","state":1},{"key":"POWER","name":"POWER","code":"+4606-4530+602-500+598-1630+600fEfG-498GhGhEdEdEfGfEfGhGhEdEdEfGfEdEfGhGhEdEdEdEdEfGhEfEfGfEfG-48470AbG-1632E","mapping_code":"7_11_14_1886441519","state":1}],"_id":"AtEANNzBw8vwiyVV"}
