{"category":"TV","brand":"SKYWORTH","model":"622","type":1,"version":"1.0","create_date":1695110141637,"protocol":"SKYWORTH","map_code":[{"key":"0","name":"0","code":"+9180-4614+604-516+602-1636E-500EfEg+628gEg+600gEgEgEgEgEgEgEgEgEgIgE-502IgEgEgEgEgEfE-1638EfEkEfEfEfEkE-48698+9228-2244C","mapping_code":"3_0_10_1342177535","state":1},{"key":"1","name":"1","code":"+9230-4562+604-502+602-1636E-500EfEd+600gEgEgEgEgEgEgEgEgEgEgE-1638EgEgEgEgEgEgEgEgEfEiEfEfEiEfEiE-48706A-2236C","mapping_code":"3_1_10_1342210175","state":1},{"key":"2","name":"2","code":"+9180-4602+604-510+602-1638E-500E-1636EgEgEgEgEgEgEgEgEg+600-502IjIgEgEhEgIjIjIgEjIgEhEgIfEhEhEfEhEfE-48684+9228-2234C","mapping_code":"3_2_10_1342193855","state":1},{"key":"3","name":"3","code":"+9232-4568+604-502+602-1636E-500EfEgEgEgEgEgEgEgEgEgEgEgEgEfEfEgEgEgEgEgEgEgEgEfEfE-1638EfEfEhE-48694+9258-2296C","mapping_code":"3_3_10_1342226495","state":1},{"key":"4","name":"4","code":"+9204-4572+604-504+602-1636E-500EfEgEgEgEgEgEgEgEgEgEgEgEgEgEgEfEgEgEgEgEgEfE-1638EgEfEhEfEhEfE-48736+9256-2266C","mapping_code":"3_4_10_1342185695","state":1},{"key":"5","name":"5","code":"+9204-4582+628-502+602-1638E-500E-1636EgEgEgEgEgEgEgEgEg+600gEgEgEhEgEhEgEgEgEgEgEgIfEgEhEfEhEfEhE-48668+9228-2236+604","mapping_code":"3_5_10_1342218335","state":1},{"key":"6","name":"6","code":"+9230-4550+604-502+602-1636E-500EfEgEgEgEgEgEgEgEg+600gEgEgEgEgEfEfEgEgEgEgEgEfEgEgEfEfEfEfEfE-48654+9232-2244C","mapping_code":"3_6_10_1342202015","state":1},{"key":"7","name":"7","code":"+9202-4558+604-502+602-1636E-500EfEgEgEgEgEgEgEgEgEgEgEgEg+600-1638Ef+606-1632EgEgEgEgEgHdHdHgEiEfEiEfEiE-48660+9228-2240C","mapping_code":"3_7_10_1342234655","state":1},{"key":"8","name":"8","code":"+9228-4550+604-502+602-1636E-500EfEg+600gEgEgEgEgEgEgEgEgEgEgEgEgEgEfEgEgEgEgEfE-1638EfEdEfEiEfEiE-48688+9232-2302C","mapping_code":"3_8_10_1342181615","state":1},{"key":"9","name":"9","code":"+9228-4548+604-502+602-1636E-500EfEgEgEgEgEgEgEgEgEgEgEgEgEfEgEgEfEgEgEgEgEgE-1638EfEd+600hEfEfEhE-48702+9232-2290C","mapping_code":"3_9_10_1342214255","state":1},{"key":"POWER","name":"POWER","code":"+9230-4540+604-502+602-1636E-500EfEgEgEgEgEgEgEgEgEgEgEgEgEgEfEgEgE-1638EgEgEgEfEg+600hEfEgEfEhEfE-48728+9232-2256C","mapping_code":"3_18_10_1342195895","state":1},{"key":"MENU","name":"MENU","code":"+9226-4536+604-502+602-1636E-500E-1638EgEgEgEgEgEgEgEgEgEgEgEgEfEgEgEd+600hEgEgEgEgEfEhEhEgEfEfEfE-48688+9284-2312C","mapping_code":"3_17_10_1342212215","state":1},{"key":"VOLUME_UP","name":"VOLUME UP","code":"+9204-4558+604-502+602-1636E-500EfEgEgEgEgEgEgEg+600dEgHgEgEgEfEgH-1638EfEdHdHdHgEgEfEgHdHiEfEfEfE-48702+9232-2260C","mapping_code":"3_13_10_1342222415","state":1},{"key":"VOLUME_DOWN","name":"VOLUME DOWN","code":"+9204-4570+604-502+602-1636E-500EfEgEgEg+600dHdHgEgEgEgEgEgEgEgEfE-1638EfEgEgEgEgEfEgEgEgEfEfEfEfE-48680+9232-2282C","mapping_code":"3_14_10_1342206095","state":1},{"key":"CHANNEL_UP","name":"CHANNEL UP","code":"+9180-4580+604-502+602-1636E-500EfEgEgEgEgEg+600gEgEgEgEgEgEgEfE-1638EfEfEgC-498EgEgHdHgEgEgEfEfEfEfE-48666+9226-2256C","mapping_code":"3_15_10_1342238735","state":1},{"key":"CHANNEL_DOWN","name":"CHANNEL DOWN","code":"+9232-4570+604-502+602-1636E-500E-1638EgEgEgEgEg+600gEgEgEgEgEgEgEgEgEgEgIhEgEgEgEfEhEfEhEgEfEhEfE-48686+9230-2240C","mapping_code":"3_16_10_1342179575","state":1},{"key":"MUTE","name":"MUTE","code":"+9204-4594+628-512+602-1636E-500EfEgEgEgEgEgEgEgEgEg+600gEgEgEfEfEgEfEgH-502HgEgEgEgEfEgH-1638EfEfEfE-48692+9258-2278+604","mapping_code":"3_11_10_1342230575","state":1},{"key":"INFO","name":"INFO","code":"+9230-4574+604-502+602-1638E-500E-1636EgEgEgEgEgEgEgEgEg+600gEgEgEgEhEhEgEhEgIdIgEfEgEgEhEgEhEhEhE-48650+9232-2286C","mapping_code":"3_22_10_1342204055","state":1},{"key":"GUIDE","name":"GUIDE","code":"+9230-4588+604-512+602-1636E-500EfEgEgEgEgEg+600-502HiHgEgEgEgEgEgEgEfEfEgEgEgHgE-1638EfEgEiHfEfEfEfE-48676+9202-2252C","mapping_code":"3_12_10_1342189775","state":1}],"_id":"aw1QzHc38hKxT74E"}
