{"category":"TV","brand":"SKYWORTH","model":"637","type":1,"version":"1.0","create_date":1695117585755,"protocol":"SKYWORTH","map_code":[{"key":"0","name":"0","code":"+9218-4560+604-1638+602-1634E-500EgEgEgEgEgEgEgE-1636EhEfEhEhEhEgEgEhEhEhEgEgEgEhEhEgEgEgEhEhEhE-42862+9220-2250C","mapping_code":"3_28_3_3225368775","state":1},{"key":"1","name":"1","code":"+9242-4558+604-1636+602dE-500EfEfEfEfEfEfEfEdEdEdEdEdEdEfEfEfEfEfEfEfEfEdEdEdEdEdEdEdEdE-42868+9194-2244C","mapping_code":"3_0_3_3225354495","state":1},{"key":"2","name":"2","code":"+9214-4536+604-1636+602dE-500EfEfEfEfEfEfEfEdE-1634EdEd+606-1632EdEfEfE-540EfEdEfEfEfEdEdEdEdEfEdEdEdE-42874+9218-2226C","mapping_code":"3_16_3_3225356535","state":1},{"key":"3","name":"3","code":"+9218-4568+604-1638+602-1634C-500EgEgEgEgEgEgEgE-1636EhEfEhEhEhEhEgEgEgEhEgEgEgEgEhEhEhEgEhEhEhE-42886A-2234C","mapping_code":"3_17_3_3225389175","state":1},{"key":"4","name":"4","code":"+9218-4564+604-1638+602-1634C-500EgEgEgEgEgEgEgE-1636EhEhEhEhEhEhEfEgEgEhEgEgEgEgEgEhEhEgEhEfEhE-42870+9220-2294C","mapping_code":"3_19_3_3225405495","state":1},{"key":"5","name":"5","code":"+9218-4580+604-1638+602-1634C-500EgEgEgEgEgEgEgE-1636EhEhEhEhEhEgEgEhEgEhEgEgEgEhEhEgEhEgEhEhEhE-42866+9242-2286+628","mapping_code":"3_20_3_3225364695","state":1},{"key":"6","name":"6","code":"+9216-4534+604-1638+602-1636E-500EgEgEgEgEgEgEgEfEfEfEfEfE-1634EfEgEfEgEfEgEgEgEgEfEg+600fEgEfEfEfE-42868+9220-2250C","mapping_code":"3_21_3_3225397335","state":1},{"key":"7","name":"7","code":"+9214-4536+604-1636C-1634+602-500FgFgFgFgFgFgFgFdFeFdFdFdFdFdFdFdFg+600dFgFgFgFgFgFgFdFgFdFdFdF-42868+9220-2250C","mapping_code":"3_23_3_3225413655","state":1},{"key":"8","name":"8","code":"+9218-4548+604-1636+602dE-500EfEfEfEfEfEfEfE-1634EdEdEdEdEdEfEfEfEdEdEfE-502+600fEdEdEdEfIfEdEdEdE-42856+9246-2292C","mapping_code":"3_24_3_3225360615","state":1},{"key":"9","name":"9","code":"+9214-4530+604-1636+602dE-500EfEfEfEfEfEfEfEdEdEdE-1634EdEdEdEfEfEdEdEfEfEfEfEdEdEfEfEdEdEdE-42866+9246-2286C","mapping_code":"3_25_3_3225393255","state":1},{"key":"POWER","name":"POWER","code":"+9218-4544+604-1636+602dE-500EfEfEfE-502EfEfEfEdEdEdEdEdEdEdEdEfEdEfEfEfEfEfEfEdEfEdEdEdEdE-42870+9216-2236C","mapping_code":"3_11_3_3225407535","state":1},{"key":"MENU","name":"MENU","code":"+9218-4560+604-1636+602dE-500EfEfEfEfEfEfEfEdEdEdE-1634EdEdEfEdEfEdEfEfEdEfEdEfEdEfEdEdEfEdE-42860A-2276+628","mapping_code":"3_74_3_3225375405","state":1},{"key":"VOLUME_UP","name":"VOLUME UP","code":"+9218-4558+604-1638+602-1634E-500EgEgEgEgEgEgEgE-1636EhEhEhEfEhEhEfEgEhEgEgEhEgEgEgEhEgEhEhEgEhE-42866+9220-2250C","mapping_code":"3_75_3_3225408045","state":1},{"key":"VOLUME_DOWN","name":"VOLUME DOWN","code":"+9218-4548+604-1636+602dE-500EfEfEfEfEfEfEfE-1634EdEdEdEdEgEdEfEfEdEfEfEdEfEfEdEdEfEdEdEfEdE-42858A-2378C","mapping_code":"3_73_3_3225391725","state":1},{"key":"CHANNEL_UP","name":"CHANNEL UP","code":"+9218-4554+604-1636+602dE-500EfEfEfEfEfEfE-502+600dEdEdE-1634EdEdEdEdEdEfEfEfEdEfEfEfEfEdEdEdEfHdE-42866+9246-2294C","mapping_code":"3_71_3_3225412125","state":1},{"key":"CHANNEL_DOWN","name":"CHANNEL DOWN","code":"+9210-4536+604-1638+602-1634E-500EgEgEgEgEgEgEgE-1636EhEhEhEhEhEhEgEhEhEgEgEhEgEgEhEgEgEhEhEgEhE-42814+9220-2292C","mapping_code":"3_77_3_3225399885","state":1},{"key":"MUTE","name":"MUTE","code":"+9214-4536+604-1638+602-1634E-500EgEgEgEgEgEgEgEfE-1636EhEhEfEhEgEhEgEhEgEgEgEgEhEgEhEgEhEhEhEhE-42840+9216-2246+606","mapping_code":"3_10_3_3225374895","state":1},{"key":"INFO","name":"INFO","code":"+9218-4538+604-1636C-1634+602-500FgFgFgFgFgFgFgFdFeFdFdFdFdFgFdFdFdFgFgFdFgFdFgFgFgFdFdFgFdF-42860A-2294C","mapping_code":"3_78_3_3225383565","state":1},{"key":"SLEEP","name":"SLEEP","code":"+9218-4552+604-1638+602-1634E-500EgEgEgEgEgEgEgE-1636EhEhEhEhEhEhEgEhEhEgEgEgEgEgEhEgEgEhEhEhEhE-42904+9220-2246C","mapping_code":"3_13_3_3225399375","state":1},{"key":"PICTURE_MODE","name":"PICTURE MODE","code":"+9216-4552+604-1636+602dE-500EfEfEfEfEfEfEfEdEdEdEdEdEdEfEdEdEfEfEfEdEfEd+606-496EfEdEdEdEfEdE-42820+9218-2286C","mapping_code":"3_70_3_3225379485","state":1},{"key":"PIP","name":"PIP","code":"+9218-4588+626-1642+602-1636E-500EgEgEgEgEgEgEgEfEfEfEfEfEfEfEgEfEgEg+600-502EfEgEgEfEgEfEfEfEgEfE-42862+9242-2274+606","mapping_code":"3_69_3_3225395805","state":1}],"_id":"J9sv0E11A84L3kBk"}
