{"category":"TV","brand":"SKYWORTH","model":"642","type":1,"version":"1.0","create_date":1695110273107,"protocol":"SKYWORTH","map_code":[{"key":"0","name":"0","code":"+9200-4588+604-514+602-500EfEfE-1636EfEfEfEgE-1638EgEgEfEhEgEgE-502+600fEfEfEfEfEfEfEhEgEhEgEgEhEgEgE-42838+9232-2306C","mapping_code":"3_0_16_150405375","state":1},{"key":"1","name":"1","code":"+9224-4556+630-520+602-500EfEfE-1636EfEfEfEgE-1638EgEhEfEgEgEhEgEf+600-502IjEfIjIjEfIjIhEgEgEhEgEgEgE-42894+9232-2264+604","mapping_code":"3_1_16_150438015","state":1},{"key":"2","name":"2","code":"+9204-4550+604-502+602-500EfEfE-1636EfEfEfE-1638EgEhEgEfEgEhEgEfEgEd+600dIfEfEfEfEhEfEgEgEgEgEhEgE-42876+9254-2540+606","mapping_code":"3_2_16_150421695","state":1},{"key":"3","name":"3","code":"+9230-4572+604-502+602-500EfEfE-1638EfEfEfE-1636EhEgEhEfEhEgEhEhEhEfEfEfEfEf+600dIdEfIgEhEhEgEhEhE-42880+9232-2290C","mapping_code":"3_3_16_150454335","state":1},{"key":"4","name":"4","code":"+9230-4552+604-502+602-500EfEfE-1636EfEfEfEgEgEgEgEfE-1638EgEgEfEfEhEfEfEfEfEfE-1640+598hEfEgEgEhEgEgE-42890+9232-2266C","mapping_code":"3_4_16_150413535","state":1},{"key":"5","name":"5","code":"+9230-4554+604-504+600-500+602fGfG-1636GfE-502GfG-1638GhGhGjGfGhGhGhGhGiEjGfGfGfGfGfGfGhGfGhGjGhGhGhG-42882+9254-2274+608","mapping_code":"3_5_16_150446175","state":1},{"key":"6","name":"6","code":"+9230-4570+604-502+602-500EfEfE-1636EfEfEfEgEgEgEgEfEgEgEgEfE-1638EgEfEfEfC-498EfEgEfEfEgEgEgEgEgE-42828+9204-2250+606","mapping_code":"3_6_16_150429855","state":1},{"key":"7","name":"7","code":"+9204-4584+604-518+602-500EfEfE-1636EfEfEfE-1638EgEgEhEfEgEhEgEgEhEgEfEfEfEfEf+600-502IjEfIhEgEgEhEgE-42838+9282-2326C","mapping_code":"3_7_16_150462495","state":1},{"key":"8","name":"8","code":"+9204-4572+604-508+602-500EfEfE-1636EfEfEfE-1638EgEgEhEfEgEhEgEfEfEfEgE-502+600iJ-504+598fEhEgEgEfEhEgEgEgE-42882+9232-2258C","mapping_code":"3_8_16_150409455","state":1},{"key":"9","name":"9","code":"+9206-4548+604-502+602-500+600dEfE-1636EfEfEfEhE-1638EhEiEfEhEiEhEhEfEfEhEfEfEfEfEfEhEhEfEhEiEhEhE-42868+9228-2238C","mapping_code":"3_9_16_150442095","state":1},{"key":"POWER","name":"POWER","code":"+9230-4600+628-510+602-500EfEfE-1636EfEfEfEgEgE-1638EgEf+600hEhEgEgEhEgEfEhEfEfEfEfEfEfEgEfIhEgEgE-42828+9202-2286+604","mapping_code":"3_23_16_150464535","state":1},{"key":"MENU","name":"MENU","code":"+9204-4562+604-504+602-500EfEfE-1636EfEfEfEgE-1638EgEhEfEgEgEgEgEfEgEfEgEf+600fEfEfEgEfIhEfEgEhEgE-42870+9202-2258C","mapping_code":"3_21_16_150448215","state":1},{"key":"VOLUME_UP","name":"VOLUME UP","code":"+9254-4560+604-502+602-500EfEfE-1636EfEf+600fE-1638EgEiEgEfEiEgEiEgEiEfEgEgEfEfEfHfEfEiEfEfEgEgEgE-42892+9206-2260C","mapping_code":"3_27_16_150460455","state":1},{"key":"VOLUME_DOWN","name":"VOLUME DOWN","code":"+9226-4540+604-502+602-500EfEfE-1636EfEfEf+600-1638EgEgEiEfEiEgEiEfEgEfEgEiEfEfEfEgEdHiEfEfEgEgEiE-42894+9232-2244C","mapping_code":"3_26_16_150427815","state":1},{"key":"CHANNEL_UP","name":"CHANNEL UP","code":"+9230-4572+604-502+602-500EfEfE-1636EfEfEfEgEgEgEgEfEgEgE-1638EfEfEfEgEgEfEfEfEgEgEhEfEfEgEgEhE-42882+9232-2660+628","mapping_code":"3_24_16_150411495","state":1},{"key":"CHANNEL_DOWN","name":"CHANNEL DOWN","code":"+9228-4566+604-502+602-500EfEfE-1636EfEfEfEgEgEgEgEfEgEgEgE-1638EfEfEgEgEfEfEfEfEgEgEfEd+600hEgEgE-42902+9230-2240C","mapping_code":"3_25_16_150444135","state":1},{"key":"MUTE","name":"MUTE","code":"+9204-4548+604-502+602-500EfEfE-1636EfEfEfEgEgE-1638EgEfEgEgEgEf+600hEgEgEfEfEfEfEgEfEfEfEgEgEgEgE-42844+9230-2244C","mapping_code":"3_14_16_150433935","state":1},{"key":"INPUT","name":"INPUT","code":"+9204-4572+604-506+602-500EfEfE-1636EfEfEfEgE-1638EgEhEfEgEhEgEhEgEfEfEgEfEf+600-502EfIjIhEgEfEhEgEhE-42870+9228-2232C","mapping_code":"3_19_16_150456375","state":1},{"key":"INFO","name":"INFO","code":"+9204-4558+606-504+602-500EfEfE-1636Ef+600fEfE-1638EgEiEgEfEiEgEgEfEgEfEiEfH-502HfEfEiEfEgEfEgEgEgEgE-42918+9232-2246+604","mapping_code":"3_10_16_150425775","state":1},{"key":"SLEEP","name":"SLEEP","code":"+9204-4552+604-502+602-500EfEfE-1636EfEfEfE-1638EgEgEhEfEgEgEhEgEf+600hEgEfEfEfEfEfEgEfEfEhEgEgEgE-42880+9228-2264E","mapping_code":"3_13_16_150450255","state":1},{"key":"EXIT","name":"EXIT","code":"+9230-4572+604-506+602-500EfEfE-1638EfEfEfE-1636EgEhEhEfEhEgEhEfEgEhEfEhEf+600-502IjIgEfEfEhEfEhEhEhE-42858A-2234C","mapping_code":"3_22_16_150431895","state":1},{"key":"LAST","name":"LAST","code":"+9228-4546+604-502+602-500EfEfE-1636EfEfEfEgEgE-1638EgEf+600hEhEgEhEgEfEgEfEfEfEfEfEfEhEfEgEgEgEgE-42882A-2234C","mapping_code":"3_11_16_150458415","state":1},{"key":"GREEN","name":"GREEN","code":"+9230-4550+604-502+602-500EfEfE-1636EfEfEfEgE-1638EgEgEfEhEgEgEfEhEgEhEhEfEfEfEgEfEfEd+600fEhEgEgE-42884+9232-2248C","mapping_code":"3_30_16_150435975","state":1},{"key":"BLUE","name":"BLUE","code":"+9228-4594+604-514+602-500EfEfE-1636EfEfEfEgE-1638EgEgEfEgEgEgEgEfEfEfEgEfEfEfEfEgEgEgEfEgEgEhE-42870+9202-2256C","mapping_code":"3_17_16_150440055","state":1},{"key":"YELLOW","name":"YELLOW","code":"+9202-4570+604-502+602-500EfEfE-1636EfEfEfEgEgE-1638EgEfEgEhEgEgEhEgEhEgEfEfEfEfEfEfEfEfEgEhEgE-42884+9228-2242+760","mapping_code":"3_31_16_150468615","state":1},{"key":"PICTURE_MODE","name":"PICTURE MODE","code":"+9228-4550+604-502+602-500EfEfE-1636EfEfEfE-1638EgEgEhEfEgEhEhEfEfEfEfEgEfEfEfEhEgEgEgEfEgEhEgE-42880+9202-2256C","mapping_code":"3_16_16_150407415","state":1}],"_id":"32NO1flRkAoreEqD"}
