{"category":"TV","brand":"SKYWORTH","model":"787","type":1,"version":"1.0","create_date":1695118037140,"protocol":"SKYWORTH","map_code":[{"key":"0","name":"0","code":"+9192-4540+606-498+602-1630+604fG-1632GfGfGhGfGfGdEdEdEdEdEdEdEdEhG-496GiGfGdEdEdEhGdEfGhGdEfGfGhG-43330+9220-2332+634","mapping_code":"3_18_254_2139113655","state":1},{"key":"1","name":"1","code":"+9214-4532+606-498+602-1630+604-1632GfGfGhGfGfGfG-496GiGiGiGiGiGiGfGdEhGdEiGiGiGiGiGfGdEhGfGfGhGfG-43312+9192-2252C","mapping_code":"3_5_254_2139136095","state":1},{"key":"2","name":"2","code":"+9194-4582+604-530C-1630CeCeCeCeC-1632CeCfC-496CgCgCg+602-498HiHiHiHeCeCiHgCgCgCgCeCiHiHeCfCeCfCeC-43292+9218-2244+606","mapping_code":"3_6_254_2139119775","state":1},{"key":"3","name":"3","code":"+9192-4558+606-498+602-1630+604-1632GfGfGfGfGfGhG-496GiGiGiEdEdEdEhGfGfGiGiEdEdEdEdEdEiGfGhGfGhGfG-43296+9220-2234C","mapping_code":"3_7_254_2139152415","state":1},{"key":"4","name":"4","code":"+9216-4540+606-498+604-1630EfEfEfEfEfEfEfE-496EgEg+602dHdHdHdHfEgHdH-1632HdEgEgEgHdHiEfEdHiEfEiEfE-43302+9222-2258+608","mapping_code":"3_9_254_2139132015","state":1},{"key":"5","name":"5","code":"+9198-4576+608-506+602-1632+604-1630GfGhGhGhGhGhG-496GiE-498EjEjEjEiGiGhGjEfGiGiGiEjGhGiGhGjEfGhGfGhG-43308+9192-2264+606","mapping_code":"3_10_254_2139115695","state":1},{"key":"6","name":"6","code":"+9192-4542+606-498+602-1630+604fGfGfGfGfG-1632GfGdEdEdE-496GiGiGiGfGfGdEhGiGiGiGiEdEdEhGiGfGhGfGhG-43306+9220-2238C","mapping_code":"3_11_254_2139148335","state":1},{"key":"7","name":"7","code":"+9194-4554+606-502+600-1630+604-1632GfGhGhGfGhGfG-496GiGiGiGiGiGi+602hG-498JhGfGiJkJkJkJkJhGkJkJfGhGhGfG-43322+9218-2250C","mapping_code":"3_13_254_2139140175","state":1},{"key":"8","name":"8","code":"+9194-4550+606-498+602-1630+604fG-1632G-1634+600fGfGfGfGdEdEdEdEdE-496GdEkGfGhGhGkGkGkGkGfGdEdEdEhGfGfGhG-43312+9222-2272C","mapping_code":"3_14_254_2139123855","state":1},{"key":"9","name":"9","code":"+9216-4546+608-504+604-1630EfEfEfEfE-1632EfEfE-496EhEh+602-498IjIjIjIfEfEfEfEjIhEhEhEhIjIjIjIgEfEgEfE-43290+9220-2218+606","mapping_code":"3_15_254_2139156495","state":1},{"key":"POWER","name":"POWER","code":"+9194-4544+608-500+602-1632+604-1630GhGhGhGhGhGhG-496E-498EjEjEjEjEiGiGiEfGjEjEiGiGiEfGhGiEfGfGhGhGhG-43276+9192-2246+606","mapping_code":"3_4_254_2139103455","state":1},{"key":"MENU","name":"MENU","code":"+9216-4528+606-498+602-1632+604-1630G-1634+600hGhGfGhGhGdEdEdEdEdEdEdEdEhG-496EfGfGkGkGkGhGdEfGdEdEhGhGfG-43320+9192-2346+630","mapping_code":"3_26_254_2139117735","state":1},{"key":"VOLUME_UP","name":"VOLUME UP","code":"+9192-4552+608-500+604-1630E-1632EfEgEgEfEfEfE-496EhEhEhEh+602-498IjIgEfEjIgEfEjIjIjIhEhEfEjIjIfEgEfE-43308A-2258+606","mapping_code":"3_27_254_2139150375","state":1},{"key":"VOLUME_DOWN","name":"VOLUME DOWN","code":"+9220-4566+608-510+604-1630EfEfE-1632EfEfEfEfE-498+602hIhIhIhIhIhIgE-496EhIfEgEhIhIhIhIfEgEhIhIgEfEgE-43322+9222-2250+606","mapping_code":"3_25_254_2139134055","state":1},{"key":"CHANNEL_UP","name":"CHANNEL UP","code":"+9190-4554+606-498+602-1632+604-1630GhGhGhGfGhGhGdEdEdEdEdEdEdEdEhGhGdEfGdEdE-496C-1628GdEdEfGdEhGhGfG-43332+9218-2236C","mapping_code":"3_22_254_2139121815","state":1},{"key":"CHANNEL_DOWN","name":"CHANNEL DOWN","code":"+9220-4528+634-500+604-1630EfEfE-1632EfEfEfEfE-498+602hI-496EjEjEjIhIhIgEfEgEfEhIhIhIfEjIhIhIhIgEfEgE-43290+9222-2260+606","mapping_code":"3_30_254_2139125895","state":1},{"key":"MUTE","name":"MUTE","code":"+9220-4590+606-498+604-1630E-1632EgEfEgEfEgEgEd+602-496EiEiEiEiEiEfEdHdHdHdHdHdHdHdHgEfEgEfEfEgEfE-43308+9222-2280C","mapping_code":"3_1_254_2139127935","state":1},{"key":"REWIND","name":"REWIND","code":"+9196-4556+608-502+604-1630EfEfEfEfEfEfE-1632E-496EhEh+602-498IjIjIjIjIhEhEhEhEhIgEhEfEgEfEgEfEgEhEfE-43294A-2248+606","mapping_code":"3_64_254_2139095805","state":1},{"key":"PLAY","name":"PLAY","code":"+9198-4554+608-508+604-1630E-1632EfEfEgEfEfEgE-498+602-496EhIjEhIjEjEfEgEfEjIhEjIgEhIhIhIhIgEfEgEhIfE-43328+9222-2270+606","mapping_code":"3_71_254_2139152925","state":1},{"key":"FAST_FORWARD","name":"FAST FORWARD","code":"+9198-4538+606-498+602-1630+604-1632GfGfGhGfGfGhG-496GiGiGiGiGiGiGfGdEdEdEdEdEhGdEiGfGhGhGfGhGdEfG-43326+9222-2258+608","mapping_code":"3_65_254_2139128445","state":1},{"key":"STOP","name":"STOP","code":"+9196-4548+606-498+604-1630EfEfE-1632EfEfEgEfEdE-496+602dIdEhIdIdIgEdIfEdEhIdEfEdIdIgEhEfEgEfEdEfE-43326+9220-2274+608","mapping_code":"3_69_254_2139136605","state":1},{"key":"INFO","name":"INFO","code":"+9220-4546+606-498+602-1632+604-1630GhGfGhGhGfGhGdEdEdEdEdEdEdEdEdEdEdEdEdEdEdEfGhGfGhGfGfGhGfG-43312+9434-2300+608","mapping_code":"3_0_254_2139095295","state":1},{"key":"LAST","name":"LAST","code":"+9196-4544+606-498+602-1630+604fG-1632GfGhGfGfGhGdEdEdEdEdEdEdEfGhGdEdEhG-496GiGiGiGiGfGhGdEfGhGhG-43322+9222-2284C","mapping_code":"3_19_254_2139146295","state":1},{"key":"RED","name":"RED","code":"+9198-4552+606-498+602-1630+604-1632GfGfGfC-1628GfGhG-496GjGjGjEdEdEdEdEdEfGhGfGjEdEdEfGfGdEdEdEfGhGfG-43310+9194-2256C","mapping_code":"3_28_254_2139109575","state":1},{"key":"GREEN","name":"GREEN","code":"+9198-4590+632-2552+608-1688+606-1640+604-1630I-1632IjIkIjIjI-496Il+602-498MnMnMnMnMjIjInMlIlIlIlMnMnMnMkIjIkIjIkIjI-43336+9222-2234G","mapping_code":"-1_0_0_2378527959","state":1},{"key":"BLUE","name":"BLUE","code":"+9198-4544+608-504+602-1630+604fGfGfGfG-1632GfGhG-498E-496GjGjGj+606-494EiEiEiEfGjEhGiEjGjGfGfGjEhGiEfGfGfG-43348+9218-2228K","mapping_code":"3_20_254_2139105495","state":1},{"key":"YELLOW","name":"YELLOW","code":"+9196-4550+606-498+604-1630E-1632EfEgEfEfEgEfE-496EhEh+602dIdIdIdIgEgEfEdIgEdIdIdIhEhEhEfEdIgEfEfE-43324+9460-2288C","mapping_code":"3_23_254_2139154455","state":1},{"key":"PICTURE_MODE","name":"PICTURE MODE","code":"+9220-4570+606-518+604-1630EfEfE-1632EfEgEfEgE-496EhEhEhEh+602-498IjIjIjIjIfEjIjIjIjIfEfEfEjIgEfEgEfE-43374+9222-2250C","mapping_code":"3_8_254_2139099375","state":1},{"key":"SOUND_MODE","name":"SOUND MODE","code":"+9224-4556+606-498+602-1630+604fG-1632GfGfGfGfGhGdEdEdEdEdEdE-496GdEiGfG-1636+600dEdEdEdEfGhGdEdEhGfGhGhG-43328+9194-2242C","mapping_code":"3_12_254_2139107535","state":1}],"_id":"4PRz5cUDwx5bMUjh"}
