{"category":"FAN","brand":"COEX","model":"COMMON","type":1,"version":"1.0","create_date":1692779622702,"protocol":"COEX","map_code":[{"key":"POWER","name":"POWER","code":"+9168-4514+610-534CdC-532CdCeCdCdC-1648Cf+612-1646GfGfCfCfGfCdCdCfCdCdCfCdCdCeCfCdCfCfCeCfCfCfC-40128+9162-2230C","mapping_code":"3_18_128_33441975","state":1},{"key":"SPIN","name":"SPIN","code":"+9174-4516+610-532+612dCdEdCdEdC-534C-1648CgEgEgCgEgE-1646EgEdCdCgCgEgCgEdCdCdCgEdCfCdCdCgEgEgC-40130+9168-2232E","mapping_code":"3_30_128_33454215","state":1},{"key":"SPEED","name":"SPEED","code":"+9168-4516+610-532CdCdCdCdC-534CdC-1648Cf+612fCfCfCfGfGfCeCeCfGdCdCdCdGdCeCfGdGfGfGfGfGfGfG-40140+9176-2232C","mapping_code":"3_2_128_33439935","state":1},{"key":"TIMER","name":"TIMER","code":"+9168-4516+612-532+610dEdC-530CdEdE-534E-1648ChEhChChChEhEhCdEdCdEdEhEgEdEdEgEhEhEhCgEhEhChChC-40134+9162-2232E","mapping_code":"3_8_128_33427695","state":1},{"key":"MODE","name":"MODE","code":"+9154-4516+608-534CdCdCdCdC-532CdC-1648+610fGfGfGfCfCfCfCdCfGeCfGfCdCdCdCdCeCfGdCeCfCfGfCfC-40128+9152-2232G","mapping_code":"3_13_128_33468495","state":1}],"_id":"y6SXXaEDFwYmPraT"}
