{"category":"TV","brand":"LG","model":"1177","type":1,"version":"1.0","create_date":1688314532230,"protocol":"LG","map_code":[{"key":"0","name":"0","code":"+972-820+1806-868+916-864+944-836+946-834I-832IjIjIjIj+970-810GjA","mapping_code":"1_0_0_0","state":1},{"key":"1","name":"1","code":"+956-846+914-866+1806-868+942-836+944h+946hI-834+916-864IhJk+972-808I-1728J","mapping_code":"1_1_0_2049","state":1},{"key":"2","name":"2","code":"+960-844+1806-868+944-836Ef+942-838+918-862GhEfGhGh+916-1756+1830","mapping_code":"1_2_0_2","state":1},{"key":"3","name":"3","code":"+954-844+918-864+1806-868+916dGd+942-838C-862+944iGd+924-856G-1758H-836H","mapping_code":"1_3_0_2051","state":1},{"key":"4","name":"4","code":"+956-844+1804-868+974-808+944-836GhGhGh+946-834IhG-1728+1858-816+972","mapping_code":"1_4_0_4","state":1},{"key":"5","name":"5","code":"+954-846+916-864+1804-868+918-862Gh+942-838Gh+946-836CdC-1756+1808-1774+962","mapping_code":"1_5_0_2053","state":1},{"key":"6","name":"6","code":"+956-844+1804-868+944-836+942-838GfG-840EfE-834GhE-1728Ej+1832","mapping_code":"1_6_0_6","state":1},{"key":"7","name":"7","code":"+954-848+916-864+1804-868C-862CdCd+942-838CdCdC-1758+914dHi+944","mapping_code":"1_7_0_2055","state":1},{"key":"8","name":"8","code":"+954-848+1806-868+918-862+944-836Gh+946-834GhGhG-1730+1828-844Ij+974","mapping_code":"1_8_0_8","state":1},{"key":"9","name":"9","code":"+954-848+944-836+1806-868+916-864+942-838GhIjGhI-1732+1804fIkI","mapping_code":"1_9_0_2057","state":1},{"key":"POWER","name":"POWER","code":"+952-846+1806-866+914d+944-836+918-864+916i+942-838HiH-1756KlCd+930","mapping_code":"1_12_0_12","state":1},{"key":"VOLUME_UP","name":"VOLUME UP","code":"+956-844+942-838+1806-868+944-836Gd+916-864GhG-1728EfCh+946-834G","mapping_code":"1_16_0_2064","state":1},{"key":"VOLUME_DOWN","name":"VOLUME DOWN","code":"+954-846+1806-868+944-836EfEfEfEfE-1730+1832-840Ef+946-1728+942","mapping_code":"1_17_0_17","state":1},{"key":"HOME","name":"HOME","code":"+954-848+916-864+1806-866+918-862+944-836IjGh+942-1730EfG-1756K-838I","mapping_code":"1_19_0_2067","state":1},{"key":"MENU","name":"MENU","code":"+956-844+1806-866+918-864+944-836+914dG-838G-1728Gh+946-834C-1760+942jG","mapping_code":"1_59_0_59","state":1},{"key":"CHANNEL_UP","name":"CHANNEL UP","code":"+952-848+914-866+1808d+916-864Fg+942-838C-1758EgCd+940-840+920-858C","mapping_code":"1_32_0_2080","state":1},{"key":"CHANNEL_DOWN","name":"CHANNEL DOWN","code":"+952-848+1806-866+944-836+916-864Gd+914hE-1730+1832-840+940l+942fN-1732N","mapping_code":"1_33_0_33","state":1},{"key":"ENTER","name":"ENTER","code":"+956-846+1806-866+942-838+914d+916-864HdG-1758CdHjC-1760G","mapping_code":"1_37_0_37","state":1}],"_id":"Em9RCPbjSjJacaqB"}
