{"category":"TV","brand":"LG","model":"1317","type":1,"version":"1.0","create_date":1688315478398,"protocol":"LG","map_code":[{"key":"0","name":"0","code":"+4602-4582+592-512+552-550FfEeEeFfFeFeEe+548eEfEf+538-540+574eFeFeF-1688FfEf+542-1698FeFeFeFeFeFkF-1690GeFkFn+536-1702GnF","mapping_code":"7_9_0_36975","state":1},{"key":"1","name":"1","code":"+4646-4620+562-542+552-550FeEfEfFeFfEfEfFeEfFfEfEeFeFeFeFeEe+548eEfEfFeFeF-1688F-1690FhFhFiGiFiGiG","mapping_code":"7_0_0_255","state":1},{"key":"2","name":"2","code":"+4654-4600+566-538+550-552+554-548+542-560EfEeFfEfEfEfEfEfEeFeFeEfF-1688EeFeFfFeEeFeEfEeGkEkH-1690ElElElHlE","mapping_code":"7_1_0_32895","state":1},{"key":"3","name":"3","code":"+4666-4600+564-540+550-552FeEf+548-554EfGhEfEfEfEfEhGhGhGfGh+544-558G-1690GhGhGhGhG-556+546lM-1692MlI-1694+570-1668Pq+572qPqP-1666R","mapping_code":"7_2_0_16575","state":1},{"key":"4","name":"4","code":"+4634-4600+566-538+552-550FeFeEfFeFeEfFeFeFeD-564FfFeEfFeE-1688+548-1690FeFeFeFfFeFeFeFeFjIjFjFhIjIj+576","mapping_code":"7_3_0_49215","state":1},{"key":"5","name":"5","code":"+4606-4604+568-538+552-550FeFeFfEfFeFeFeFeFfEeFeEfFeFfFeEe+548-1690GeFeFeFeFeFhF-1688FfFhGhGhGhGhF","mapping_code":"7_4_0_8415","state":1},{"key":"6","name":"6","code":"+4650-4608+544-560+550-552F-548FeFeFeEeFeFeFfG-554EeFfHgEfEeE-1690E-508+594-1688GfEhEfEfEfEfEiEfEiEiGiGiG-1692G","mapping_code":"7_5_0_41055","state":1},{"key":"7","name":"7","code":"+4566-4598+566-538+552-550F-514+588fEeFeFeEfFeFeFfFeEfFeF-554FeFeF-1690+548-1688EfFeFeFe+576-524EjKeFeFjKjE-1686KjKjK","mapping_code":"7_6_0_24735","state":1},{"key":"8","name":"8","code":"+4642-4566+594-510+552-550EfEfEfEfEf+554-548+542-562FeFfFgHgFeFgHgH-1692+546-1690HkLgHgHgHgH-556LgHgLnLkLkLk+544-1694LkL","mapping_code":"7_7_0_57375","state":1},{"key":"9","name":"9","code":"+4638-4596+622-484+550e+552eEfEeFfEfEfEfEfEfFfEfEfEf+540-562EfEfEfE-1690Ef+548-554+546kEeEiJiL-1692EfEiLmJiJiJ","mapping_code":"7_8_0_4335","state":1},{"key":"POWER","name":"POWER","code":"+4662-4602+566-538+552-550E-486+614eEfFfEeFeFeEeFeFeFf+540-562EeFeF-1688FkFeFkFeEfFeFe+548eFeFkFfFkF-1690LmFmL","mapping_code":"7_11_0_53295","state":1},{"key":"VOLUME_UP","name":"VOLUME UP","code":"+4664-4584+566-538+548-554+550-552GfGhGfEhGfEhD-564EhEf+544-558GfDiEfG-1690E-1692EfElEm+546fEfEhEfGhElJkEfElN-1694NmE","mapping_code":"7_27_0_55335","state":1},{"key":"VOLUME_DOWN","name":"VOLUME DOWN","code":"+4612-4624+566-538+552-550EfF-554FeFeFfFeFeFeFeD-514+600eFeFeFeFeF-1690+548eFjFjKeFeFeKjKeFjKgKgFjKjK-1692K","mapping_code":"7_26_0_22695","state":1},{"key":"MENU","name":"MENU","code":"+4662-4616+566-538+552-548EeE-550EgEeFeEeGeGeGeFeGeEgGeGeGeGeG-1688G-1690+540-1698+576-526GeEgGiGhF-554GeFnFiFiGhF","mapping_code":"7_28_0_14535","state":1},{"key":"CHANNEL_UP","name":"CHANNEL UP","code":"+4636-4580+566-538+550e+552eFfEeEeFeFeF-502+600eEfFe+554-548EfFeFfE-1690+576-524EeFkJkEfEfEfEeF-1688JkJfFfEkJkEkE","mapping_code":"7_25_0_39015","state":1},{"key":"CHANNEL_DOWN","name":"CHANNEL DOWN","code":"+4584a+564-540+550-552DeE-542+558eDeEdDe+548-554DeDeDiHeDeDeDeHeDeDeD-1690HjHeDiDeDjHjHjHeDeDjH-1688H-1692+546","mapping_code":"7_24_0_6375","state":1},{"key":"ENTER","name":"ENTER","code":"+4666-4606+568-536+550-552EfEeEfEfEeFfEfEf+544-558+540-560FfEfFeEfE-1688EkE-1690+548lEfElMfEfEfEfEfEfEkEfElEk+538","mapping_code":"7_47_0_62475","state":1},{"key":"MUTE","name":"MUTE","code":"+4648-4554+566-538+552-550+554-548EeFeFeFeEhEfEfEfFeEfFeEfEfEeFeE-1688FeFiEfE-498+604fF-1690HlFeHlFeHlHlH-1692H","mapping_code":"7_20_0_10455","state":1},{"key":"INPUT","name":"INPUT","code":"+4618-4614+566-540+538-564+550-552HgHh+548hHhGgHhGgG-554EfHgGhHgHhG-1648+590-1688G-1690GmGhGhGhIjGhIjIjGhGmGnInInI","mapping_code":"7_15_0_61455","state":1},{"key":"LAST","name":"LAST","code":"+4662-4596+566-482+606-552+550fFgGfGfGfGf+538-564GfGfGfGfGf+554-548GfGfG-1690KlG-1688KjGfGjKfGlKf+540-562KjK-1692KlKlKlK","mapping_code":"7_14_0_28815","state":1}],"_id":"pwppyovu047UxMhw"}
