{"category":"TV","brand":"HAIER","model":"1000070","type":1,"version":"1.0","create_date":1695269035119,"protocol":"HAIER","map_code":[{"key":"0","name":"0","code":"+8992-4430+548-500+598-446+652f+650fEfEfH-1600Ef+544-1602HiEiEkHiEiGfHi+546-552EfHfLmEfHfEfHfLkEiEiEiEiEiEiHiE-39842A-2174+600","mapping_code":"3_0_64_50135295","state":1},{"key":"1","name":"1","code":"+8990-4422+600-448+546-552Ef+598-446GhGhG-1600E-498Gi+650-1602EiGiEiGiKhGiGiGhGhEfGhGhGhGhGhEiGiKi+652iKiMiGiG-39840+8992-2174C","mapping_code":"3_1_64_50167935","state":1},{"key":"2","name":"2","code":"+8992-4442+548-532+600-564+652-472G-448+598-446JkJ-1600Gk+650lJlGlJlJlMlJkJlJkMlJkJkJkJkJkMkJlJkJlJlJlJlJlJlM-39848A-2190E","mapping_code":"3_2_64_50151615","state":1},{"key":"3","name":"3","code":"+8992-4416+600-500+598-446Ef+650f+546-550EfE-1600GfEjEjEjEjGjEjEfEjEjEjH-498EfEfEfEfEfEfEf+544-1602EjEjEjEjEj+652-39844+8994-2174C","mapping_code":"3_3_64_50184255","state":1},{"key":"4","name":"4","code":"+9018-4474+600-452+598-498EfE-446+652gHfE-1600+650-394JiEiJiJ-1602ElEiEk+702iEgJgEiHgEgEgEgEgElEiJg+546iEiEiEiEiE-39824+8990-2200C","mapping_code":"3_4_64_50143455","state":1},{"key":"5","name":"5","code":"+8992-4418+548-448+598-446Ef+546-498+650fG-552E-1600EfEkEkEkEkEkG-1602EfEkEkEfEkEfEfEfEfEfEfEkEfGkEkEkEkEkE-39880+9018-2178C","mapping_code":"3_5_64_50176095","state":1},{"key":"6","name":"6","code":"+8994-4422+548-448+598-446EfEf+650-394E-498G-1600+546iEjGjEjGjEjEjEi+544-1602K-552KjEm+596fEfEfEfKnLmEfEfEjKmKjKmEjE-39862+9020-2186+600","mapping_code":"3_6_64_50159775","state":1},{"key":"7","name":"7","code":"+9020-4438+548-450+652-446+546-552+598f+650fIfI-1600I-550IkIkIkIkIkIkIfGkEkIkIkIfIfIfIfIfIfIfIfIkIkIkIkIkI-39850A-2206C","mapping_code":"3_7_64_50192415","state":1},{"key":"8","name":"8","code":"+9016-4410+548-500+598-446+650f+546-552EfEfE-1600+652fGjEjEjGjEjGjEfEjEfEfEfEjGfEfEfEfEjE-1602GjEfEjEjEjEjE-39866+9014-2166+600","mapping_code":"3_8_64_50139375","state":1},{"key":"9","name":"9","code":"+8994-4416+548-500+598-446EfEfEfEf+650-1600+546-552EhEh+652hEhEhEhEfEhEhEfEf+574-1614EfEfEfEfEfI-1602EhEfEhEhEh+606-1592E-39852+8992-2186+600","mapping_code":"3_9_64_50172015","state":1},{"key":"POWER","name":"POWER","code":"+8992-4506+602-526+598-446EfEfEfEfE-1600EfEgEgEgEgEgEgEfEgEfE-1602EfEfEg+650fEf+546-552Eg+652fEgEgIfEhEgIhI-39838+9016-2196+654","mapping_code":"3_18_64_50153655","state":1},{"key":"MENU","name":"MENU","code":"+8994-4422+548-500+650-446+598fGfGfEfE-1600GfG-1602GhGhGh+652hGhGfGhG-552GfGfEfGfG-498GfGhGhGhGhGhGhGhGhGfG-40436+9018-2188+600","mapping_code":"3_128_64_50135550","state":1},{"key":"VOLUME_UP","name":"VOLUME UP","code":"+9018-4416+600-448+598-446+650fEfEfE-498E-1600+546-552EiJiEiEiJiEiEfEiEfEiEfEiEiGfEfEfJiEfEiEfEfEiEiEiE-40406+9016-2172C","mapping_code":"3_26_64_50157735","state":1},{"key":"VOLUME_DOWN","name":"VOLUME DOWN","code":"+8992-4418+496-500+598-446EfEf+652fEfE-1600+650fEhIhEhEhEhEhEfEhEfE-1602EhEjEhEfEf+704fEhEfI-394I-498EfIhEhEhG-39848+8994-2188+600","mapping_code":"3_30_64_50165895","state":1},{"key":"CHANNEL_UP","name":"CHANNEL UP","code":"+8992-4426+548-448+598-446EfEf+650fEfE-1600EfEh+652hEhEhEhEhEfEhEhEhEfEhGh+546-552EfEfEfEfEhGfEfGhEhJhJ-39844+8994-2222C","mapping_code":"3_27_64_50190375","state":1},{"key":"CHANNEL_DOWN","name":"CHANNEL DOWN","code":"+9020-4452+548-458+650-446+598fGfGf+546-552H-1600GfGjHj+652jGjGjHjGfHjGjGjGjGjHjGfGfGfGfGfGfHiGfGjGjGjG-39836+8994-2208+600","mapping_code":"3_31_64_50198535","state":1},{"key":"MUTE","name":"MUTE","code":"+8992-4414+600-500+546-498+650-446+598hE-552IhI-1600EjEkIkIk+652kGkE-1602IhIkEjIhLhIhIkIhIhIhIkIkIkGkEjIkGkLkI-39852+8994-2180+548","mapping_code":"3_16_64_50137335","state":1},{"key":"INPUT","name":"INPUT","code":"+8992-4426+548-448+598-446EfEf+650fEfE-1600+652fEhGhE-1602+596hIhEhEfEhEhEhEhEhEfEfGfEfEfEfGfEfGjEhGjEhE-39870A-2194+600","mapping_code":"3_15_64_50196495","state":1},{"key":"REWIND","name":"REWIND","code":"+8994-4422+548-448+598-446EfEfEfEfE-1600EfEg+546gEgE-1602EgEgH-552HiEfEfHgEfEgHgEfEfEgEg+650fEgEfEfHgEgE-39840A-2176C","mapping_code":"3_52_64_50146515","state":1},{"key":"FAST_FORWARD","name":"FAST FORWARD","code":"+9014-4436+548-516+546-552Ef+598-446GhGhG-1600GhEiGiEiGiGiGi+650hJiGiGiGhGhGiGiGhGhGhGhE-1606+594iGhGhGiGiG-39818+9020-2198+600","mapping_code":"3_51_64_50187315","state":1},{"key":"INFO","name":"INFO","code":"+8994-4424+600-448+598-446EfEf+544-552EfE-1600+546-498EiEiEiEi+650iL-1604GkJiEfEfEiJiEiEhEfLfJ-1602EiEkEfEfEiEiEiE-40394+8992-2170C","mapping_code":"3_28_64_50149575","state":1},{"key":"EXIT","name":"EXIT","code":"+8992-4426+548-500+598-446E-498EfEfEfE-1600EfE-1602E-1604+596hEhEh+546hEfEhEfEfEfEhEhEf+704h+650fEhNhEhEgEgEhEfEhE-39844+8990-2200+600","mapping_code":"3_88_64_50141925","state":1},{"key":"RED","name":"RED","code":"+8992-4430+600-448+598-446EfEfEfEfE-1600EfEgEg+650gEgEgEgEfEgEfEfEf+546gEfEfEgEfEgIgEgEfEgEgEf+544-1602E-39856+8990-2202+548","mapping_code":"3_72_64_50139885","state":1},{"key":"BLUE","name":"BLUE","code":"+8990-4438+548-458+598-446+546-552EfEf+624fG-1600Ef+544-1602EjEjGjEjEjG-500KlEjGhEfEj+650fEfEjNfEfEjEjEfEjEjGhEjN-39818+9020-2198+600","mapping_code":"3_73_64_50172525","state":1},{"key":"GREEN","name":"GREEN","code":"+9014-4448+548-458+546-552+598-446E-498EiGhG-1600GhGjGjGjGjGjGjGh+650-1602GjKlKhGjGhGhGjGhGhGhElGhGjEjEfGjG-39832+8994-2204+600","mapping_code":"3_75_64_50188845","state":1},{"key":"YELLOW","name":"YELLOW","code":"+8994-4426+548-500+598-446EfEfEf+544-552G-1602Ef+546-1600EkJkEkEk+652kEfEkEfEkEfEkEfE-498JkEfGiJhEk+650fEkEkEfEkE-39850+8990-2190+600","mapping_code":"3_74_64_50156205","state":1},{"key":"GUIDE","name":"GUIDE","code":"+8996-4426+600-448+546-550+598-446+650hGhGhG-1600GhEjEjGjE-1602GjGjGhEjGjG-552GjGhElGhGhGjGhGjGhGjGjGjIjE-498I-39858+8992-2184C","mapping_code":"3_133_64_50176350","state":1}],"_id":"In1QO5sEqErWb8bC"}
