{"category":"TV","brand":"HAIER","model":"1987","type":1,"version":"1.0","create_date":1695268498964,"protocol":"HAIER","map_code":[{"key":"0","name":"0","code":"+4628-4554+604-504+602-502EfE-1640EgEfEfEfEfEfEfEgEgEfEfEfEgEfEfEgEfEfEfEfEfEgEgEfEgEgEgEgE","mapping_code":"7_9_24_404263023","state":1},{"key":"1","name":"1","code":"+4632-4554+604-504+602-502EfE-1638E-1640EfEfEfEfEfEfEhEhEfEfEfEfEfEfEfEfEfEfEfEhEhEhEhEhEhEhEhE","mapping_code":"7_0_24_404226303","state":1},{"key":"2","name":"2","code":"+4632-4562+604-504+630-518+602-502G-1640G-1638GhGhGhGhGhGhGiGiGhGhGhGiGhGhGhGhGhGhGhGhGiGiGiGiGiGjGiG","mapping_code":"7_1_24_404258943","state":1},{"key":"3","name":"3","code":"+4632-4560+604-504+602-502EfE-1640EgEfEfEfEfEfEfEgEgEfEfEfEfEgEfEfEfEfEfEfEgEfEgEgEgEgEgEgE","mapping_code":"7_2_24_404242623","state":1},{"key":"4","name":"4","code":"+4632-4562+604-504+602-502EfE-1640E-1638EfEfEfEfEfEfEgEgEfEfEfEgEgEfEfEfEfEfEfEfEfEgEgEgEgEgEgE","mapping_code":"7_3_24_404275263","state":1},{"key":"5","name":"5","code":"+4634-4558+604-506+602-502EfE-1640EgEfEfEfEfEfEfEgEgEfEfEfEfEfEgEfEfEfEfEfEgEgEfEgEgEgEgEgE","mapping_code":"7_4_24_404234463","state":1},{"key":"6","name":"6","code":"+4632-4554+604-504+602-502EfE-1640EgEfEfEfEfEfEfEgE-1638EfEfEfEgEfEgEfEfEfEfEfEfEgEfEgEgEgEgEgE","mapping_code":"7_5_24_404267103","state":1},{"key":"7","name":"7","code":"+4632-4554+604-504+602-502EfE-1640EgEfEfEfEfEfEfEgEgEfEfEfEfEgEgEfEfEfEfEfEgEfEfEgEgEgEgEgE","mapping_code":"7_6_24_404250783","state":1},{"key":"8","name":"8","code":"+4632-4562+604-504+602-502EfE-1640EgEfEfEfEfEfEfEgEgEfEfEfEgEgEgEfEfEfEfEfEfEfEfEgEgEgEgEgE","mapping_code":"7_7_24_404283423","state":1},{"key":"9","name":"9","code":"+4632-4558+604-504+602-502EfE-1640EgEfEfEfEfEfEfEgEgEfEfEfEfEfEfEgEfEfEfEfEgEgEgEfEgEgEgEgE","mapping_code":"7_8_24_404230383","state":1},{"key":"POWER","name":"POWER","code":"+4632-4554+604-504+602-502EfE-1638E-1640EfEfEfEfEfEfEhEhEfEfEfEhEhEfEhEfEfEfEfEfEfEhEfEhEhEhEhE","mapping_code":"7_11_24_404279343","state":1},{"key":"MENU","name":"MENU","code":"+4634-4554+604-504+602-502EfE-1640EgEfEfEfEfEfEfE-1642+600gEfEfEfEfEfEgEgEgEfEfEfEgEgEfEfEfEgEgEgE","mapping_code":"7_28_24_404240583","state":1},{"key":"VOLUME_UP","name":"VOLUME UP","code":"+4632-4560+604-504+602-502EfE-1640EgEfEfEfEfEfEfEgEgEfEfEfEgEgEfEgEgEfEfEfEfEfEgEfEfEgEgEgE","mapping_code":"7_27_24_404281383","state":1},{"key":"VOLUME_DOWN","name":"VOLUME DOWN","code":"+4632-4564+604-504+602-502EfE-1640EgEfEfEfEfE-506+598fEgEgEfEfEfEfEgEfEgEgEfEfEfEg+608-498EgEfEfEgEgEgE","mapping_code":"7_26_24_404248743","state":1},{"key":"CHANNEL_UP","name":"CHANNEL UP","code":"+4632-4572+604-508+602-502EfE-1640EgEfEfEfEfEfEfEgEgEfEfEfEgEfEfEgEgEfEfEfEfEgEgEfEfEgEgEgE","mapping_code":"7_25_24_404265063","state":1},{"key":"CHANNEL_DOWN","name":"CHANNEL DOWN","code":"+4632-4554+604-504+602-502EfE-1640EgEfEfEfEfEfEfEgEgEfEfEfEfEfEfEgEgEfEfEfEgEgEgEfEfEgEgEgE","mapping_code":"7_24_24_404232423","state":1},{"key":"MUTE","name":"MUTE","code":"+4632-4554+604-504+602-502EfE-1640EgEfEfEfEfEfEfEgEgEfEfEfEfEfEgEgEfEfEfEfEgEgEfEfEgEgEgEgE","mapping_code":"7_12_24_404238543","state":1},{"key":"INPUT","name":"INPUT","code":"+4632-4562+604-504+602-502EfE-1640EgEfEfEfEfEfEfEgEgEfEfEfEgEfEgEfEgEfEfEfEfEgEfEgEfEgEgEgE","mapping_code":"7_21_24_404269143","state":1},{"key":"REWIND","name":"REWIND","code":"+4632-4562+604-508+602-502EfE-1640EgEfEfEfEfEfEfEgEgEfEfEfEfEgEfEgEfEgEgEfEgEfEgEfEgEfEfEgE","mapping_code":"7_106_24_404248233","state":1},{"key":"PLAY","name":"PLAY","code":"+4632-4560+604-504+602-502EfE-1640EgEfEfEfEfEfEfE-1638EgEfEfEfEfEfEgEgEfEgEgEfEgEgEfEfEgEfEfEgE","mapping_code":"7_108_24_404240073","state":1},{"key":"FAST_FORWARD","name":"FAST FORWARD","code":"+4632-4554+604-504+602-502EfE-1640EgEfEfEfEfEfEfEgEgEfEfEfEgEgEfEgEfEgEgEfEfEfEgEfEgEfEd+600gE","mapping_code":"7_107_24_404280873","state":1},{"key":"INFO","name":"INFO","code":"+4634-4556+604-504+602-502EfE-1640EgEfEfEfEfEfEfEgEgEfEfEfEfEgEfEfEgEgEgEfEgEfEgEgEfEfEfEgE","mapping_code":"7_114_24_404246193","state":1},{"key":"SLEEP","name":"SLEEP","code":"+4632-4560+604-504+602-502Ef+630-1640EhEfEfEfEfEfEfEhEhEfEfEfEhEhEhEfEhEfEfEfEfEfEfEhEfEhEhEhE","mapping_code":"7_23_24_404285463","state":1},{"key":"EXIT","name":"EXIT","code":"+4632-4558+604-504+602-502EfE-1640EgEfEfEfEfEfEfEgEgEfEfEfEgEfEgEgEgEfEfEfEfEgEfEfEfEgEgEgE","mapping_code":"7_29_24_404273223","state":1},{"key":"LAST","name":"LAST","code":"+4634-4552+604-504+602-502EfE-1640E-1638EfEfEfEfEfEfEgEgEfEfEfEfEgEfEgEfEfEfEfEgEfEgEfEgEgEhEgE","mapping_code":"7_10_24_404246703","state":1},{"key":"DISPLAY","name":"DISPLAY","code":"+4632-4554+604-504+602-502EfE-1640EgEfEfEfEfEfEfEgEgEfEfEfEfEfEfEfEfEgEfEfEgEgEgEgEgEfEgEgE","mapping_code":"7_32_24_404227323","state":1},{"key":"PREVIOUS","name":"PREVIOUS","code":"+4708-4542+604-504+602-502EfE-1640EgEfEfEfEfEfEfEgEgEfEfEfEfEfEfEgEfEgEfEfEgEgEgEfEgEfEgEgE","mapping_code":"7_40_24_404231403","state":1},{"key":"NEXT","name":"NEXT","code":"+4632-4554+602-504C-502CeC-1638C-1640CeCeCeCeCeCeCgCgCeCeCeCgCeCeCgCeCfCeCeCeCgCgCe+600gCeCgCgC","mapping_code":"7_41_24_404264043","state":1},{"key":"RED","name":"RED","code":"+4632-4562+604-504+602-502EfE-1640EgEfEfEfEfEfEfEgEgEfEfEfEfEgEgEgEgEfEgEfEgEfEfEfEfEgEfEgE","mapping_code":"7_94_24_404257413","state":1},{"key":"YELLOW","name":"YELLOW","code":"+4632-4554+604-504+602-502EfE-1640EgEfEfEfEfEfEfEgEgEd+600fEfEgEfEfEfEfEgEgEfEfEgEgEgEgEfEfEgE","mapping_code":"7_97_24_404260473","state":1},{"key":"GREEN","name":"GREEN","code":"+4632-4554+604-504+602-502EfE-1640EgEfEfEfEfEfEfEgEgEfEfEfEgEgEgEgEgEfEgEfEfEfEfEfEfEgEfEgE","mapping_code":"7_95_24_404290053","state":1},{"key":"BLUE","name":"BLUE","code":"+4632-4560+604-504+602-502EfE-1640EgEfEfEfEfEfEfEgEgEfEfEfEfEgEfEfEfEgEgEfEgEfEgEgEgEfEfEgE","mapping_code":"7_98_24_404244153","state":1},{"key":"GUIDE","name":"GUIDE","code":"+4632-4570+604-514+602-502EfE-1640EgEfEfEfEfEfEfEgEgEfEfEfEgEgEfEgEgEfEgEfEfEfEgEfEfEgEfEgE","mapping_code":"7_91_24_404281893","state":1}],"_id":"97bF5bMSj5fLXBGn"}
