{"category":"TV","brand":"HAIER","model":"2227","type":1,"version":"1.0","create_date":1695270286296,"protocol":"HAIER","map_code":[{"key":"0","name":"0","code":"+9186-4524+602-500+600-498E-1630EfEd+598fEfEfE-1632EgEfEgEiEgEiEgEfEfEfEfEgEdHdHfEiEgEiEiEfEgEiEi+628-41742+9192-2250C","mapping_code":"3_16_4_551487735","state":1},{"key":"1","name":"1","code":"+9188-4530+602-500+600-498E-1630EfEfEfEfEfE-1632EgEf+598hEhEgEhCgEgEdIdIdIhEfEfEfEfEgEhEhEfEgEhEhE-41684+9190-2252C","mapping_code":"3_17_4_551520375","state":1},{"key":"2","name":"2","code":"+9188-4526+602-500+600-498E-1630Ef+598dHdHdHfE-1632EgEfEgEiEgEgEiEfEgEdHdHiEfEfEfEgEfHiEiEfEgEiEiE-41676A-2226C","mapping_code":"3_18_4_551504055","state":1},{"key":"3","name":"3","code":"+9186-4550+626-508+600-498E-1630EfEfEfEfEfEgE-1632EfEgEhEhEgEhEgEgEfE-500+598hEfEfEfEfEfEgEhEfEgEgEhE-41712+9192-2234+602","mapping_code":"3_19_4_551536695","state":1},{"key":"4","name":"4","code":"+9402-4574+602-506+600-498E-1630EfEfEfEfEfEgEgE-500+598-1632EgEgEjEgEfIhIjEfEjEfIhEfEgEjEhIjEfIjEjEgE-41694+9188-2224C","mapping_code":"3_20_4_551495895","state":1},{"key":"5","name":"5","code":"+9190-4540+602-502+600-498E-1630EfEfEfEfEfEgE-1632EfEgEgEhEgEhEhEfEgEf+598hEfEfEfEfEhEfIhE-500IhEgEhE-41670A-2236C","mapping_code":"3_21_4_551528535","state":1},{"key":"6","name":"6","code":"+9190-4534+602-500+600-498E-1630EdEf+598dHdHdH-1632EgEfEgEiEgEgEiEfEgEiEfEgEfEfEfEgEdHdHiEfEgEiEiE-41714+9192-2252C","mapping_code":"3_22_4_551512215","state":1},{"key":"7","name":"7","code":"+9186-4524+602-500+600-498E-1630Ef+598dEfHdHdH-1632EgEfEgEiEiEgEiEgEiEiEfEgHdHdHdHdHdHdHiEfEgEiEiE-41704+9190-2232C","mapping_code":"3_23_4_551544855","state":1},{"key":"8","name":"8","code":"+9186-4524+602-500+600-498E-1630EdEf+598dHdHdEgEgEfEgE-1632EgEgEiEfEfEfEgEiEfEfEfEgEiEiEfEfEgEiEiH-41710+9192-2232C","mapping_code":"3_24_4_551491815","state":1},{"key":"9","name":"9","code":"+9188-4534+602-500+600-498E-1630EfEfEfEfEfE-1632EgEd+598hEgEgEhE-1634IgEdIfEhEgEfIdIdIdIhEhEfEfIhEhEgE-41668A-2224C","mapping_code":"3_25_4_551524455","state":1},{"key":"POWER","name":"POWER","code":"+9188-4688+600-500C-498C-1630CeCeCeCeCeCfC-1632CeCfCfCgCfCgCeCeCeCgCeCeCeCe+598gCgCfCeHgCgCfCgC-41686+9166-2252+602","mapping_code":"3_8_4_551489775","state":1},{"key":"MENU","name":"MENU","code":"+9186-4530+602-500+600-498E-1630EfEfEfEfEfEgE-1632EfEgEgEgEgCgEgEgEfEd+598fEfEhEfEfEfEgEhEhEgEdIhE-41674+9188-2218C","mapping_code":"3_67_4_551535165","state":1},{"key":"VOLUME_UP","name":"VOLUME UP","code":"+9190-4536+602-500+598d+600-1630F-498FhFhFdEhF-1632FgFdEiFgFgFiFgFdEiFhFhFhFhFhFhFgFdEiFiFgFiFiFgF-41700+9188-2224C","mapping_code":"3_2_4_551502015","state":1},{"key":"VOLUME_DOWN","name":"VOLUME DOWN","code":"+9188-4532+602-500+600-498E-1630Ef+598dH-502+596dHfE-1632EgEfEgEkEgEgEkEgEkEfEfEfEfEfEfEfEfEgEgEkEgEgEkE-41676+9166-2236C","mapping_code":"3_3_4_551534655","state":1},{"key":"CHANNEL_UP","name":"CHANNEL UP","code":"+9190-4536+602-500+600-498E-1630EfEf+598dHdEfH-1632EgEfEgEiEgEgEiEfEfEfEfEfEfEfEfEgEiEgEgEiEgEiEiE-41686+9192-2264C","mapping_code":"3_0_4_551485695","state":1},{"key":"CHANNEL_DOWN","name":"CHANNEL DOWN","code":"+9188-4526+602-500+600-498E-1630EfEfEfEfEfE-1632EgEd+598hEgEgEhEgEgEdIdIfEfEfEfEfEdIhEgEhEgEgEhEgE-41678A-2234C","mapping_code":"3_1_4_551518335","state":1},{"key":"MUTE","name":"MUTE","code":"+9212-4556+602-500+600-498E-1630EdEfEfEf+598dH-1632EgEfEgEiEgEgEiEgEfHdHiEfEfEfEdHfEgEgEdHiEgEiEiE-41686+9242-2288C","mapping_code":"3_9_4_551522415","state":1},{"key":"REWIND","name":"REWIND","code":"+9192-4554+602-510+600-498E-1630EfE-500+598hIhIhI-1632EgEfEgEjEgEjEgEgEjEgEgCfIhIhIjEfEfEfEfEgEjEjEfE-41686+9190-2244C","mapping_code":"3_143_4_551547150","state":1},{"key":"PLAY","name":"PLAY","code":"+9186-4518+602-500+600-498E-1630EfEfEfEfEfEgE-1632EfEgEhEhEgEhEfEfEfEfEhEgEd+598hEgEgEhEgEdIdIhEfE-41702+9188-2230C","mapping_code":"3_176_4_551489010","state":1},{"key":"FAST_FORWARD","name":"FAST FORWARD","code":"+9186-4524+602-500+600-498E-1630EfEfEfEfEfEgEgEd+598-1632EgEiEiEgEfHiEiEgEdHdHdHi+604-1626EdEfHdHiEiEgEdH-41694+9190-2238C","mapping_code":"3_142_4_551514510","state":1},{"key":"STOP","name":"STOP","code":"+9188-4552+602-522+598-500+600-1630G-498GiGiGiGiGhGhGiG-1632GhGhGjGhGjGiGiGiGjGhGfEjGiGhGjGjGiGiGhGfE-41660A-2248G","mapping_code":"3_177_4_551521650","state":1},{"key":"SLEEP","name":"SLEEP","code":"+9186-4524+602-500+600-498E-1632EfEfEfEfEfE-1630EgEfEgEhEgEhEhEd+598gEhEhEfEfEfEfEgEfEfEfEhEgEhEhE-41690+9192-2236C","mapping_code":"3_14_4_551514255","state":1},{"key":"EXIT","name":"EXIT","code":"+9186-4550+624-498+600dE-1630EdEdEdEdEdEfEfE-500+598-1632EiEfEiEfEfEiEdEfEiEdEiEdHgEdEfEgHdEiEdEfE-41678+9166-2240+602","mapping_code":"3_91_4_551541285","state":1},{"key":"DISPLAY","name":"DISPLAY","code":"+9186-4518+602-500+600-498C-1638EfEfEfEf+598dE-1630EiEfEiE-1632EiEiEjEfEiEdHjEfEjEfHjEjEfEiEdHjEdHjEfE-41676+9188-2228C","mapping_code":"3_170_4_551507370","state":1},{"key":"RECORD","name":"RECORD","code":"+9186-4524+602-500+598d+600-1630F-498FhFhFhFhFgFgFdE-1632FgFgFiFgFiFhFgFgFiFgFhEiFdEiFhFhFhFhFgFdE-41680+9192-2258C","mapping_code":"3_189_4_551533890","state":1},{"key":"PAUSE","name":"PAUSE","code":"+9186-4550+602-502+600-498E-1632EfEfEfEfEfE-1630EhEfEgEhEgEgEhE-500+598gEfEgEhEgEfEhEgEiJgEfEfEfJgEiJ-41678+9188-2224C","mapping_code":"3_186_4_551509410","state":1},{"key":"NEXT","name":"NEXT","code":"+9186-4518+602-500+600-498E-1630EfEf+598dH-502+596fH-1632EkEfEgEkEgEgEkEgEgEfEfEkEgEdHkEfEfEkEgEdHfEkEfE-41752+9190-2252C","mapping_code":"3_179_4_551537970","state":1},{"key":"RED","name":"RED","code":"+9186-4526+602-500+600-498E-1630EfEfEfEfEfEgE-1632EfEgEhEhEgEgEfEhEfEfEgEhEgEfEgEd+598hEgEdEfIdIhE-41696+9192-2254C","mapping_code":"3_114_4_551505585","state":1},{"key":"GREEN","name":"GREEN","code":"+9188-4536+602-510+600-498E-1632EfEfEfEfEfE-1630EhEfEgEhEhEgEhEgEfEfEfEhEhEgEfEfEhEgEhEf+598-500EfEhE-41682+9192-2274C","mapping_code":"3_113_4_551521905","state":1},{"key":"BLUE","name":"BLUE","code":"+9190-4566+602-504+600-498E-1630EfEfEfEfEfE-1632EgE-500+598hEgEgEhEhEgEiJiJfEiJhEgEiJiJhEgEgEhEfEfEgE-41672+9166-2242C","mapping_code":"3_97_4_551519865","state":1},{"key":"YELLOW","name":"YELLOW","code":"+9186-4524+602-500+600-498E-1630EfEfEfEfEfE-1632Eh+598dIhEgEgEhEgEgEhEfEfEfEgEhEfE-502+596fEgEgEhEfEfEgE-41726+9192-2244C","mapping_code":"3_99_4_551536185","state":1},{"key":"PIP","name":"PIP","code":"+9186-4524+602-500+600-498E-1630EfEfEfEfEfEgEgEf+598-1632EiEgEgEgEfEfHdHdHdHiEiEfEgEiEiEgEiEfEfEiE-41710+9192-2238C","mapping_code":"3_96_4_551487225","state":1},{"key":"ZOOM","name":"ZOOM","code":"+9186-4526+602-500+600-498E-1630EfEfEfEf+598dH-1632EiEfEgEiEiEgEiEiEgEiEgEdEgEdHiEfEfEfEfEgEfHiEfE-41718+9190-2234C","mapping_code":"3_175_4_551548170","state":1}],"_id":"Vjs9Z4pdx222lPN3"}
