{"category":"TV","brand":"HAIER","model":"2357","type":1,"version":"1.0","create_date":1695269596418,"protocol":"HAIER","map_code":[{"key":"0","name":"0","code":"+4544-4484+594-1608C-1606+592dF-492FgFgFgFgFdFdFdFgFgFgFgFgFdFgFgFgFdF-494+590gFgFgFdFdFdFgFdFdFdF-47826+4568-4458ChF","mapping_code":"7_17_7_3772811383","state":1},{"key":"1","name":"1","code":"+4544-4488+594-1610+592-1606E-1608E-492EhEhEhEhEgEgEgEhEhEhEhEhEhEhEgEhEhEhEhEhEgEgEhEgEgEgEgEgE-47828+4546-4474C-494E","mapping_code":"7_4_7_3772784863","state":1},{"key":"2","name":"2","code":"+4546-4486+594-1612+592-1608EfE-492EgEgEgEgEfEfEfEgEgEgEgEgEfEgEfEgEgEgEgEgEgEfEgEfEfEfEfEfE-47846A-4474C-494E","mapping_code":"7_5_7_3772817503","state":1},{"key":"3","name":"3","code":"+4546-4474+594-1608+592dEdE-492EfEfEfEfEdEdEdEfEfEfEfEfEfEdEdEfEfEfEfEfEdEfEfEdEdEdEdEdE-47828A-4470C-494E","mapping_code":"7_6_7_3772801183","state":1},{"key":"4","name":"4","code":"+4546-4478+594-1614+592-1608EfE-492EgEg+596-488EgEfEfEfEgEgEgEgEgEgEgEgEfEgEgEgEgEfEfE-1612+588gEfEfEfEfE-47824A-4466C-494E","mapping_code":"7_8_7_3772780783","state":1},{"key":"5","name":"5","code":"+4546-4516+618-1620+592-1608EfE-492EgEgEgEgEfE-1606EfEgEgEgEgEgEfEgEgEfEgEgEgEgEgEfEfEgEfEfEfEfE-47826+4596-4488+594-494E","mapping_code":"7_9_7_3772813423","state":1},{"key":"6","name":"6","code":"+4546-4494+620-1620+592-1608EfE-492EgEgEgEgEfE-1606EfEgEgEgEgEgEgEfEgEfEgEgEgEgEfEgEf+596-488EfEfEfEfE-47824+4598b+594-494E","mapping_code":"7_10_7_3772797103","state":1},{"key":"7","name":"7","code":"+4570-4494+594-1608+592dEdE-492EfEfEfEfEdEdEdEfEfEfEfEfEfEfEdEdEfEfEfEfEdEdEfEfEdEdEdEdE-47820+4544-4484C-494E","mapping_code":"7_12_7_3772788943","state":1},{"key":"8","name":"8","code":"+4546-4470+594-1610+592-1608EfE-492EgEgEgEgEfEfEfEgEgEgEgEgEfEgEfEfEgEgEgEgEgEfEgEgEfEfEfEfE-47858+4572-4472C-494E","mapping_code":"7_13_7_3772821583","state":1},{"key":"9","name":"9","code":"+4546-4472+594-1610+592-1608EfE-492EgEgEgEgEfEfEfEgEgEgEgEgEgEfEfEfEgEgEgEgEfEgEgEgEfEfEfEfE-47816A-4460C-494E","mapping_code":"7_14_7_3772805263","state":1},{"key":"POWER","name":"POWER","code":"+4546-4466+594-1610+592-1608EfE-492EgEgEgEgEfEfEfEgEgEgEgEgEgEfEgEgEgEgEgEgEfEgEfEfEfEfEfEfE-47874+4570bC-494E","mapping_code":"7_2_7_3772793023","state":1},{"key":"MENU","name":"MENU","code":"+4546-4508+568-1656+592-1608EfE-492EgEgEg+596-488EfEfE-1606EgEgEgEgEgEgEfEgEfEfEgEgEgEfEgEfEgEgEfEfEfE-47842+4548-4470+594-494E","mapping_code":"7_26_7_3772799143","state":1},{"key":"VOLUME_UP","name":"VOLUME UP","code":"+4546-4470+594-1608+592dEdE-492EfEfEfEfEdEdEdEfEfEfEfEfEdEdEdEfEfEfEfEfEfEfEfEdEdEdEdEdE-47818A-4462C-494E","mapping_code":"7_7_7_3772833823","state":1},{"key":"VOLUME_DOWN","name":"VOLUME DOWN","code":"+4546-4472+594-1610+592-1608EfE-492EgEgEgEgEfE-1606EfEgEgEgEgEgEfEfEgEfEgEgEgEgEgEgEfEgEfEfEfEfE-47814+4548-4470C-494E","mapping_code":"7_11_7_3772829743","state":1},{"key":"CHANNEL_UP","name":"CHANNEL UP","code":"+4546-4474+594-1608+592dEdE-492EfEfEfEfEdEdEdEfEfEfEfEfEfEdEfEfEdEfEfEfEdEfEdEdEfEdEdEdE-47874+4570-4456C-494E","mapping_code":"7_18_7_3772795063","state":1},{"key":"CHANNEL_DOWN","name":"CHANNEL DOWN","code":"+4546-4474+594-1610+592-1608EfE-492EgEgEgEgEfEfEfEgEgEgEgEgEgEgEg+620-494EfEg+590gEgEfEfEfEfEgEfEfEfE-47830+4574-4502CiE","mapping_code":"7_16_7_3772778743","state":1},{"key":"MUTE","name":"MUTE","code":"+4546-4470+594-1610+592-1608EfE-492EgEgEgEgEfE-1606EfEgEgEgEgEgEfEfEfEfEgEgEgEgEgEgEgEgEfEfEfEfE-47826AbC-494E","mapping_code":"7_15_7_3772837903","state":1},{"key":"INPUT","name":"INPUT","code":"+4546-4470+594-1608+592dEdE-520E-492EgEgEgEdEdEdEgEgEgEgEgEgEgEgEdEgEdEdEgEdEdEdEgEdEgEgEdE-47838AbC-494E","mapping_code":"7_104_7_3772782313","state":1},{"key":"REWIND","name":"REWIND","code":"+4546-4472+594-1612+592-1606E-1608E-492EhEhEhEhEgEfEgEhEhEhEhEhEgEhEgEhEhEhEgEhEhEgEhEgEgEgEhEgE-47832+4596-4482CgEfEgEhEhEhEhEhEgEgEgEhEh+596-488EhEhEgEhEgEhEhEhEgEhEhEgEhEgEgEfEhEgE","mapping_code":"7_69_7_3772818013","state":1},{"key":"PLAY","name":"PLAY","code":"+4546-4478+594-1608+592dEdE-492EfEfEfEfEdEdEdEfEfEfEfEfEdEdEdEfEfEfEdEfEfEfEfEdEdEdEfEdE-47814+4548-4462C-494E","mapping_code":"7_71_7_3772834333","state":1},{"key":"STOP","name":"STOP","code":"+4546-4466+594-1608+592dEdE-492EfEfEfEfEdEdEdEfEfEfEf+590fEfEdEdEfEfEfEdEfEdEfEfEdEdEdEfEdE-47836+4570-4484+568-1666EdEdEfEfEfEfEfEdEdEdEfEfEfEfEfEfEdEdEfEfEfEdEfEdEfEfEdEdEdEfEdE","mapping_code":"7_70_7_3772801693","state":1},{"key":"INFO","name":"INFO","code":"+4568-4470+594-1620+592-1608EfE-492EgEgEgEgE-1606EfEhEgEgEgEgEgEfEfEfEfEfEgEgEgEgEgEgEgEgEfEfEfE-47822+4548-4468C-494E","mapping_code":"7_31_7_3772839943","state":1},{"key":"EXIT","name":"EXIT","code":"+4546-4466+594-1608+592dEdE-492EfEfEfEfEdEdEdEfEfEfEfEfEdEf+590dEdEfEdEfEfEfEdEfEfEdE-494GdEdE-47834+4572-4492ChE","mapping_code":"7_45_7_3772822603","state":1},{"key":"LAST","name":"LAST","code":"+4546-4680+642-1646+594-1622+592-1608G-492GiGiGiGiGhGhGhGiGiGiGiGiGhGhGiGiGhGiGiGiGiGiGhGhGiGhGhGhG-47828+4574-4500E-494G","mapping_code":"7_19_7_3772827703","state":1},{"key":"RECORD","name":"RECORD","code":"+4546-4472+594-1608+592-1606EdE-492EgEgEgEgEdEfEdEgEgEgEgEgEdEgEgEdEgEgEdEgEgEdEdEgEdEdEgEdE-47812+4548-4468C-494E","mapping_code":"7_73_7_3772813933","state":1},{"key":"PREVIOUS","name":"PREVIOUS","code":"+4546-4478+594-1610+592-1608EfE-492EgEgEgEgEfE-1606EfEgEgEgEgEgEgEgEgEgEfEgEfEgEfEfEd+590fEgEfEgEfE-47810A-4472C-494E","mapping_code":"7_80_7_3772779253","state":1},{"key":"RED","name":"RED","code":"+4546-4466+594-1608C-1606+592eC-492FgFgFgFgFeFdFeFgFgFgFgFgF-542FgFeFdFgFeCeFgFdFeFgFgFdFgFgFeC-47868+4574-4464C-494F","mapping_code":"7_108_7_3772790473","state":1},{"key":"YELLOW","name":"YELLOW","code":"+4550-4466+594-1608C-1606+592eC-492FgFgFgFgFeCeFeCgFgFgFgFgFeFgFdFgFeFgFgFgFgFdFgFeCgFdFdFeC-47826+4568-4458C-494F","mapping_code":"7_21_7_3772819543","state":1},{"key":"BLUE","name":"BLUE","code":"+4546-4470+596-1608+592-1606+594fE-492EhEhEhEhEfGfEdEhEhEhEhEhEhEfEdEhEdEhEhEhEdEhEhEdEhEfEdEdE-47846+4570-4482+616hE","mapping_code":"7_22_7_3772803223","state":1},{"key":"GUIDE","name":"GUIDE","code":"+4546-4466+594-1608C-1606+592dF-492FgFgFgFgFeCeFeCgFgFgFgFgFeFdFeCeFgFgFdFgFgFgFgFgFeFdFgFeF-47828+4572-4498+596-500K","mapping_code":"7_79_7_3772838413","state":1},{"key":"TV","name":"TV","code":"+4546-4466+594-1608C-1606+592dF-492FgFgFgFgFeFdFeCgFgFgFgFgFgFdFdFgFeFdFgFgFeCgFgFeFgFgFdFeC-47832+4548-4476CgF","mapping_code":"7_54_7_3772804243","state":1},{"key":"SEARCH","name":"SEARCH","code":"+4546-4472+594-1608+592-1606CfC-490E-492EhEhEhEdEfCfEhEhEhEhEhEfCfEhEhEdEfCfEhEhEhEfC-1610+590hEhEhEdE-47828+4548-4510C-502E","mapping_code":"7_115_7_3772829233","state":1},{"key":"HDMI","name":"HDMI","code":"+4546-4466+594-1608+592-1606CfE-492EgEgEgEgEfCfE-1610+590gEgEgEgEgEfEgEdEgEdEgEfEgEgEdEgEfEgEdEgEdE-47866+4574-4474CgE","mapping_code":"7_85_7_3772820053","state":1},{"key":"TOOLS","name":"TOOLS","code":"+4546-4468+594-1608C-1606+592dF-492FgFgFgFgFeCeFdFgFgFgFgFgFeFdFgFeCgFgFdFgFgFgFeCgFeFdFgFeF-47922+4548-4510+596-496F","mapping_code":"7_75_7_3772830253","state":1},{"key":"ENTER","name":"ENTER","code":"+4546-4466+594-1608C-1606+592eC-492FgFgFgFgFeFeCeFgFgFgFgFgFdFgFgFgFgFgFgFgFgFeFdFdFeFdFeCeF-47822+4548bC-494F","mapping_code":"7_1_7_3772809343","state":1},{"key":"PAUSE","name":"PAUSE","code":"+8992-4476+600-448+598-498EfEfE-446EfE-1652EgE-1548ChCiEiCiEiEgEiCgEi+652gEi+546hEgEfEgEiEgJiCfE-392+650iEiEiJ-39916A-2186C","mapping_code":"3_26_64_50157735","state":1}],"_id":"Cj3FOZ5HozdRwLNg"}
