{"category":"TV","brand":"HAIER","model":"4375","type":1,"version":"1.0","create_date":1695270559866,"protocol":"HAIER","map_code":[{"key":"0","name":"0","code":"+4600-4526+600-500+598-498EfE-1626E-1628EfEfEfEfEfEfEgCgEfEfEfEhEfEfEgEfEfEfEfEfEhEgCfEgEhEgCgE","mapping_code":"7_9_24_404263023","state":1},{"key":"1","name":"1","code":"+4626-4554+600-500+598-498EfE-1626CgEfEfEfEfEfEfE-1628EgCfEfEfEfEfEfEfEfEfEfEfEhEgCgEhEgEhEhEgE","mapping_code":"7_0_24_404226303","state":1},{"key":"2","name":"2","code":"+4600-4520+600-500+598-498EfE-1626CgEfEfEfEfEfEfEgCgCfEfEfE-1628EfEfEfEfEfEfEfEfEgEhEgCgEhEgCgE","mapping_code":"7_1_24_404258943","state":1},{"key":"3","name":"3","code":"+4600-4524+600-500+598-498EfE-1626EgCfEfEfEfEfEfEgCgEfEfEfEfEgEfEfEfEfEfEfEgEfEgCgEgE-1628EgCgE","mapping_code":"7_2_24_404242623","state":1},{"key":"4","name":"4","code":"+4600-4520+600-498+598dEdE-1626CfEdEdEdEdEdEdEfEfCdEdEdE-1628EfEdEdEdEdEdEdEdEdEgEfCfEfCfEfC","mapping_code":"7_3_24_404275263","state":1},{"key":"5","name":"5","code":"+4600-4524+600-500+598-498EfE-1626EgCfEfEfEfEfEf+604-1622CgEfEfEfEfEfEgEfEfEfEfEfEgE-1628EfEgEgCgEjEgE","mapping_code":"7_4_24_404234463","state":1},{"key":"6","name":"6","code":"+4600-4520+600-500+598-498E-496C-1626EhCgEfEfEfEfEfEhE-1628EfEfEfEiEfEhCfEfEfEfEfEfEhEfEiEhEiEhEiE","mapping_code":"7_5_24_404267103","state":1},{"key":"7","name":"7","code":"+4600-4526+600-498+598dEdE-1626CfEdEdEdEdEdEdE-1628EfCdEdEdEdEgEfEdEdEdEdEdEfEdEdEfEgEfCfEfE","mapping_code":"7_6_24_404250783","state":1},{"key":"8","name":"8","code":"+4600-4520+600-500+598-498EfE-1626CgCfEfEfEfEfEfEgCgEfEfEfEgE-1628EgCfEfEfEfEfEfEfEfEgEgCg+602-1624CgE","mapping_code":"7_7_24_404283423","state":1},{"key":"9","name":"9","code":"+4600-4526+600-500+598-498EfE-1628E-1626CfE-496EfEfEfEfEhEgEfEfEfEfEfEfEgEfEfEfEfEhEhChEfEhChEgEhE","mapping_code":"7_8_24_404230383","state":1},{"key":"POWER","name":"POWER","code":"+4602-4522+604-496+600dEdE-1624+602fGdEdEdEdE-494EdEfGfEdEdEdEfGfGdEfEdEdEdEdEdEdEfEdEfGfEfGfE","mapping_code":"7_11_24_404279343","state":1},{"key":"MENU","name":"MENU","code":"+4602-4520+604-496+600dEdE-1624+602fGdEdEdEdEdEdEfGfEdEdEdEdE-498+598fEfGfEdEdEdEfGfGdEdEdEfEfGfE","mapping_code":"7_28_24_404240583","state":1},{"key":"VOLUME_UP","name":"VOLUME UP","code":"+4600-4516+604-496+602-494+600dG-1624EhEdGfEfGdGdGdGhEhEdGdGdGhEhEdGhEhEdGdGdGdGdGhGdGdGhEhGhE","mapping_code":"7_27_24_404281383","state":1},{"key":"VOLUME_DOWN","name":"VOLUME DOWN","code":"+4602-4516+604-496+602-494+600dG-1624EhEdGdGdGdGfEfGhEhE-500+596dGdGdGhGdGhEhGdGdGdGhEdGhEdGdGhGhEhE","mapping_code":"7_26_24_404248743","state":1},{"key":"CHANNEL_UP","name":"CHANNEL UP","code":"+4602-4560+606-512+600-496EfE-1624+602gHfE-494HiEfEfEfEgEgHfEfEfEgHfEfEgHgHfEfEfEfEgHgHfEfEgHgEgH","mapping_code":"7_25_24_404265063","state":1},{"key":"CHANNEL_DOWN","name":"CHANNEL DOWN","code":"+4620-4526+604-496+600dE-494+602-1624GhGfEdEdEdEdEdEhEhGdEdEdEdEfEdEhGhC-492EdEdEhEhGhEdEdEhGhEhG","mapping_code":"7_24_24_404232423","state":1},{"key":"MUTE","name":"MUTE","code":"+4602-4516+604-496+602-494+600dE-1624EhEdGdGdGdGdGdGhEhEdGdGdGdGdGhE-1644EdGdGdGdGhEhEfGdGhEhEhEhE","mapping_code":"7_12_24_404238543","state":1},{"key":"INPUT","name":"INPUT","code":"+4602-4534+606-504+600-494+602fE-1624GhGfE-496EiEiEiEiEhEhGiEiEiEhGiEhEiEhGiEiEiEiEhG-500+596hEiEhGhG-1626E","mapping_code":"7_21_24_404269143","state":1},{"key":"REWIND","name":"REWIND","code":"+4600-4522+604-496+600dEdE-1624+602fGdEdE-494GhGhEdEfGfGdEdEdEdEfEdEfGdEfGfEdEfGdEfEdE-1626+652hEdEfE","mapping_code":"7_106_24_404248233","state":1},{"key":"FAST_FORWARD","name":"FAST FORWARD","code":"+4624-4538+604-496+602-494+600dG-1624EhEdGdGdGdGdGdGhEhEdGdGdE-1622EhEdGhEdGhEhEfGdGdGhEdGhEdGdGhG","mapping_code":"7_107_24_404280873","state":1},{"key":"SLEEP","name":"SLEEP","code":"+4602-4516+604-496+600dE-494+602-1624GhGfGfEdEdEdEdEhEhGdEdEdEhGhGhGdEhGdEdEdEdEdEdEhEdEhGhEhG","mapping_code":"7_23_24_404285463","state":1},{"key":"EXIT","name":"EXIT","code":"+4628-4522+604-506+600-496EfE-1624+602gHfE-494EfEfEfEfEgEgHfEfEfEgHfEgEgHgHfEfEfEfEgHfEfEfEgHgEgH","mapping_code":"7_29_24_404273223","state":1},{"key":"LAST","name":"LAST","code":"+4602-4516+604-496+600dEdE-1624+602fGdEdE-494GhEdEdEfGfGdEdEdEdEfGdEfGdEdEdEdEfGdEfGdEfGfGfEfG","mapping_code":"7_10_24_404246703","state":1},{"key":"DISPLAY","name":"DISPLAY","code":"+4600-4522+604-496+600dEdE-1624+602fGdEdEdE-494GhEdEfGfEdEdEdEdEdEdEdEdEfGdEdEfEfGfEfGfGdEfGfG","mapping_code":"7_32_24_404227323","state":1},{"key":"RED","name":"RED","code":"+4598-4592+632-506+602-494+600-496G-1624EiEhGhGhGhGhGhGiEiGhGhGhGhGiEiGiEiEhGiEhGiEhGhGhGhGiEhGiG","mapping_code":"7_94_24_404257413","state":1},{"key":"GREEN","name":"GREEN","code":"+4602-4516+604-496+600dEdE-1624+602fG-494EdEdEdEdEdEfEfGdEdEdEfGfGfGfGfGdEfGdEdEdEdEdEdEfEdEfG","mapping_code":"7_95_24_404290053","state":1},{"key":"BLUE","name":"BLUE","code":"+4602-4516+604-496+602-494EfE-1624Eg+600dHdHdHdHdHdHgEgEdHdHdHfHgEdHdHdHgEgEdHgEdHgHgEgHdHdHgE","mapping_code":"7_98_24_404244153","state":1},{"key":"YELLOW","name":"YELLOW","code":"+4602-4522+604-496+600dE-494+602-1624GhGfGfEdEdEdEdEhEhGdEdEdEhGdEdEfGdEhEhGdEdEhGhEhGhEdEdEhG","mapping_code":"7_97_24_404260473","state":1},{"key":"ZOOM","name":"ZOOM","code":"+4602-4516+604-496+600dEdE-1624+602fGdEdEdE-494GhEdEfGfGdEdEdEdEfGdEdEfGfGdEdEfEdEfGfGdEdEfEfG","mapping_code":"7_50_24_404245683","state":1},{"key":"HDMI","name":"HDMI","code":"+4602-4516+626-494+600-496EfE-1624+602gHfEfEfEdHdEfEgHgEfEfEfEfEfEfEfEfEfEgHfEgEgHgEgHgEgHfEgH","mapping_code":"7_64_24_404226813","state":1}],"_id":"c9N5Uk1sEgsBpTpD"}
