{"category":"TV","brand":"SHARP","model":"1332","type":1,"version":"1.0","create_date":1695097829184,"protocol":"SHARP","map_code":[{"key":"0","name":"0","code":"+9258-4574+604-504+602-502EfEfEfEfEfEfE-1636CgEfE-1638EgEhEhEfEgEfEhEfEgCfEhEd+600fEhEfEgEfEhEfEgC-41124+9234-2252C","mapping_code":"3_85_31488_14592597","state":1},{"key":"1","name":"1","code":"+9258-4580+604-504+602-502EfEfEfEfEfEfE-1636CgCfEgCgEgCgCfC-500EfEfEgEfEfEgCfEgE-1638EgCfEiEiEfEgE-41124+9232-2412+630","mapping_code":"3_72_31488_14553837","state":1},{"key":"2","name":"2","code":"+9256-4544+606-502+602dEdEdEdEdEdEdE-1636+604fEdEfGfGfEfGdEfEdEdE-1638EdEdEfGdEdEfEhEdEfGfEdEfG-41158+9258-2258C","mapping_code":"3_73_31488_14586477","state":1},{"key":"3","name":"3","code":"+9252-4546+604-504+602-502EfEfEfEfEfEfE-1636EgCfEgCgEgCgEfEfE-1638EfEgCfEfEhEfEhEfEgEfEhEhEfEgE-41120+9234-2268C","mapping_code":"3_74_31488_14570157","state":1},{"key":"4","name":"4","code":"+9284-4600+604-504+602-502EfEfEfEfEfEfE-1636CgCfEgCgCgCgCfEfEfEgEgCfEfEgEfE-1638EgCfEfEgEhEfEgE-41100+9232-2300+606","mapping_code":"3_76_31488_14561997","state":1},{"key":"5","name":"5","code":"+9258-4574+604-504+602-502EfEfEfEfEfEfE-1636EgCfEgCgEgCgEfE-1638EfEgCgEfEfEhEfEfEgEfEfEhEgCfEgE-41128+9256-2728+630","mapping_code":"3_77_31488_14594637","state":1},{"key":"6","name":"6","code":"+9284-4582+606-502+602dEdEd+604-500EdEdEdE-1636FhFdE-1638EhFhEiEdEdEhFhEhFdEdEhEdEiEdEdEdEhFhEdEiE-41126+9234-2250C","mapping_code":"3_78_31488_14578317","state":1},{"key":"7","name":"7","code":"+9252-4592+604-526+598-502+602fGfG-500ChChGfG-1636CiCfGiGiCiCiGfGfGfGfGfGiCfGiGfG-1638GiCiGjGfGiCfGjG-41122+9234-2294+606","mapping_code":"3_80_31488_14551797","state":1},{"key":"8","name":"8","code":"+9254-4560+604-504+602-502EfEfEfEfEfEfE-1636EgCfEgCgEgCgCfE-1638EfEfEfEgCfEgEfEfEgCgEhEfEgCfEhE-41118+9232-2260C","mapping_code":"3_81_31488_14584437","state":1},{"key":"9","name":"9","code":"+9230-4618+606-510C-520+602-502FgFgFgFgFgF-1636F-1638FgFh+604hFiFhJgFgFhFgFgFhJgFhFgFiFgFhJhFgFiFgFhF-41120+9258-2266J","mapping_code":"3_82_31488_14568117","state":1},{"key":"POWER","name":"POWER","code":"+9254-4548+606-516+602-502EfEfEfEfEfEfE-1636+604gEfEgHgC-1634EgHfEfEgEfEfEfEfEfEfEgHfEgE-1638EgHgEjEgH-41144+9522-2312C","mapping_code":"3_2_31488_14565567","state":1},{"key":"MENU","name":"MENU","code":"+9280-4566+606-506+602-502EfEfEfEfEfEfE-1636Eg+604fEgHgHgHgHfE-1638EfEfEfEgHfEfEfEfEgEiEgEfEiEiEgE-41118+9232-2268C","mapping_code":"3_17_31488_14583927","state":1},{"key":"VOLUME_UP","name":"VOLUME UP","code":"+9256-4556+606-510+604-500E-504+598-502+602iJiJiJiJ-1636EkEiJkJkEkJ-1638JiJiJkEiJiJkJiJiJiJkEiJkJlJiJkEkJlJ-41148+9232-2274C","mapping_code":"3_18_31488_14567607","state":1},{"key":"VOLUME_DOWN","name":"VOLUME DOWN","code":"+9230-4572+604-504+602-502EfEfEfEfEfEfE-1636+630-1638EfEgCgEgCgCfEfEfEfEfEiEfEfEfEgCgEiEgEfEiEiEgE-41148+9232-2252C","mapping_code":"3_16_31488_14551287","state":1},{"key":"CHANNEL_UP","name":"CHANNEL UP","code":"+9226-4536+606-504+602-500+604fG-502EfEhEhEhE-1636GiGhE-1638EiGiGiEhEhEhEiGiEhEhEhEhEjEiGhEhEjEiGiEjE-41140+9234-2242G","mapping_code":"3_12_31488_14561487","state":1},{"key":"CHANNEL_DOWN","name":"CHANNEL DOWN","code":"+9258-4578+606-502+604-500+602dEfGdGdGdGdG-1636EhEdG-1638GhEhGiGdGhEdGhEhGdGdGdGdGdGhEdGdGiGhEhGiG-41124+9234-2298C","mapping_code":"3_13_31488_14594127","state":1}],"_id":"yD6LlcKgPaebyOEJ"}
