{"category":"TV","brand":"SHARP","model":"1362","type":1,"version":"1.0","create_date":1695097728187,"protocol":"SHARP","map_code":[{"key":"0","name":"0","code":"+4620-4548+604-502+602-500E-1632CgEfEfEfEfEfEfE-1634EgEfEfEf+606-496EfEfEfEfEfEfEfEfEhEhEhEhEhEhEhEhE","mapping_code":"7_0_12_808452351","state":1},{"key":"1","name":"1","code":"+4696-4560+604-502+602-500E-1634EgEfEfEfEfEfEfE-1632EgEfEfEfEfEgEd+600dIfEfEfEfEfEfEgEgEgEgEgEgEgE","mapping_code":"7_1_12_808484991","state":1},{"key":"2","name":"2","code":"+4700-4606+604-508+602-500E-1634EgEfEfEfEfEfEfEgEgEfEfEfEfEfEgEfEfEfEfEfEfEgEfEgEgE-1636+600gEgEgE","mapping_code":"7_2_12_808468671","state":1},{"key":"3","name":"3","code":"+4698-4574+604-502+602-500E-1634E-1632CfEfEfEfEfEfEhEgEfEfEfEfEgEgEfEfEfEfEfEfEfEfEgEgEgEgEgEgE","mapping_code":"7_3_12_808501311","state":1},{"key":"4","name":"4","code":"+4646-4566+604-502+602-500E-1634E-1632CfEfEfEfEfEfEgEgEfEf+600dEfIdIdIgEfEfEfEfEfEgEgEfEgEgEgEgEgE","mapping_code":"7_4_12_808460511","state":1},{"key":"5","name":"5","code":"+4620-4550+604-502+602-500E-1634E-1632CfEfEfEfEfEfEhEgEfEfEfEfEgEfEgEfEfEfEfEfEfEgEf+600gEgEgEgEgE","mapping_code":"7_5_12_808493151","state":1},{"key":"6","name":"6","code":"+4642-4538+604-502+602-500E-1632CgEfEfEfEfEfEfE-1634EhEfEfEfEfEfEhEhEfEfEfEfEfEhEfEfEhEhEhEhEhE","mapping_code":"7_6_12_808476831","state":1},{"key":"7","name":"7","code":"+4698-4570+604-502+602-500E-1634E-1632CfEfEfEfEfEfEgEgEfEf+600dIdIgEgEgEfEfEfEfEfEfEfEfEgEgEgEgEgE","mapping_code":"7_7_12_808509471","state":1},{"key":"8","name":"8","code":"+4672-4592+604-504+602-500E-1634E-1632CfEfEfEfEfEfEhEgEfEfEfEf+600-502IjEfEgEfEfEfEfEgEgEgEfEgEgEgEgE","mapping_code":"7_8_12_808456431","state":1},{"key":"9","name":"9","code":"+4644-6174+602-528C-500C-1634C-1632CeCeCeCeCeCeCfCgCeCeCeCeCfCeCeCfC-502+600hIeChIeCfCfCeIfCfCfCfC","mapping_code":"-1_0_0_388535023","state":1},{"key":"POWER","name":"POWER","code":"+4616-4558+604-502+602-500E-1632E-1634EfEfEfEfEfEfEhEhEfEfEfEfEhEhEhEhEfEfEfEf+600dIdIfEfEhEhEhEhE","mapping_code":"7_15_12_808513551","state":1},{"key":"MENU","name":"MENU","code":"+4674-4576+604-502+602-500E-1634EgEfEfEfEfEfEfE-1632EgEfEf+600dEfEfIdIdIdIgEfEfEfEgEgEgEgEdIgEgEgE","mapping_code":"7_16_12_808454391","state":1},{"key":"VOLUME_UP","name":"VOLUME UP","code":"+4646-4554+604-502+602-500E-1632E-1634EfEfEfEfEfEfEgEhEfEfEfEfEhEfEfEfEhEfEfEfEfEhEhEhEfEhEhEhE","mapping_code":"7_17_12_808487031","state":1},{"key":"VOLUME_DOWN","name":"VOLUME DOWN","code":"+4670-4582+604-512+602-500E-1632CgEfEfEfEfEfEfE-1634EhEfEfEfEfEfEhEfEfEhEfE-502+600fEhEfEhEhEfEhEhEhE","mapping_code":"7_18_12_808470711","state":1},{"key":"CHANNEL_UP","name":"CHANNEL UP","code":"+4672-4552+604-502+602-500E-1632CgEfEfEfEfEfEfE-1634EhEfEfEfEfEhEhEf+600hEfEfEfEfEfEfEhEfIhEhEhEhE","mapping_code":"7_11_12_808505391","state":1},{"key":"CHANNEL_DOWN","name":"CHANNEL DOWN","code":"+4666-4556+604-502+602-500E-1634E-1632CfEfEfEfEfEfEgE-1658EfEfEfEfEfEfEgEgEfEfEfEfEgEgEfEd+600gEgEgEgE","mapping_code":"7_12_12_808464591","state":1},{"key":"MUTE","name":"MUTE","code":"+4856-4570+604-502+602-500E-1632CgEfEfEfEfEfEfE-1634EgEfEfEfEfEhEhEd+600fEhEfEfEfEfEfEhEhEfEhEhEhE","mapping_code":"7_19_12_808503351","state":1},{"key":"INPUT","name":"INPUT","code":"+4672-4632+630-508+602-500E-1632+604gEfEfEfEfEfEfE-1634EiEfEfEfEfEfEiEiEiEfEfEfEfEiEfEfEf+600iEiEiEiE","mapping_code":"7_14_12_808480911","state":1}],"_id":"6qs5t6DsEQyteCR9"}
