{"category":"TV","brand":"SHARP","model":"2000373","type":1,"version":"1.0","create_date":1694771697413,"protocol":"SHARP","map_code":[{"key":"POWER","name":"POWER","code":"+288-1778+298-744+322-722+320-724+318hIhI-1776I-1774I-726IjIhIlIhIjIlI","mapping_code":"-1_0_0_1834818995","state":1},{"key":"0","name":"0","code":"+290-1776+298-746+322-722+320-724+318hIhIbI-726IbIjIjIjIjIbIhI","mapping_code":"-1_0_0_4106843819","state":1},{"key":"1","name":"1","code":"+288-1776+298-746+322-722+320-724+318hIbIhIhIhI-726IjIjIjIbIhI","mapping_code":"-1_0_0_2287677653","state":1},{"key":"2","name":"2","code":"+288-1776+322-776C-722+320-724+318gH-726HbHgHiHiHiHiHiHbH-728+314","mapping_code":"-1_0_0_3890270129","state":1},{"key":"3","name":"3","code":"+316-1802+322-722+320dE-724+318fG-1774EhGfGfGfGfG-726GiG-1776GfG","mapping_code":"-1_0_0_2739886593","state":1},{"key":"4","name":"4","code":"+288-1776+298-746+322-722+320-724+318hIhI-726IbIhI-730+314hIjIjIbIhI","mapping_code":"-1_0_0_576802165","state":1},{"key":"5","name":"5","code":"+288-1776+322-720C-722+320-724+318gH-1774H-726HbHgHgHjHjH-772HbHgH","mapping_code":"-1_0_0_2529536171","state":1},{"key":"6","name":"6","code":"+286-1778+322-720C-722+320-724+318gHgH-1776HiH-726HjHjHjHjHiHjH","mapping_code":"-1_0_0_1152111101","state":1},{"key":"7","name":"7","code":"+288-1776+298-746+322-722+320fG-724+318bIbIbI-726IjIjIjIjIbIhI","mapping_code":"-1_0_0_1727565","state":1},{"key":"8","name":"8","code":"+286-1778+322-720C-722+320-724+318gH-726FgHiH-1776HgHgHgHgHjHiH","mapping_code":"-1_0_0_1470527121","state":1},{"key":"9","name":"9","code":"+316-1802+322-722+320dE-724+318-726G-1774+264hGhG-1776GfGhGhGhGkGfG","mapping_code":"-1_0_0_2504251343","state":1},{"key":"PLAY","name":"PLAY","code":"+288-1776+300-744+322-722+320-724+318-1774I-726IjIhIhIhIhIbIbIbIhI","mapping_code":"-1_0_0_1796586627","state":1},{"key":"FAST_FORWARD","name":"FAST FORWARD","code":"+286-1778+322-720C-722+320-724+318-1774FgH-726H-1776HgHgHgHjHjHkHgH","mapping_code":"-1_0_0_932844199","state":1},{"key":"MUTE","name":"MUTE","code":"+262-1802+324-720+322-722+320-724+318hI-1774I-1776IjGhIkIhIhIhIkIhI","mapping_code":"-1_0_0_684435459","state":1},{"key":"REWIND","name":"REWIND","code":"+262-1802+324-720+322-722+320-724+318-1774I-726IhI-1776IhIhIhIjGjIlIhI","mapping_code":"-1_0_0_3024285951","state":1},{"key":"NETFLIX","name":"NETFLIX","code":"+264-1802+324-720+322-722+320f+266-1774+318iG-724J-1776JiJlJkJkJkJiJkJ","mapping_code":"-1_0_0_1229771179","state":1},{"key":"TOOLS","name":"TOOLS","code":"+262-1804+322-720C-722+320-724+318gHgHgHgHgHgH-1776HgHgH-1774HgH","mapping_code":"-1_0_0_1346203505","state":1},{"key":"BLUE","name":"BLUE","code":"+262-1802+324-720+322-722+320-724+318hI-1774+264-1776IhIhIjIlIhIlIjI-726I","mapping_code":"-1_0_0_1462597739","state":1},{"key":"RED","name":"RED","code":"+262-1802+348-720+322-722+320fG-724+318-1774IhIhIhI-1776IjI-726IkIjGhI","mapping_code":"-1_0_0_1326777432","state":1},{"key":"YOUTUBE","name":"YOUTUBE","code":"+262-1802+324-720+322-722+320-724+318-1774IhIhIhIhIhIjGhIhIj+264-726I","mapping_code":"-1_0_0_2245962603","state":1},{"key":"GREEN","name":"GREEN","code":"+288-1778+322-720C-722+320-724+318gHgH-1774FgH-726+264-1776HlHgHiHlHgH","mapping_code":"-1_0_0_2612981275","state":1},{"key":"YELLOW","name":"YELLOW","code":"+262-1802+324-720+322-722+320-724+318hIhIhI-1774I-726I-1776IjGhIjIlIhI","mapping_code":"-1_0_0_3594480607","state":1},{"key":"INFO","name":"INFO","code":"+264-1802+324-720+322-722+320-724G-1774Gh+318hJhJiJ-726J-1776JhJiJlJhJ","mapping_code":"-1_0_0_3912857433","state":1},{"key":"STOP","name":"STOP","code":"+264-1802+322-720C-722+320-724+318-1774FiH-1776HgHgHgHgHiFiHiF-728+314","mapping_code":"-1_0_0_3668124705","state":1},{"key":"MENU","name":"MENU","code":"+264-1802+324-720+322-722+320-724Gh+318-726IjI-1776IhI-1774GlIjI-778IkIhI","mapping_code":"-1_0_0_3857578199","state":1},{"key":"VOLUME_UP","name":"VOLUME UP","code":"+288-1778+324-720+322-722+320-724Gh+318hIhI-1774I-726I-1776IhIhIhIlI-778I","mapping_code":"-1_0_0_1259510059","state":1},{"key":"VOLUME_DOWN","name":"VOLUME DOWN","code":"+262-1802+324-720+322-722+320-724+318hI-1774IhI-1776I-778IjI-726ImIhIkIhI","mapping_code":"-1_0_0_468240397","state":1},{"key":"CHANNEL_UP","name":"CHANNEL UP","code":"+262-1802+324-720+322-722+320fG-724+318-1774I-726IhIhIjEfIhIhIjIkI","mapping_code":"-1_0_0_2970385547","state":1},{"key":"CHANNEL_DOWN","name":"CHANNEL DOWN","code":"+344-1790+320-724+318dEdEdE-1774E-726E-1776EfCdEfEhEfCdEfE-43938+348bC-722CgCd+264dEg+262fCgEdEfEg+316dEdCfCdE","mapping_code":"-1_0_0_3361939557","state":1}],"_id":"JR4xFsawPyl2D97T"}
