{"category":"TV","brand":"SHARP","model":"2657","type":1,"version":"1.0","create_date":1695097072095,"protocol":"SHARP","map_code":[{"key":"1","name":"1","code":"+9216-4528+602-500+600-1630C-498EgEgEgEfEgEgEgEgEgEgEgEfEfEfEgEgEgEgEgEgEgEgEfEfEfEfEfEfEfE-41692+9190-2258C","mapping_code":"3_1_49218_1107525759","state":1},{"key":"2","name":"2","code":"+9216-4554+604-508+600-1630+602-498EhEhEhEfGhEhEhEhEhEhEhEfEfEhEfEhEhEhEhEhEhEfEhEfEfEfEfEfEfE-41672A-2232G","mapping_code":"3_2_49218_1107509439","state":1},{"key":"3","name":"3","code":"+9188-4520+602-500+600-1630E-502+596-498EiEiEfEiEiEiEiEiEiEiEfEfEfEfEiEiEiEiEiEiEiEiEfEf+604-1628EfEfEfE-41700+9218-2266J","mapping_code":"3_3_49218_1107542079","state":1},{"key":"4","name":"4","code":"+9216-4522+602-500+600-1630C-498EgEgEgEfCgEgEgEgEgEgEgEfEfEgEgEfEgEgEgEgEgEfEfEgEfEfEfEfCfE-41712+9220-2274+604","mapping_code":"3_4_49218_1107501279","state":1},{"key":"5","name":"5","code":"+9190-4548+604-498+600-1630+602dEdEdEdEfGdEdEdEdEdEdEdEfEfEfEdEfE-500EdEdEdEdEdEfEdEfEfEfEfEfE-41710+9192-2240G","mapping_code":"3_5_49218_1107533919","state":1},{"key":"6","name":"6","code":"+9190-4556+604-500+600-1630E-498EgEgEgEf+602gEgEgEgH-508EgEgEfEfEgEfEfEgEgEgEgEgEfH-496EgEfEfEfEfEfE-41720+9216-2240H","mapping_code":"3_6_49218_1107517599","state":1},{"key":"7","name":"7","code":"+9218-4564+602-510+600-1630C-498EgEgEgEfCgEgEgEgEgEgEgEfEfEfEfEfEgEgEgEgEgEgEgEgEfEfEfEfEfE-41710+9216-2232C","mapping_code":"3_7_49218_1107550239","state":1},{"key":"8","name":"8","code":"+9238-4590+604-506+600-1630+602-498EhEhEhEfEhEhEhEhEhEhEhEfEfEhEhEhEfEhEhEhEhEfEfEfEhEfEfEfEfE-41700+9244-2296G","mapping_code":"3_8_49218_1107497199","state":1},{"key":"9","name":"9","code":"+9216-4532+604-502+600-1630+602-498EhEhEhEfGhEhEhEhEhEhEhEfEfEfEhEhEfEhEhEhEhEhEfEfEhEfEfEfEfE-41702+9192-2248G","mapping_code":"3_9_49218_1107529839","state":1},{"key":"MENU","name":"MENU","code":"+9240-4562+602-500+600-1630E-498EgEgEgEfCgEgEgEgEgEgEgEfEfEfEgEfEgEfEgEgEgEgEfEgEfEgEfEfCfE-41722+9190-2254+604","mapping_code":"3_21_49218_1107535959","state":1},{"key":"VOLUME_UP","name":"VOLUME UP","code":"+9218-4546+602-500+600-1630C-498EgEgEgEfEgEgEgEgEgEgEgC-1628CfEgEfEfEgEfEgEgEgEfEgEgEfEgEfEfEfE-41692+9220-2274C","mapping_code":"3_22_49218_1107519639","state":1},{"key":"VOLUME_DOWN","name":"VOLUME DOWN","code":"+9190-4530+602-500+600-1630E-498EgEgEgEfCgEgEgEgEgEgEgEfEfEfCfEfEgEfCgEgEgEgEgEgEfEgEfEfEfE-41710+9216-2258C","mapping_code":"3_23_49218_1107552279","state":1},{"key":"CHANNEL_UP","name":"CHANNEL UP","code":"+9218-4558+604-504+600-1630E-498EgEgEgEf+602gEgEgEgEgEgEgEfE-1634+598fEfEgEfEfEgEgEgEgEgEfEgEgEfEfEfE-41732+9216-2234C","mapping_code":"3_27_49218_1107548199","state":1},{"key":"CHANNEL_DOWN","name":"CHANNEL DOWN","code":"+9240-4540+602-500+600-1630C-498EgEgEgEfCgEgEgEgEgEgEgEfE-1634+596fEfEfEfEfEgEgEgEgEgEgEgEgEfEfEfE-41708+9194-2254C","mapping_code":"3_31_49218_1107556359","state":1},{"key":"MUTE","name":"MUTE","code":"+9192-4540+602-500+600-1630C-498EgEgEgEfCgEgEgEgEgEgEgEfEfEfEfEgEgEfEgEgEgEgEgEfEfEgEfEfEfE-41706+9220-2246C","mapping_code":"3_19_49218_1107544119","state":1},{"key":"INPUT","name":"INPUT","code":"+9218-4566+604-514+600-1630+602-498EhEhEhEfEhEhEhEhEhEhEhEfGfEfEfGhEhEfEhEfEhEhEhEfEfEhEfEhEfE-41722+9194-2248G","mapping_code":"3_83_49218_1107544629","state":1},{"key":"LAST","name":"LAST","code":"+9218-4568+602-510+600-1630C-498EgEgEgEfEg+628gEgEgEgEgEgEfEfEfEgEgEfEfEgEfEgEgEfEfEgEgE-1632EgEfE-41698+9216-2256C","mapping_code":"3_89_49218_1107532389","state":1},{"key":"POWER","name":"POWER","code":"+9240-4572+604-1638+602-1634E-1632E-500EhEhEhEhEhEhEhEfEfEgEfEgEhEhEhEhEhEhEh+600hEfEfEfEfEfEfEfEfE-40764+9220-2238C","mapping_code":"3_0_7_3760128255","state":1},{"key":"0","name":"0","code":"+9218-4542+604-1634C-1632CeC-500+602fGfGfGfGfGfGfGdGeGdGeGdGeGfGfGdGfGfGfGfGfGdGeGfGdGdGdGdG-40820+9220-2258C","mapping_code":"3_9_7_3760164975","state":1}],"_id":"sEPgmqJZzPDLmI6f"}
