{"category":"TV","brand":"SANYO","model":"3092","type":1,"version":"1.0","create_date":1695279361570,"protocol":"SANYO","map_code":[{"key":"0","name":"0","code":"+9204-4604+608-508C-1646+606-1634+604-500HiHiHiHgFgHiHgFiHiHiHiHiHgFiHiHgFiHiHiHiHiHgFgHiHgFgHgF-1638+602-45802+9286-2336C","mapping_code":"3_9_1414_1637912687","state":1},{"key":"1","name":"1","code":"+9206-4560+606-520+604-1634CfE-500EgEgEgEfEfCgEfEgEgEgEgEgEgEgEgEgEgEgEgEgEfE-1636EfEfCfEfCfEfC-45846+9232-2260C","mapping_code":"3_0_1414_1637875967","state":1},{"key":"2","name":"2","code":"+9230-4552+608-500+604-1634+606fEdEdEdEdEfEfGdE-1636EdEdEdEdEdEhEdEdEdEdEdEdEdEdEfGfEfGfEfGfEfG-45798+9234-2264C","mapping_code":"3_1_1414_1637908607","state":1},{"key":"3","name":"3","code":"+9206-4600+608-514+604-1634+606fG-500EhEhEhEfE-1636EhEfE-502+602hEhEhEhEhEfEhEhEhEhEhEhG-1632EhEfGfEfGfEfGfE-45802+9288-2328G","mapping_code":"3_2_1414_1637892287","state":1},{"key":"4","name":"4","code":"+9206-4558+608-500+604-1634Ef+606dEdEdEdEfGfEdEfGdEdEdEdEdEfE-1636EdEdEdEdEdEdEdEdEfEhEfGfEfGfE-45818+9232-2234C","mapping_code":"3_3_1414_1637924927","state":1},{"key":"5","name":"5","code":"+9260-4602+608-500+604-1634Ef+606dEdEdEdEfEfEdEfGdEdEdEdEdEdEdEfGdEdEdEdEdEfE-1636EdEfGfEfGfEfG-45814+9206-2264G","mapping_code":"3_4_1414_1637884127","state":1},{"key":"6","name":"6","code":"+9206-4558+608-502+604-1634+606fE-500EhEhEhEfEfGhEfEhEhEhEhEhEfEhEfEhEhEhEhEhEhEfEhEfGfEfGfE-1636E-45808+9262-2304G","mapping_code":"3_5_1414_1637916767","state":1},{"key":"7","name":"7","code":"+9206-4558+606-502+604-1634CfC-500EgEgEgEfEfCgEfEgEgEgEgE-504+600gEfCfEgEgEgEgEgEfCgEgEfE-1636EfCfEjE-45836+9232-2234+608","mapping_code":"3_6_1414_1637900447","state":1},{"key":"8","name":"8","code":"+9206-4552+608-500+604-1634+606fGdEdEdEdEfEfGdEfEdEdEdEdEdEfE-1636EfEdEdEdEdEdEdEdEdEfEfGfEfEhE-45882+9258-2244C","mapping_code":"3_7_1414_1637933087","state":1},{"key":"9","name":"9","code":"+9206-4552+608-500+604-1634+606fEdEdEdEdEfEfGdEfEdEdEdEdEdEdEdEdEfGdEdEdEdE-1636EfEhEdEfEfGfEfG-45906+9262-2244G","mapping_code":"3_8_1414_1637880047","state":1},{"key":"POWER","name":"POWER","code":"+9202-4564+608-500+604-1634Ef+606dEdEdEdE-1636EfGdEfGdEdEdEdEdEfGfEfGfEdEdEdEdEdEdEdEdEhEfEhEfE-45806+9206-2258C","mapping_code":"3_15_1414_1637937167","state":1},{"key":"MENU","name":"MENU","code":"+9206-4558+608-500+604-1634Ef+606dEdEdEdEfGfEdEfGdEdEdEdEdEdEdEfEdEfGdEdEdE-1636EfGdEhEdEfEhEfE-45818+9234-2234C","mapping_code":"3_20_1414_1637886167","state":1},{"key":"VOLUME_UP","name":"VOLUME UP","code":"+9206-4552+608-500+604-1634+606fEdEdEdEdEfE-1636EdEfEdEdEdEdEdEdEfEdEfGdEdEdEdEfGdEfEdEfEhEfEhE-45830+9234-2246G","mapping_code":"3_10_1414_1637896367","state":1},{"key":"VOLUME_DOWN","name":"VOLUME DOWN","code":"+9206-4588+608-520+604-1634Ef+606-500EhEhEhE-1636EfEhEfGhEhEhEhEhEiEfEhEfGhEhEhEhEhEhEfGhEiEfGfEfE-45784+9234-2270C","mapping_code":"3_11_1414_1637929007","state":1},{"key":"CHANNEL_UP","name":"CHANNEL UP","code":"+9230-4542+608-502+604-1634+606fE-500EhEhEhE-1638+602fGhEfEhEhEhEhEhEhEhEfGfEhEhEhEhEfE-1636EhEhEfEfEkEfG-45802+9208-2246G","mapping_code":"3_12_1414_1637888207","state":1},{"key":"CHANNEL_DOWN","name":"CHANNEL DOWN","code":"+9206-4558+608-502+604-1634+606fG-500EhEhEhEfEfGhEfEhEhEhEhEhEfGhEfE-1636EhEhEhEhEhEfEhEhEiEfGfEiE-45826+9232-2286C","mapping_code":"3_13_1414_1637920847","state":1},{"key":"MUTE","name":"MUTE","code":"+9228-4546+606-502C-1640C-1634+604-500GhGhGhGfG-1636GhGfGhGhGhGhGhGfGhGhGhGfGhGhGhGhGfGiGfChGiGfGiG-45798+9230-2234+608","mapping_code":"3_17_1414_1637910647","state":1},{"key":"INPUT","name":"INPUT","code":"+9206-4552+608-500+604-1634Ef+606dEdEdEdEfGfEdEfGdEdEdEdEdEdEfGfEfEdEdEdEdEfGdEdEdE-1636EfEhEfE-45810+9234-2252C","mapping_code":"3_14_1414_1637904527","state":1},{"key":"REWIND","name":"REWIND","code":"+9258-4636+634-518+604-1634Ef+606-500EhEhEhEfGfEhEfGhEhEhEhEhEhEfGhE-1636EhEhEfEhEfGhEfEhEfGfEhEfE-45800A-2260G","mapping_code":"3_74_1414_1637896877","state":1},{"key":"PLAY","name":"PLAY","code":"+9206-4564+608-500+604-1634+606fGdEdEdEdEfEfGdE-1636EdEdEdEdEdEhEdEfEhEfEdEdEdEdEfEdEdEdEfGfEfG-45814+9232-2234G","mapping_code":"3_29_1414_1637922887","state":1},{"key":"FAST_FORWARD","name":"FAST FORWARD","code":"+9206-4558+608-500+604-1634Ef+606dEdEdEdEfGfEdEfGdEdEdEdEdEfGfEfGfEdEdEfEdEdEdEdEdEfE-1636EdEfE-45818+9232-2240C","mapping_code":"3_79_1414_1637937677","state":1},{"key":"STOP","name":"STOP","code":"+9206-4558+606-502+604-1634CfE-500EgEgEgEfEfCgEfEgEgEgEgEgEgEfCfE-1636EfEgEgEgEfEgEg+608-496EgEfCfEfC-45858+9262-2256C","mapping_code":"3_30_1414_1637906567","state":1},{"key":"INFO","name":"INFO","code":"+9232-4552+606-502+604-1634CfE-500EgEgEgEfE-1636EgEfEgEgEgEgEgEfEfCgEfEfEgEgEgEgEgEfCgEgEhEfEhE-45820+9234-2244C","mapping_code":"3_27_1414_1637931047","state":1},{"key":"SLEEP","name":"SLEEP","code":"+9202-4568+606-502+604-1634CfE-500EgEgEgEfCfEgEfEgEgEgEgEgEfCfEgEgEfEgEgEgEgEgEfE-1636Ed+602fEfCfE-45818+9234-2280+608","mapping_code":"3_19_1414_1637926967","state":1},{"key":"EXIT","name":"EXIT","code":"+9206-4558+608-500+604-1634+606fEdEdEdEdEfEfGdEfEdEdEdEdEdEfEfE-1636EdEfGdEdEdEdEdEdEfEdEfGfEhE-45784+9232-2226C","mapping_code":"3_23_1414_1637935127","state":1},{"key":"LAST","name":"LAST","code":"+9206-4552+608-500+604-1634Ef+606dEdEdEdEfGfEdEfGdEdEdEdEdEdEdEdEdEfEdEdEdEfE-1636EfEhEdEfEhEfE-45818+9230-2238C","mapping_code":"3_16_1414_1637878007","state":1},{"key":"RED","name":"RED","code":"+9208-4564+606-502+604-1634CfC-500EdEgEgEfEfCgEfEgEgEgEgEgEgEgE-1636EgEfEgEfCgEhEfEgEhEgEfEgEfC-45802+9230-2236C","mapping_code":"3_84_1414_1637886677","state":1},{"key":"GREEN","name":"GREEN","code":"+9206-4558+608-500+604-1634Ef+606dEdEdEdEfGfEdEfEdEdEdEdEdEfEdEfGdE-1636EdEfGdEdEhEdEfEdEfGdEfE-45810+9234-2232G","mapping_code":"3_85_1414_1637919317","state":1},{"key":"BLUE","name":"BLUE","code":"+9206-4600+608-512+604-1636+602-1634+606-500EjEjEjEhIhEjEhIjEjEjEjEjEhIhEhIjEhEjEhIjEjEjEjEhIjEhEjEhI-45790+9236-2270I","mapping_code":"3_87_1414_1637935637","state":1},{"key":"YELLOW","name":"YELLOW","code":"+9228-4542+608-500+604-1634Ef+606dEdEdEdEfGfEdEfGdEdEdEdEdEdEfEfGdEfEdEfGdEfEdEdEfEdEfGdEfE-45824+9234-2276C","mapping_code":"3_86_1414_1637902997","state":1},{"key":"GUIDE","name":"GUIDE","code":"+9206-4552+606-500+604-1634CfEdEdEdEdEfEfCdEfEdEdEdEdEdEfEdEfCdEdEdEfCdEdE-1636EdEfEgEfEdEfC-45806+9208-2252+608","mapping_code":"3_69_1414_1637917277","state":1},{"key":"ZOOM","name":"ZOOM","code":"+9204-4566+608-500+604-1634+606fGdEdEdEdEfGfEdEfEdEdEdEdEdEdEdEfEfGdEdEfEdEfE-1636EdEdEfEfGdEhE-45786+9206-2254C","mapping_code":"3_76_1414_1637888717","state":1},{"key":"FREEZE","name":"FREEZE","code":"+9210-4558+608-500+604-1634Ef+606dEdEdEdEfGfEdE-1636EdEdEdEdEdEdEdEdEfGdEdEhEdEfEfGfEdEfGfEdEfG-45814+9230-2232C","mapping_code":"3_72_1414_1637880557","state":1},{"key":"LIST","name":"LIST","code":"+9206-4558+606-502+604-1634CfE-500EgEgEgEfEfCgEfEgEgEgEgEgEfEfCgEgEfEgEfEgEgEgEfCfEgEfEgE-1636E-45804+9232-2230C","mapping_code":"3_83_1414_1637927477","state":1}],"_id":"IOcj74DXKWodLp3p"}
