{"category":"TV","brand":"SANYO","model":"3122","type":1,"version":"1.0","create_date":1695279180700,"protocol":"SANYO","map_code":[{"key":"POWER","name":"POWER","code":"+9206-4560+606-500+604-498EfE-1634EgEgEfEfEgEgEgEfEfEfEgEgEfEgEd+602fEgEfEfEfHgEfEgEgEfEgEgEgE-41838A-2250C","mapping_code":"3_18_56_484657335","state":1},{"key":"MENU","name":"MENU","code":"+9206-4574+606-500+604-498EfE-1634EgEgEfEfEgEgEgEd+602fEfEgEgEgEgEgEfEgEfEfEfEfEdHfEgEfEgEgEgE-41810+9234-2262C","mapping_code":"3_23_56_484698135","state":1},{"key":"0","name":"0","code":"+9206-4550+606-500+604-498EfE-1634EgEgEfEfEgEgEgEf+602fEfEgEgEfEfEfEfEfEfEfEfEgEgEgEgEgEgEgEgE-41840A-2270+608","mapping_code":"3_0_56_484638975","state":1},{"key":"1","name":"1","code":"+9206-4546+606-500+604-498EfE-1634EgEgEfEfEgEgEgEd+602fEfEgEgEgEfEfEfEfEfEfEfEfEgEgEgEgEgEgEgE-41848+9208-2252C","mapping_code":"3_1_56_484671615","state":1},{"key":"2","name":"2","code":"+9206-4550+608-498+604dEdE-1634EfEfEdEdEfEfEfEdEdEdEfEf+606dEfEdEdEdEdEdEd+602fEdEfEfEfEfEfEfE-41852+9288-2250C","mapping_code":"3_2_56_484655295","state":1},{"key":"3","name":"3","code":"+9204-4564+606-500+604-498EfE-1634EgEgEfEfEgEgEgEfEfEfEgEgEgEgEfEfEfEfEfEfEfEfEgEgEgEgEgEgE-41844+9232-2260C","mapping_code":"3_3_56_484687935","state":1},{"key":"4","name":"4","code":"+9232-4570+606-500+604-498EfE-1634EgEgEfEf+602gEgEgEfEfEfEgEgEfHdHgEfEfEfEfEfEgEgEfEgEgEgEgEgE-41814+9230-2254C","mapping_code":"3_4_56_484647135","state":1},{"key":"5","name":"5","code":"+9208-4550+606-500+604-498EfE-1634EgEgEfEfEgEgEgEfEfEfEgEgEgEfEgEfEfEfEfEf+602dEgEdHgEgEgEgEgE-41818A-2242C","mapping_code":"3_5_56_484679775","state":1},{"key":"6","name":"6","code":"+9204-4570+606-500+604-498EfE-1634EgEgEfEfEgEgEgEfEfEfEgEgEfEgEgEfEfEfEfEf+602gEfEfEgEgEgEgEgE-41840+9206-2250C","mapping_code":"3_6_56_484663455","state":1},{"key":"7","name":"7","code":"+9230-4598+606-500+604-498EfE-1634EgCgEfEfEgEgEgEfEfEfEgEgEgEgEgEfEfE-502+600fEfEfEfEfEgEgEgEgEgE-41824+9208-2254C","mapping_code":"3_7_56_484696095","state":1},{"key":"8","name":"8","code":"+9206-4556+606-500+604-498EfE-1634EgEgEfEfEgEgEgEfEfEfEgEgEfEf+602fEgEfEfEfHdEgEgE-1638+600fEgEgEgEgE-41844+9230-2232C","mapping_code":"3_8_56_484643055","state":1},{"key":"9","name":"9","code":"+9206-4544+606-500+602-498+604fG-1634GhChGfGfGhGhGhGfGfGfGhGhGhGfGfC-1632GfGfGfGfGfGhGhGfGhGhGhGhG-41860+9208-2246C","mapping_code":"3_9_56_484675695","state":1},{"key":"VOLUME_UP","name":"VOLUME UP","code":"+9206-4552+606-500+604-498EfE-1634EgEgEfEfEgEgEgEfEfEfEgEgEfEgEgEgEfEfEfEfEgEdEfEfEgEgEgEgE-41840+9208-2250C","mapping_code":"3_14_56_484667535","state":1},{"key":"VOLUME_DOWN","name":"VOLUME DOWN","code":"+9206-4558+606-500+604-498EfE-1634EgEgEf+602dEgEgEgEfEfEfHgEgEgEgEgEgEfEfEfEfEfEfEfEfEg+608-1630EgEgE-41830A-2248C","mapping_code":"3_15_56_484700175","state":1},{"key":"CHANNEL_UP","name":"CHANNEL UP","code":"+9202-4570+606-500+604-498Ef+602-1634EhEhEfEfEhEhEhEfEfEfEhEhEfEhEfEhEfEfGfEfEhEfEhEfG-1636EhEhEhE-41810+9230-2258C","mapping_code":"3_10_56_484659375","state":1},{"key":"CHANNEL_DOWN","name":"CHANNEL DOWN","code":"+9206-4550+606-500+604-498EfE-1634EgEgEf+602fEgEgEgEfEfEfEgEgEgEgEfEgEfEfEfEfEfEfEgEfEgEgEgEgE-41838+9234-2236C","mapping_code":"3_11_56_484692015","state":1},{"key":"MUTE","name":"MUTE","code":"+9232-4584+608-504+604-498EfE-1634EgEgEfEfEgEgEgEfEf+602-500EgEgEiHfEfEgEgEfEfEfEgEgEgEfEfEgEgEgE-41840+9206-2254+606","mapping_code":"3_24_56_484645095","state":1},{"key":"INPUT","name":"INPUT","code":"+9204-4560+606-500+604-498EfE-1634EgEgEfEfEgEgEgEfEfC-496EgEgEgEgEfEf+602gEfEfEfEfEfEgEgE-504+598gEgEgE-41844+9232-2258C","mapping_code":"3_19_56_484689975","state":1},{"key":"EXIT","name":"EXIT","code":"+9206-4564+606-500+604-498EfE-1634EgEgEfEfEgEgEgEfEfEfEgEgEgEgEfEgEfEfEgEfEfEfEgEfEgEgEfEgE-41818+9208-2238C","mapping_code":"3_75_56_484692525","state":1},{"key":"LAST","name":"LAST","code":"+9206-4550+608-498+604dEdE-1634EfEfEdEdEfEfEfEdEdEdEfEfEfEfEfEdEdEdEfEdEdEdEdEfEfEfEdEfE-41850+9208-2250+606","mapping_code":"3_71_56_484696605","state":1},{"key":"DISPLAY","name":"DISPLAY","code":"+9232-4608+606-500+604-498EfE-1634EgEgEfEfEgEgEgEfEfEf+602gEgEfHfEgEgEfEfEfEfEgEgEfEfEgEgEgEgE-41862+9206-2258C","mapping_code":"3_12_56_484651215","state":1}],"_id":"DGoDHT9AgzQFsUrh"}
