{"category":"TV","brand":"SANYO","model":"3157","type":1,"version":"1.0","create_date":1695279726105,"protocol":"SANYO","map_code":[{"key":"0","name":"0","code":"+9212-4538+602-502+600dEdEdEdEdE-1636EdE-1638EfEgEfEgEfEdEgEdEdEdEdEdE-500EdEdEfCfEgEfEgEfEfCfE-40814+9218-2244C","mapping_code":"3_0_64_50135295","state":1},{"key":"1","name":"1","code":"+9238-4562+602-504+600-500CfE-502EgEgE-1636CgEhEhChEhChE-1638EgEhEhCfEgEgEgEgEgEgEgEhEhChEhChEhChE-40788+9214-2236C","mapping_code":"3_1_64_50167935","state":1},{"key":"2","name":"2","code":"+9216-4676+630-524+600-502EfEf+602-500EfE-1636EfEiGiEiGiEiGiEfEiGfE-1638EfEfEfEfEfEfEjEfEiEjEiEjEiEjE-40834A-2272G","mapping_code":"3_2_64_50151615","state":1},{"key":"3","name":"3","code":"+9238-4536+602-502+600dEdEdEdEdE-1636EdEfCfEfCfEfCfEdEfE-1638EfCdE-500EdEdEdEdEdEdEg+598fCfEfCfEgE-40804+9218-2242+604","mapping_code":"3_3_64_50184255","state":1},{"key":"4","name":"4","code":"+9212-4532+602-504+600-500CfE-502EgEgE-1636CfChEhE-1638EhEiEhCfChEgEgEhEgEgEgEgEgEhEiEgEhEiEhEiEhE-40814+9216-2238C","mapping_code":"3_4_64_50143455","state":1},{"key":"5","name":"5","code":"+9212-4532+602-502+600dEdEdEdEdE-1636EdEfCfE-1638EfEgEfEdEgEfEdEfCdEdE-500EdEdEdEfCdEgEfEgEfCfE-40824+9218-2246C","mapping_code":"3_5_64_50176095","state":1},{"key":"6","name":"6","code":"+9212-4538+602-502+600dEdEdE-500CfC-1636EdEgE-1638EgCgEgCgEdEgCdEhEgEdEdEdEdEdEgCdEfEhEgEhEgEhE-40812+9218-2248C","mapping_code":"3_6_64_50159775","state":1},{"key":"7","name":"7","code":"+9214-4538+602-504+600-502E-500CgCgEfE-1636CfEhEhChE-1638EhEhCfEhEhChEhCfEgEfEfEfEfEfEfEhEiEhEiEhE-40820A-2234C","mapping_code":"3_7_64_50192415","state":1},{"key":"8","name":"8","code":"+9212-4558+604-516+602-500+600-502GhGhGhG-1636EfG-1638GiEiGiEiGiGhGjGh+654hGhGjGhGhGhGhGjGiGjGhGiGjGiGjG-40822+9214-2232C","mapping_code":"3_8_64_50139375","state":1},{"key":"9","name":"9","code":"+9212-4532+602-504+600-502EfE-500CgCgE-1638EfE-1636EhEiEhEiEhEfEiEhE-506+596fEiEfEfEfEfEfEiEiCfEiEiCiEiC-40806+9244-2318C","mapping_code":"3_9_64_50172015","state":1},{"key":"POWER","name":"POWER","code":"+9212-4538+602-502+600dEdEdEdEdE-1636C-500EfCfE-1638EfEhEfEdEfCdEfEdEdEfEdEdEdEfCdEhEfCdEhEfEhE-40814+9240-2270C","mapping_code":"3_18_64_50153655","state":1},{"key":"MENU","name":"MENU","code":"+9244-4552+602-504+600-500CfE-502EgEgE-1636CgEhEhChEhChE-1638EgEhEgEhChEgEhCfEiEgEhEgEgEhCgEhEgEhC-40792+9216-2278C","mapping_code":"3_86_64_50162325","state":1},{"key":"VOLUME_UP","name":"VOLUME UP","code":"+9216-4544+602-502+600dEdEdEdEdE-1636EdEfCfE-1638EfCfEfC-500EgEdEfEdEfCfEdEdEdEfChEgEdEdEfEgEfE-40848+9218-2266C","mapping_code":"3_26_64_50157735","state":1},{"key":"VOLUME_DOWN","name":"VOLUME DOWN","code":"+9214-4534+602-502+600dEdEdEdEdE-1636E-552E-1638EfCfEfCfEfC-500EhEdEfEhEfEhEdEdEdEhEdEdEdEdEfEhEfE-40814+9216-2240C","mapping_code":"3_30_64_50165895","state":1},{"key":"CHANNEL_UP","name":"CHANNEL UP","code":"+9212-4532+602-504+600-500E-502EgEgEgE-1636CfE-1638EhChEhChEhCgEiEhChEg+652-1634ChEgEgEgEgEgEhEgEgEhChEhC-40866+9218-2252C","mapping_code":"3_27_64_50190375","state":1},{"key":"CHANNEL_DOWN","name":"CHANNEL DOWN","code":"+9212-4542+602-502+600dEdEdEdEdE-1636EdEfCfE-1638EfEgEfEdEgEfCfEfEgEfC-500EdEdEdE-506+596dEdEdEfEgEfE-40822+9216-2240C","mapping_code":"3_31_64_50198535","state":1},{"key":"MUTE","name":"MUTE","code":"+9212-4538+602-502+600dEdEdEdEdE-1636EdEfCfE-1638EfEfCfEdEfCdEdEdEdEgEdEdEdEfEfCfEfCdEfEfCfE-40822+9214-2240C","mapping_code":"3_16_64_50137335","state":1},{"key":"INPUT","name":"INPUT","code":"+9244-4616+626-504+600-502EfEfEfE-500+602-1636EfEiE-1638EiHiEiHiEfEiEjEiEjEiEfEfHgEfEfEfEfEfEiEjEiEjE-40826+9216-2236H","mapping_code":"3_15_64_50196495","state":1},{"key":"REWIND","name":"REWIND","code":"+9216-4562+602-502C-500+600-1638FdFdFeC-1636FdFhChFdFhFgFhFdFgFhFdFdFhChFdFdFdFdFhFgFdFdFhFhChF-40806A-2254C","mapping_code":"3_25_68_584947815","state":1},{"key":"PLAY","name":"PLAY","code":"+9212-4576+602-514+600-502E-1636C-500EfEfEgEfEgCgEfEgCgEgCfEgEgCfEgEfEgCfEfEfEfEgCfEgEfEgCgEgC-40792+9218-2268C","mapping_code":"3_21_68_584951895","state":1},{"key":"STOP","name":"STOP","code":"+9216-4570+602-502C-500+600-1636CdFdFeCgFdFgCgFdFgF-1638FgFdFgCdFdFhFdFgCeFdFdFhFgFdFgC-504+598hFgFhF-40792+9190-2240+604","mapping_code":"3_20_68_584919255","state":1},{"key":"FAST_FORWARD","name":"FAST FORWARD","code":"+9212-4548+604-506+600-502E-1636+602fE-500HiHgEfEgE-1638EfEgEjEgEfEjEgEjEfEfEgEfEfEfEfEfEgEgHfEgEgHgE-40814+9216-2232H","mapping_code":"3_19_68_584960055","state":1},{"key":"INFO","name":"INFO","code":"+9212-4558+580-550+600-502EfEfEfEfE-1636EfEg+602gEgHgE-1638EgEfEgHfEfEiEgHgEfEfEfEgHgHfEfEfEgEgHgE-40822+9218-2244H","mapping_code":"3_28_64_50149575","state":1},{"key":"SLEEP","name":"SLEEP","code":"+9216-4574+602-506+600-502EfEfEfEfE-1636EfE-1638EgEhEgEgCgEfEgCgEfEgCfEgEfEfEfEfEgEfEgCfEgEgCgE-40792+9218-2264C","mapping_code":"3_21_64_50178135","state":1},{"key":"EXIT","name":"EXIT","code":"+9212-4538+602-502+600dEdEdEdE-500C-1636EdE-1640+598gCgCgEgCgEdEgC-512EdEdEgE-1638EdEgEdEkEgEkEdEdEgEdEgC-40818+9214-2232+604","mapping_code":"3_88_64_50141925","state":1},{"key":"LAST","name":"LAST","code":"+9242-4598+604-508+600-502EfEfEfEfE-1638EfE-1636EgEhEgEhEgEfEhEgEhEfEgEfEfEfEfEfEfEgEfEhEh+602hEhI-40792+9192-2248I","mapping_code":"3_11_64_50188335","state":1},{"key":"RECORD","name":"RECORD","code":"+9212-4534+602-502+600dE-1636EdEdEdEfCdE-1638+598fCdEfEfCfEdEf+604-498EdEdEfCfEdEdEdEfEgEfEdEdEfCfEgE-40820+9216-2238C","mapping_code":"3_24_68_584915175","state":1},{"key":"PAUSE","name":"PAUSE","code":"+9216-4542+602-504+600-502E-1636EfEfEfEgC-500E-1638EgChEiEgEiEfEgE-508EfEfEfEgCfEfEfEiEgEgCgEfEgCgEiE-40812A-2234C","mapping_code":"3_16_68_584911095","state":1},{"key":"ENTER","name":"ENTER","code":"+9212-4534+602-502+600dEdEdEdEdE-1636EdEfCfEfCfEfE-1638EdEfEgEfEgEdEgEdEdEdEdEdEdEfEdEgEfEg+628-40808+9214-2236C","mapping_code":"3_23_64_50194455","state":1}],"_id":"VIHvaY5DevCTCTSl"}
