{"category":"STB","brand":"FPT","model":"WH210308E","type":1,"version":"1.0","create_date":1689653614174,"protocol":"FPT","map_code":[{"key":"0","name":"0","code":"+9000-4484+564-562+542d+544-560E-1668CdEdEgEdE-1670CiCiCdEh+566hJhJiCgEdEgFgFhCdEgFgE-1674DhJhJhJgFh+568-1666LmJ-40502+9006-2218L","mapping_code":"3_16_8_284100855","state":1},{"key":"1","name":"1","code":"+8992-4478+568-558+546-556Ef+548-1664CdEdEfGfE-1666+570hCiCfGiCiCiChCiC-534JkC-536CiCkCl+566lCkJhCiM-1668M-538Mn+564-1670MnM","mapping_code":"3_17_8_284133495","state":1},{"key":"2","name":"2","code":"+8990-4480+568-560+544dEd+542-1668+566-564+538-562FdFkFgHgH-1666HkFgHgI-1670HlHkFgIkFkFgHdFk+540kFgHkFgClIi+518-1692HlHgH-40500+9004-2222I","mapping_code":"3_18_8_284117175","state":1},{"key":"3","name":"3","code":"+8988-4482+566-562+540-564+542dE-1670FdGdEdEdGhFhFhD-544+560hFhE-1696D-1672DhFlDeFeDlDgDeDgDgDeFlDlDeDlDlDlD-40504+8978-2248E","mapping_code":"3_19_8_284149815","state":1},{"key":"4","name":"4","code":"+9002-4480+566-562+542-540+564-538G-1668C-536CjChChCiG-1670GiChCiGkGiCkGhGfGkGfGkDfGhGfD-1672DkGfGl+546-556F-1694FoHoH","mapping_code":"3_20_8_284109015","state":1},{"key":"5","name":"5","code":"+9002-4480+566-562+542-560EdC-1644CdEdEdEfE-1668Ch+564-1670IdEhChChIhChIiEhIi+540hCiKiKdKeF-1672KdDjI-538IjIjIjI","mapping_code":"3_21_8_284141655","state":1},{"key":"6","name":"6","code":"+8988-4482+564c+540-562+542eF-1668CcDeFeDeD-1670+566gChCc+538hChChChCjIgChCjChCdCjCjC-1672EdCdEkEdEkEkEkE-40504+8978-2246E","mapping_code":"3_22_8_284125335","state":1},{"key":"7","name":"7","code":"+9002-4482+566-560+544-558EfE-1670+564dEdEdEf+546-1666C-1668HgCfEkCkHgCkCgHkCkH-538HgHlH-540HmHm+562mHmHgN-542N-1672NpNpN","mapping_code":"3_23_8_284157975","state":1},{"key":"8","name":"8","code":"+9002-4482+564-562+542dE-560+540-1670CdEdEdGdGhChChC-544FhChChDhDgCgCgC-1672DjDgFiDgDjDjDjDgDeDjDjDjD","mapping_code":"3_24_8_284104935","state":1},{"key":"9","name":"9","code":"+9002-4482+566-562+542d+540-564F-1670GdEdFdEdFhGhG-1668CdFiChGiGhChG-538CjGhGhGjGfGfGjGhD-1672DfGfDkDhDkD-40506A-2222G","mapping_code":"3_25_8_284137575","state":1},{"key":"POWER","name":"POWER","code":"+9024-4458+588-538+566dEd+546-1664CdEdEdEd+564-1646C-1644Ci+590dEjKj+568-1666CiK-536EiCdHiCdEdLnEdEiCdEiKnEiE-1668CiKjC","mapping_code":"3_10_8_284119215","state":1},{"key":"BACK","name":"BACK","code":"+8986-4502+542-560+544dC-562+520-1712+518-586IjI-584IjI-1716IlIlI-568+536lIlIlG-1698N-566+538pC-1692+556-1678+540-1694DcDcDe+552-1684D-1672FcFcFcFyFyFyF","mapping_code":"3_28_8_284113095","state":1},{"key":"HOME","name":"HOME","code":"+8976-4506+542-560+544dC-562C-1692CdCfCdEfC-1690CgEhCf+520-1714Ij+526-1708IjI-582I-584Ij+518jInIn+538-548DePjEhCe+536-566RjEhO-1716Ot+524-40524+9004-2222+564","mapping_code":"3_12_8_284111055","state":1},{"key":"MENU","name":"MENU","code":"+9002-4478+570-556+546dE-558E-1664CdEfEdEfE-1666Ch+566h+568fE-1670+564-1668JgChJ-560+544hJhJfOn+542hJhJnOgJnPnOhJhJnOnOhI","mapping_code":"3_102_8_284124825","state":1},{"key":"UP","name":"UP","code":"+8992-4478+568-560+544d+542dE-1666+566-562FiFdEdEgHgH-1668CdEjC-1664H-1670HjHiFdEdEdEdEdFdFdFgCjHgHjCjHgHgCjH","mapping_code":"3_0_8_284098815","state":1},{"key":"DOWN","name":"DOWN","code":"+9004-4478+570-556+546dEd+548-1664CdFdEdFdFgC-1666Ch+568dEhIhIgCgIhI-534IjCjIjIjI-536IjIjIhIhIhIhIhIhIhI","mapping_code":"3_1_8_284131455","state":1},{"key":"LEFT","name":"LEFT","code":"+8994-4480+566-560+544dE-558E-1670+564d+546fIfIfI-1666+568jKjK-556IjKjKjKjK-1664+570jK-534KoNoNoNoKoKoNoNmNmKjKjKjKjC-40500+9008-2218C","mapping_code":"3_3_8_284147775","state":1},{"key":"RIGHT","name":"RIGHT","code":"+8992-4482+566-562+540d+542dE-1668CdFdEdFdE-1670+564hIhCd+538hIhIgChIeDhIeDeDeIeIjIeIhIeI-1672DkDkDkDkDkD","mapping_code":"3_2_8_284115135","state":1},{"key":"ENTER","name":"ENTER","code":"+8990-4482+568-558+544d+546dF-1666+570-556E-560FdFd+548-1664Cg+566gCdFgCgClCgClCgCgCgClHiFdKiFiFiFiKiFiKgClClH","mapping_code":"3_31_8_284162055","state":1},{"key":"VOLUME_UP","name":"VOLUME UP","code":"+8992-4478+568-560+544dEd+542-1668+566dFdEdF-562F-1666CjCgH-558E-1670+564gHgMgM-538MnHnMlI-1672I-540MoIpMlMoIoIpIpIoIfIoI","mapping_code":"3_88_8_284105445","state":1},{"key":"VOLUME_DOWN","name":"VOLUME DOWN","code":"+9002-4482+566-562+540dEd+542-1668+564hEhEdEdFgCgC-1666CdE-1670HgHgCjHjHdFgHjHgCdEjHdFdEjHdEdEdEjCdEjH-40502A-2224H","mapping_code":"3_93_8_284146245","state":1},{"key":"MUTE","name":"MUTE","code":"+8994-4478+566-562+542-560+544fG-1668CfEfEfGfGhC-1666+568hCfGiCiJhCiJhCfGhCiJfGfGfGfEfEiJfGfGiJiCiChJ-40498+9008-2218J","mapping_code":"3_13_8_284143695","state":1},{"key":"CHANNEL_UP","name":"CHANNEL UP","code":"+8990-4480+566-560+544dEdE-1668+564dEdEdEdE-1666CfCfCdEfCfG-1670GiGdEfGdEhCfCdEfC-558+542iGdEfG-562KdEiG-540GfG","mapping_code":"3_90_8_284121765","state":1},{"key":"CHANNEL_DOWN","name":"CHANNEL DOWN","code":"+8988-4480+566-562+544-560Ef+542-1670CfGfEfE-558E-1668+564jCjCfEjCjCjCjCjCjCjKhKhKdGhCiEfEfEfGfEfEjCfEjK","mapping_code":"3_95_8_284162565","state":1}],"_id":"H8R96YmE0vDC4l9Z"}
