{"category":"TV","brand":"HITACHI","model":"3277","type":1,"version":"1.0","create_date":1695265027203,"protocol":"HITACHI","map_code":[{"key":"0","name":"0","code":"+9184-4512+610-494+606-492EfEfE-1622EfE-1620+608fEgEgEgIgEfEgEfEgEfEfEgEgEfEfEfEfEgEgEfEfEgEgEgIhI-42188+9186-2222I","mapping_code":"3_12_80_183840975","state":1},{"key":"1","name":"1","code":"+9184-4532+610-494+606-492EfEfE-1622+608fEgEfEgEgEgEgEfEgEfEgEgHfEgEgEfEfEfEfEfE-1620HfEfEgEgEgEgE-42202A-2236E","mapping_code":"3_13_80_183873615","state":1},{"key":"2","name":"2","code":"+9184-4508+608-492+606dEdEdE-1620CdE-1622EdEgEgEgEgCdEgEdEfCdEgEgEfEdEdEdEdEgCdEdEdEgEgEgEgC-42200A-2234+610","mapping_code":"3_14_80_183857295","state":1},{"key":"3","name":"3","code":"+9208-4506+610-494+606-492EfEfE-1622EfEgEfEgEg+608-1620HiHfEgEfEgEgEgEgEgEfEfEfEfEfEfEfEfEgHiHiHiH-42204+9210-2216E","mapping_code":"3_15_80_183889935","state":1},{"key":"4","name":"4","code":"+9182-4542+608-500+606-492EfEfE-1620CfE-1622EfEgChEhEhEfEgCfEhEfEfEhEhEhCfEfEfEhEhEfEfEfEhEhEhE-42146+9156-2232C","mapping_code":"3_28_80_183843015","state":1},{"key":"5","name":"5","code":"+9184-4556+610-502+608-492+606fEfG-1622GfGhEfGhGhE-1620EiEfGhGfGhGhGfGhGhEhGfGfGfGfGiE-496+602fGfGhGhEiE-42142+9186-2246E","mapping_code":"3_29_80_183875655","state":1},{"key":"6","name":"6","code":"+9208-4506+610-494C-490+606-492FgF-1620+608gF-1622FgFjFjFjFjFgFjFgFjFgFjFjFjFjIgFgFgFjFgFgFgFgFjFjFjF-42142+9182-2210I","mapping_code":"3_30_80_183859335","state":1},{"key":"7","name":"7","code":"+9208-4510+608-494+606-492CfEfE-1622CfEgEfE-1620CgEgEgEfEhCfEgEgEgEgChCgEfEfEfEfEfEfEfEfEhCgEgE-42196+9218-2264C","mapping_code":"3_31_80_183891975","state":1},{"key":"8","name":"8","code":"+9184-4528+610-502+606-492EfEfE-1622+608fEgEfEgEgEgEgEfEgEfEgHfEfH-1620EfEfEfEfEfEgEgEfEiHgEgEgEgE-42188+9210-2222C","mapping_code":"3_4_80_183836895","state":1},{"key":"9","name":"9","code":"+9212-4550+610-498+606-492EfEfE-1622Ef+608-1620HfEgEgEgHiHfEgEfEiHgEfEgHfEfEfEfEfEfEgEfEgEgEgEgEgH-42116+9186-2234C","mapping_code":"3_5_80_183869535","state":1},{"key":"INPUT","name":"INPUT","code":"+9172-4510+608-492+606dEdEdE-1622EdEfEdEfEfEfEfEdEfEdE-1620CgCdEdEfEdEdEdEdEdEfEfCdEfEfEfEfE-42188+9182-2214C","mapping_code":"3_9_80_183865455","state":1},{"key":"INFO","name":"INFO","code":"+9186-4514+608-494+606-492EfEfE-1620CfE-1622EfEhEhEhEhEfEhEfEhEfEfEfEfEhCfEfEfEhEhEhEhCfEhEhEhE-42190A-2214+610","mapping_code":"3_16_80_183830775","state":1},{"key":"SLEEP","name":"SLEEP","code":"+9208-4510+608-494+606-492EfEfE-1622EfEgEfEgC-1620ChCgEfEgEfEgEgEfEfEfEhCfEfEfCfEgCgEgEfEgEgCgE-42204+9210-2214+610","mapping_code":"3_17_80_183863415","state":1},{"key":"EXIT","name":"EXIT","code":"+9184-4512+610-496+606-492EfEfE-1622EfEgEfEg+608-1620HiHgEfEgHfEgEfEfEgEfEfEgEgEfEgEgEfEiHgEfEfEgE-42192+9186-2228H","mapping_code":"3_100_80_183838425","state":1},{"key":"LAST","name":"LAST","code":"+9208-4512+608-494+610-506+606-492GhG-1622GhGiGhGiC-1620CjCiGhGiGhGiGhGjChGiGhGhChGhGiGhGiGhGiCjCiGiG-42182+9212-2238E","mapping_code":"3_10_80_183849135","state":1},{"key":"RECORD","name":"RECORD","code":"+9182-4528+606-492CdCdCdC-1622+608dCeCdC-1620FeCeCeCdCeFdCeCdCdCdCe+610-1618FdCeCdCeCeCeCdCdCeCdCeC-42180+9212-2238H","mapping_code":"3_88_80_183835365","state":1},{"key":"RED","name":"RED","code":"+9184-4512+608-494+606-492EfEfE-1620CfE-1622EfEhEhEhEhEfEhEfEhEfEfEfEhEfEfEhEfEgChEhEfEhCgCfEhE-42202+9186-2230C","mapping_code":"3_72_80_183833325","state":1},{"key":"GREEN","name":"GREEN","code":"+9206-4578+632-496+606-492EfEfE-1622EfEg+608fEgEgEgEgEfEgEfE-1620HgEfEgEfEfEfEgEfEfEgEfEiHiHgEfEgE-42120+9186-2252H","mapping_code":"3_69_80_183870045","state":1},{"key":"BLUE","name":"BLUE","code":"+9206-4504+610-494+606-492EfEfE-1622+608fEgEfEgHgEgEgEfEgHfEgEgEgEgHfEfEfEgEfEfEfEfEgEgEgEfEgE-42202+9184-2236E","mapping_code":"3_71_80_183886365","state":1},{"key":"YELLOW","name":"YELLOW","code":"+9184-4522+606-492CdCdCdC-1622CdCeCdCeCe+608-1620FeCdCeCdCeCdCgFgFdCdCdCeCdCeCdCdCeCeCeCdCeC-42198+9186-2224+610","mapping_code":"3_70_80_183853725","state":1},{"key":"PICTURE_MODE","name":"PICTURE MODE","code":"+9208-4506+608-492+606dEdEdE-1622Cd+610-1618EdE-1620CfEfEfEdEfCdEfEdCiEfEfEfEdEfEdEfCdEdEdEdEfCdEfE-42156+9186-2234G","mapping_code":"3_94_80_183859845","state":1},{"key":"POWER","name":"POWER","code":"+9208-4552+608-518+606-492EfEfE-1622EfEgEfEgEgEgEgEfEgEfEgC-1620CgEgEfEgCfEfEfEfEfEfEgCfEgEgEgE-42130+9186-2236+610","mapping_code":"3_23_80_183887895","state":1},{"key":"VOLUME_UP","name":"VOLUME UP","code":"+9186-4510+610-494+608-492+606fEfG-1622GfG-1620EfGhEiEiEiEfGhGfGiEfEiEfGfEiEfGfEfGhGfGiEiEfGhEiEiE-42198+9210-2214E","mapping_code":"3_18_80_183847095","state":1},{"key":"VOLUME_DOWN","name":"VOLUME DOWN","code":"+9186-4514+636-502+606-492+608fEfG-1620GfE-1622EfEhGhGhGhGfGhGfEiEiEfEiEfEiGfEfEfEfEhGfGhEfEhGiEiE-42190+9212-2234+610","mapping_code":"3_21_80_183871575","state":1},{"key":"CHANNEL_UP","name":"CHANNEL UP","code":"+9170-4532+610-496+606-492+608fEfG-1620GfE-1622EfEhGhGhGiEfEhGfEiEiGfEfEiGhGfEfGfEfEhGhGfEfEhGiEiE-42170+9186-2230C","mapping_code":"3_25_80_183867495","state":1},{"key":"CHANNEL_DOWN","name":"CHANNEL DOWN","code":"+9184-4524+610-494+608-492+606fGfG-1622GfG-1620EfEiEiEiEiEfGhEfGiEfGfGfGiEiEfGfGfGhGhEiEfGfGiEiEiE-42200A-2228C","mapping_code":"3_24_80_183834855","state":1},{"key":"MENU","name":"MENU","code":"+9238-4556+610-494+606-492+608fEfG-1620GfE-1622EfGhGhGhGiEfGhGfEiEiEiGfEfGhGfEiEfEfEfEhGhGfEiGfEiE-42128+9186-2234G","mapping_code":"3_83_80_183880245","state":1},{"key":"UP","name":"UP","code":"+9236-4528+610-492+608d+606dFdF-1622FdF-1620EdEhEhEhEhEdEhEdFgFdFdFdFdFgFgFgEdFgFgFgFgEdFdFdFgF-42154+9186-2230C","mapping_code":"3_112_80_183832305","state":1},{"key":"DOWN","name":"DOWN","code":"+9294-4522+610-494+606-492+608fEfE-1622GfE-1620GfEhGiGiGiGfGiGfEhEhEfEfEfEiGiGhEfEfEhEhEhEfEfGfEhE-42202+9210-2212G","mapping_code":"3_113_80_183864945","state":1},{"key":"LEFT","name":"LEFT","code":"+9230-4528+610-494+606-492+608fEfG-1620GfE-1622EfEhGhGhGiEfEhGfGhGhGhGfEfEhGiEiEfGfEfEhGhGfEfEfEiE-42130+9186-2240G","mapping_code":"3_115_80_183881265","state":1},{"key":"RIGHT","name":"RIGHT","code":"+9206-4506+610-494+606-512E-492+608gE-1620HgHiHgE-1622EjHiHiHgEjEgEiHgHiHgEgEjHiHiHgEjE-496+602iHjEgEgEgHiH-42130+9186-2228C","mapping_code":"3_114_80_183848625","state":1},{"key":"ENTER","name":"ENTER","code":"+9238-4550+610-492+608d+606dEdF-1620EdEgEdF-1622FhEgEgEdFhFdFgEgEhFdEdFhFhEdFdFdFdFhEgEdFdFgEgE-42136+9186-2228C","mapping_code":"3_51_80_183880755","state":1},{"key":"MUTE","name":"MUTE","code":"+9184-4518+610-492+608d+606dEdF-1620EdEgEdF-1622FgEgEgEdFhFdFgEgEhFdEgE-496+602dFdFdEdFdEgEdFhFhEgEgE-42118+9210-2234C","mapping_code":"3_11_80_183881775","state":1}],"_id":"GvQk9jNY9XmMfvy4"}
