{"category":"TV","brand":"JVC","model":"12007","type":1,"version":"1.0","create_date":1695280874066,"protocol":"JVC","map_code":[{"key":"POWER","name":"POWER","code":"+8582-4260+574-1528+572-1526C-474E-472ChEgEgEgEfCfEfEgEfEgEgEgE","mapping_code":"6_23_3_49384","state":1},{"key":"MENU","name":"MENU","code":"+8580-4208+576-1526+574d+572-474FgFgFgFgF-472FgFdEgFdFdEdFdFgF","mapping_code":"6_122_3_49246","state":1},{"key":"VOLUME_UP","name":"VOLUME UP","code":"+8580-4208+576-1526+574d+572-474FgFgFgFgFgF-472EdFdEdFdFgFgFgF","mapping_code":"6_30_3_49272","state":1},{"key":"VOLUME_DOWN","name":"VOLUME DOWN","code":"+8580-4208+574-1528+572-1526E-474EgEgEgEgE-472EfEfEfEfEfEgEgEgE","mapping_code":"6_31_3_49400","state":1},{"key":"CHANNEL_UP","name":"CHANNEL UP","code":"+8578-4204+574-1526Cd+572-474EfEfEfEfEfEdEfEfEdEdEfEfEfE","mapping_code":"6_25_3_49304","state":1},{"key":"CHANNEL_DOWN","name":"CHANNEL DOWN","code":"+8582-4210+574-1528+572-1526C-474E-472ChEgEgEgEgEgEgEfEfEgEgEgE","mapping_code":"6_24_3_49176","state":1},{"key":"MUTE","name":"MUTE","code":"+8580-4208+576-1534+572-1526+574-472GhE-474EiEiEiEiEiEfEfEfEiEiEiE","mapping_code":"6_28_3_49208","state":1},{"key":"INPUT","name":"INPUT","code":"+8580-4212+574-1528+572-1526C-474E-472ChEgEgEgEfCfEgEgEfEgEgEgE","mapping_code":"6_19_3_49352","state":1},{"key":"REWIND","name":"REWIND","code":"+8580-4206+574-1526Cd+572-474EfEfEfEfEfEdEdCfEd+578-1520CfEdEfE","mapping_code":"6_91_3_49370","state":1},{"key":"SLEEP","name":"SLEEP","code":"+8578-4208+574-1528+572-1526E-474EgEgE-472CgEgEfCfEgEgEgEgEgEgE","mapping_code":"6_3_3_49344","state":1},{"key":"EXIT","name":"EXIT","code":"+8610-4212+574-1528+572-1526C-472E-474EhEhEhEhEhEfEfEhEhEfEfCfE","mapping_code":"6_230_3_49255","state":1},{"key":"LAST","name":"LAST","code":"+8584-4222+574-1528C-1524C-474+572fG-472ChChGfG-1526CfGiGfGfGfGfGfG","mapping_code":"6_5_3_49312","state":1},{"key":"DISPLAY","name":"DISPLAY","code":"+8584-4254+574-1528+572-1526C-474E-472ChChEgEgEgEgEfChEgEgEgEgE","mapping_code":"6_4_3_49184","state":1},{"key":"RED","name":"RED","code":"+8580-4202+574-1528+572-1526C-474E-472ChEgEgEgEgEgEfEfEfCfEfChC","mapping_code":"6_124_3_49214","state":1},{"key":"BLUE","name":"BLUE","code":"+8584-4220+574-1528+572-1526C-474EgE-472ChEgEgEgEfChCfEfChEfEgE","mapping_code":"6_90_3_49242","state":1},{"key":"YELLOW","name":"YELLOW","code":"+8582-4210+574-1528+572-1526C-472E-474EhEhEhEhEfCfEhEfEfCfEfChE","mapping_code":"6_123_3_49374","state":1},{"key":"PICTURE_MODE","name":"PICTURE MODE","code":"+8580-4208+576-1526+574d+572-474FgFgF-472EhEhFdFgFgFdFdEdFdEgF","mapping_code":"6_121_3_49310","state":1},{"key":"SOUND_MODE","name":"SOUND MODE","code":"+8742-4216+570-1526+574d+572-474FgFgFgFgFgFgF-472FdFgFdFdFgFdE","mapping_code":"6_180_3_49197","state":1},{"key":"GUIDE","name":"GUIDE","code":"+9190-4554+600-500C-498CeCeCe+598dF-1632CeC-1630CgChChChCgCeChCgCeChCdFeCeCeCeCeFgCeCgChCgChCgC-40492A-2228+602","mapping_code":"3_5_64_50176095","state":1}],"_id":"9653mdq23R7FwLSF"}
