{"category":"TV","brand":"PHILIPS","model":"1877","type":1,"version":"1.0","create_date":1695201675803,"protocol":"PHILIPS","map_code":[{"key":"0","name":"0","code":"+4606-4542+600-500+598-1632CfCfC-498EdEdEdEdEfCfCfEdEdEdEdEfCgCgCfEdEdEdEdEdEfCfEdEfCfCfEfC-48562+4634-4546C-1634C","mapping_code":"7_9_14_1886425199","state":1},{"key":"2","name":"2","code":"+4604-4556+602-506+598-1632+600fEfG-500EhEhEhEhEfC-1630EfGhEhEhE-498GfEhEhEhEhEhEhEhEhEfGfGfEfGfEfEfG-48558+4634-4550G-1634G","mapping_code":"7_1_14_1886421119","state":1},{"key":"3","name":"3","code":"+4632-4540+602-504+598-1632Ef+600fE-500EhEhEhEhEfEfGfEhEhEhEhEhEfEhEhEhEhEhEhEfG-498EfGfEfGfEfGfE-48544+4634-4530G-1638G","mapping_code":"7_2_14_1886404799","state":1},{"key":"5","name":"5","code":"+4896-4602+602-504+598-1632EfEfE-500EgEgEgEgEfEfEf+600gEgEgEgEgEgEfEgEgEgEgEgEfEfEgEfHfEfEfEfE-48562+4660-4550H-1634E","mapping_code":"7_4_14_1886396639","state":1},{"key":"6","name":"6","code":"+4606-4538+600-502+598-1632EfEfE-500EgEgEgEgEfEfEfEgEgEgEgEfEgEfEgEgEgEgEgEgEfEgEfEfEfEfEfE-48552+4632bC-1634E","mapping_code":"7_5_14_1886429279","state":1},{"key":"7","name":"7","code":"+4606-4546+600-506+598-1632EfEfC-500EgEgEgEgEfEfEfCgEgEgEgEgEfEfCgEgEgEgEgEfEgC-498EfEfEfEfEfE-48558+4632-4538C-1634E","mapping_code":"7_6_14_1886412959","state":1},{"key":"8","name":"8","code":"+4604-4568+600-522+598-1632CfEfE-500EgEgEgEgEfEfEfCgEgEgEgEfEfEfEgEgEgEgEgEgEgEgEfEfCfEfEfC-48556+4634bC-1634C","mapping_code":"7_7_14_1886445599","state":1},{"key":"9","name":"9","code":"+4606-4536+600-500+598-1632EfCfE-544EdEdEdEdEfEfEfCdEdEdEdEdEdEdEfEdEdEdEdEfEfEfEdEfEfEfEfE-48560+4654-4566+602-1646E","mapping_code":"7_8_14_1886392559","state":1},{"key":"POWER","name":"POWER","code":"+4606-4536+600-502+598-1632EfEfE-500EgEgEgEgEfEfEfCgEgEgEgEfEfEgEfEgEgEgEgEgEgEfEgEfCfEfEfE-48568+4632-4542C-1634E","mapping_code":"7_11_14_1886441519","state":1},{"key":"MENU","name":"MENU","code":"+4606-4570+600-510+598-1632CfEfE-500E-498EgEgEgEfCfEfCgEgEgEgEgEgEfCfEfEgEgEgEfEfEgEgEgEfCfEfC-48568+4658-4558+602-1636E","mapping_code":"7_28_14_1886402759","state":1},{"key":"VOLUME_UP","name":"VOLUME UP","code":"+4606-4542+600-502+598-1632EfEfE-500EgEgEgEgEfEfCfEgEgEgEgEfEfEgEgEfEgEgEgEgEgEfEfEgEfEfEfE-48570+4632-5602+602-1712E","mapping_code":"7_19_14_1886439479","state":1},{"key":"VOLUME_DOWN","name":"VOLUME DOWN","code":"+4602-4542+600-502+598-1632EfEfC-500EgEgEgEgEfEfEfC-498EgEgEgEgEfEgEgEfEgEgEgEfEgEfEfEgEfEfEfE-48554+4634-4540C-1634E","mapping_code":"7_18_14_1886406839","state":1},{"key":"CHANNEL_UP","name":"CHANNEL UP","code":"+5002-4552+600-502+598-1632EfEfE-500EgEgEgEgEfEfEfEgEgEgE-504+594fEgEgEgEfEgEgEgEgEfEfEfEgEfEfEfE-48542+4760-4612+602-1638E","mapping_code":"7_17_14_1886423159","state":1},{"key":"CHANNEL_DOWN","name":"CHANNEL DOWN","code":"+4606-4536+600-500+598-1632EfEfEdEdEdEdEdEfEfEfEdEdEdEdEdEdEdEdEfEdEdEdEfEfEfEfEdEfEfEfE-48626+4686-4614+626-1638C","mapping_code":"7_16_14_1886390519","state":1},{"key":"MUTE","name":"MUTE","code":"+4606-4548+600-508+598-1632EfEfE-500EgEgEgEgEfCfEfEgEgEgEgEgEgEfCgEfEgEgEgEfEfEgEfEgEfCfEfE-48572+4634-4534C-1634E","mapping_code":"7_20_14_1886398679","state":1},{"key":"INPUT","name":"INPUT","code":"+4606-4546+602-506+598-1632EfEfE-500EgEgEgEgEfEfEfEgEgEgEgEfEfEfEfEgEgEgEgEgEgEgEgEfEfEfEfE-48568+4632-4536+600-1634E","mapping_code":"7_15_14_1886449679","state":1},{"key":"SLEEP","name":"SLEEP","code":"+4654-4592+624-510+598-1632EfEfE-500EgEgEgEgEfEfEfEgE-498+600gEgEfEgEfEgEfEgEgEgEgEfEgEfEgEfEfEfE-48568+4632-4536I-1634E","mapping_code":"7_21_14_1886431319","state":1},{"key":"DISPLAY","name":"DISPLAY","code":"+4606-4538+600-500+598-1632EfEfEdEdEdEdEdEfCfEfEdEdEdEdEdEfEfEdEfCdEdEdEfEdEdEfEdEfEfEfE-48564+4632-4570+602-1650C","mapping_code":"7_22_14_1886414999","state":1},{"key":"ENTER","name":"ENTER","code":"+4632-4548+600-502+598-1632CfEfE-500EgEgEgEgEfEfEfEgEgEgEgEfEgEfEfCfEgEgC-498EgEfCgEgEgEfEfEfC-48548+4686-4584+602-1636E","mapping_code":"7_29_14_1886435399","state":1},{"key":"1","name":"1","code":"+4632-4552+600-500+598-1632EfEfEdEdE-498EdCgEfEfEfEdEdEdEdEdEdEdEdEdEdEdEdEfEfEfEfEfEfC-1630EfE-48566A-4558C-1634E","mapping_code":"7_0_14_1886388479","state":1},{"key":"4","name":"4","code":"+4630-4534+602-504+598-1632+600fEfG-500EhEhEhEhEfGfEfGhEhEhEhEfEfEhEhEhEhEhEhEhEhEfEfGfEfGfEfG-48542+4632-4544C-1640E","mapping_code":"7_3_14_1886437439","state":1},{"key":"LAST","name":"LAST","code":"+4602-4562+600-500+598-1632EfEfEdEdEdEd+602-496EfEfCfEdEdEdEdEdEfEdEdEfEdEfEfEfEdEfEfEdEfEdEdE-48542+4634-4544G-1636C","mapping_code":"7_210_14_1886407604","state":1},{"key":"TV","name":"TV","code":"+4606-4536+600-500C-1632+598eCeFdF-504FdFdFdFeFeFeCdFdFdFdFdFdFeFeFdFdFdFdFeFeFdFdFeFeFeFeC-48572+4682-4598+622-1638F","mapping_code":"7_12_14_1886400719","state":1}],"_id":"D45A8jQoHdNllZoA"}
