{"category":"TV","brand":"PHILIPS","model":"2677","type":1,"version":"1.0","create_date":1695200122745,"protocol":"PHILIPS","map_code":[{"key":"0","name":"0","code":"+4606-4536+602-500+598-1632+600fG-1630GfG-498GiGdEiGfGhGfGfEdEdEdEdEdEdEdEdEdEdEdEfGfEfGfGfEfGfGfE-46286+4632-4532G-1634G","mapping_code":"7_0_30_2021130495","state":1},{"key":"1","name":"1","code":"+4602-4554+600-502+598-1632C-1630CfCfC-498ChChE-500CgCfCfCgCiEiEiEfChChChChEiEiEiChEfCfCfEfCfCfEfC-46292+4656-4546C-1634C","mapping_code":"7_1_30_2021163135","state":1},{"key":"2","name":"2","code":"+4606-4542+600-500C-1632C-1630CeCe+598dGdGdGdGeCeCfCeC-498ChChChCeGdGdGdGdGdGdGeCdGeCfCeCeCfCeC-46288+4654-4534C-1634G","mapping_code":"7_2_30_2021146815","state":1},{"key":"3","name":"3","code":"+4606-4542+600-502+598-1632C-1630CfCfC-498ChChE-500CgCfCfEfCiEiEiEfCfEiEiEiEiEiEiEiEiEfCfEfCfCfEfC-46324+4634-4530+602fC","mapping_code":"7_3_30_2021179455","state":1},{"key":"4","name":"4","code":"+4604-4562+600-502+598-1632C-1630CfCfC-498ChChE-500CgCfCfCgCiEiEiEiEhCfChChEiChEiCgCfChCfEfCfCfEfC-46314+4632-4534+602fC","mapping_code":"7_4_30_2021138655","state":1},{"key":"5","name":"5","code":"+4606-4546+602-506+600-1632E-1630EfEfE-498+598-500IjIjIfEfEgEfEhEhEhEfEhEgEjIjIjIjIjIjIfEhEgEfEfEgEfE-46300+4634-4570CfE","mapping_code":"7_5_30_2021171295","state":1},{"key":"6","name":"6","code":"+4632-4542+602-500+600-1630E-1632EgEfEd+598dHdHdHgEfEgEgE-498EiEiEiEfEgEdHiEiEiEiEgEiHdHgEgEgHgEgE-46298A-4554E-1634E","mapping_code":"7_6_30_2021154975","state":1},{"key":"7","name":"7","code":"+4606-4552+602-500+600-1630E-1632EgEfEd+598dH-498EdHgEfEgEgEiEiHdEfEgEgHdHdHdHdHdHdHdHdHgEgHgEgEgH-46290+4628-4532C-1640E","mapping_code":"7_7_30_2021187615","state":1},{"key":"8","name":"8","code":"+4606-4552+602-514+600-1630E-1632EgEfE-500+598hIhIhIgEgIgEgE-498EjEjEjEjEjEfEhIhIhIhIgEgEfEhIgEgIgEgE-46286+4630-4530EgE","mapping_code":"7_8_30_2021134575","state":1},{"key":"9","name":"9","code":"+4630-4534+602-514+598-1632+600fG-1630GfG-498GiGiGiGfGhGfGfGiE-500EjEfGjEjEfGiGiGiGiGiGhGfGiGfGhGfGhG-46302+4634-4554G-1634G","mapping_code":"7_9_30_2021167215","state":1},{"key":"POWER","name":"POWER","code":"+4604-4560+602-514+600-1630E-1632EgEfE-500+598hIhIhEfEgEfEgE-498EjEjEjEjEfEgEjEjEjEjEgIgEhIhIgEgIgEgE-46292+4634-4540CgE","mapping_code":"7_12_30_2021142735","state":1},{"key":"MENU","name":"MENU","code":"+4606-4536+600-500C-1632C-1630CeCeC-498CgCgCgCfCeCfCeCd+598dHdHdHdHgCdHeHdHdHdHeCeCeHeCdHeCfCeC-46296+4632-4532CeC","mapping_code":"7_16_30_2021132535","state":1},{"key":"VOLUME_UP","name":"VOLUME UP","code":"+4610-4536+602-500+600-1630E-1632EgEfEd+598dHdHdHgEgHgEgE-498HdEiEfEgEdHiEgEiHdHdEiHdHgEgEiEfEgEgE-46304+4634-4550C-1646E","mapping_code":"7_19_30_2021181495","state":1},{"key":"VOLUME_DOWN","name":"VOLUME DOWN","code":"+4632-4554+602-508+598-1632+600fG-1630GfG-498GiGiGiGfGhGfGhG-500EjEjEjEjEfGiGfEjEjEjEfGfGiGfEjEfGfGhG-46282+4712-4608GfG","mapping_code":"7_20_30_2021140695","state":1},{"key":"CHANNEL_UP","name":"CHANNEL UP","code":"+4606-4552+602-504+600-1630E-1632EgEfE-500+598hIhIhIgEgEfEgE-498EjIhEfEhIhIhIgEjEhId+594jEgEfEgEjEfEgEgE-46266+4634-4590+626-1644E","mapping_code":"7_17_30_2021165175","state":1},{"key":"CHANNEL_DOWN","name":"CHANNEL DOWN","code":"+4632-4552+602-500+600-1630E-1632EfEfEd+598dHdH-498EgEfEgEgEiEiEiEiEfEdHdHgEiEiEiEgHdEfEgEiEfEgEgE-46284+4634-4530CgE","mapping_code":"7_18_30_2021148855","state":1},{"key":"MUTE","name":"MUTE","code":"+4606-4536+602-500+600-1630E-1632EfEgEd+598-498EiEiEgEfEgEgEiHdHdEfEdHgEfHdHdHdHdHdHgEiEiEgHgEgEgH-46304+4634-4564+624-1634E","mapping_code":"7_13_30_2021175375","state":1},{"key":"INPUT","name":"INPUT","code":"+4610-4552+602-518+598-1632+600fG-1630GfG-498GiGiGiGhGhGfGhG-500EjEjEfGfGhGfGiGiGiGiGiGiGiGiGfEfGfGhG-46320+4686-4588G-1634G","mapping_code":"7_15_30_2021191695","state":1},{"key":"SLEEP","name":"SLEEP","code":"+4606-4536+602-500+600-1630E-1632EfEgE-498Eh+598dIdIgEfEgEgIdIdIdIdIgIgEgIdIdIdIdIgEhIdIdIgEgIgEfE-46280+4634bCgE","mapping_code":"7_14_30_2021159055","state":1},{"key":"LAST","name":"LAST","code":"+4604-4536+600-500C-1632C-1630CeCfC-498CgCgCg+598eCeCfCeCdHgCgCeCfCdHeCgCgCgCgCgCgCeHdHeCeCfCeC-46288+4632-4538+602eC","mapping_code":"7_11_30_2021183535","state":1},{"key":"RED","name":"RED","code":"+5106-4552+600-500C-1632C-1630CeCeC-498CgCg+598dCfCeCfCeCgCdHgCeCgCgHeCdHdHeCgCgCeCfCdHeCeHdHeC-46292+4632-4522CeC","mapping_code":"7_73_30_2021167725","state":1},{"key":"GREEN","name":"GREEN","code":"+4606-4536+600-500C-1634C-1630C-1632CfCd+598dHdHdCfCgHgCgC-498CiCiCiCiCiCfCdHdHgCdHgCfCgCiCgCfCdHgC-46288+4632b+602gC","mapping_code":"7_72_30_2021135085","state":1},{"key":"YELLOW","name":"YELLOW","code":"+4630-4522+602-500+600-1632E-1630EgEfE-498EhEhEhEgEfEfEgEd+598dIdIhEdIdIfEgEdIdIdIfEfEgEdIdIfEfEgE-46282+4634-4584+626-1640E","mapping_code":"7_24_30_2021136615","state":1}],"_id":"7dr1Ve7vWMX5quNZ"}
