{"category":"TV","brand":"PHILIPS","model":"2786","type":1,"version":"1.0","create_date":1695200474997,"protocol":"PHILIPS","map_code":[{"key":"LAST","name":"LAST","code":"+9214-4550+600-502+598-500EfEfEfEfEfEfE-1632EgEfEgC-498CgEfEfEfEfEgEfEfEfEgEgEgEgEfEgEgEgEfEfE-41698+9188-2232+602","mapping_code":"3_196_11008_13902812","state":1},{"key":"0","name":"0","code":"+9186-4520+600-502+598-498CfCfE-500EgEgEgE-1632ChEgEhEgEhEgEgEhEgEgEhCf+602-496EhChEgEhChEgEhChEgEgE-41696+9216-2252C","mapping_code":"3_201_11008_13931372","state":1}],"_id":"H6vHiqIdNCTiRWfK"}
