{"category":"TV","brand":"PHILIPS","model":"2872","type":1,"version":"1.0","create_date":1695196879275,"protocol":"PHILIPS","map_code":[{"key":"0","name":"0","code":"+9270-4598+608-512+606-506EfEfEfEfE-1650EfEgEgEgEgEgEgEfEgEfEfEfEfEfEfEfEfEgEgEgEgEgEgEgEgE-43702+9324-2302C","mapping_code":"3_0_64_50135295","state":1},{"key":"1","name":"1","code":"+9300-4598+608-508+606-506EfEfEfEfE-1678EfE-1650EhEhEhEhE-1648EfEhEhEfEf+604fEdJfEfEfEfEhEhEhEhEhEhEhE-43728+9324-2284C","mapping_code":"3_1_64_50167935","state":1},{"key":"2","name":"2","code":"+9296-4608+608-508+606-506EfEfEfEfE-1650EfEgEgEgEgEgEgEfEgEf+604gEfEfEfEfEfEfEgEfEgEgEgEgEgEgE-43728+9322-2278C","mapping_code":"3_2_64_50151615","state":1},{"key":"3","name":"3","code":"+9296-4578+608-508+606-506EfEfEfEfE-1650EfEgEgEgEgEgEgEfEgEgEgEfEf+604dEfHdEfHdEfHgEgEgEgEgEgE-43748+9378-2274C","mapping_code":"3_3_64_50184255","state":1},{"key":"4","name":"4","code":"+9292-4596+608-512+606-506EfEfEfEfE-1650EfEgEgEgEgEgE-1672EfEgEfEfEgEfEfEfEfEfEgEgEfEgEgEgEgEgE-43740+9298-2270C","mapping_code":"3_4_64_50143455","state":1},{"key":"5","name":"5","code":"+9296-4586+608-508+606-506EfEfEfEfE-1650EfEgEgEgEgEgEgEfEgEgEfEgEfEfEfEfEfEfEgEfEgEgEgEgEgE-43740+9298-2280C","mapping_code":"3_5_64_50176095","state":1},{"key":"6","name":"6","code":"+9270-4626+634-518+606-506EfEfEfEfE-1650EfEgEgEgEgEgEgEfEgEfEgEgEfEfEfEfEfEgEfEfEgEgEgEgEgE-43720+9346-2302+608","mapping_code":"3_6_64_50159775","state":1},{"key":"7","name":"7","code":"+9270-4594+608-508+606-506EfEfEfEfE-1650EfEgEgEgEgEgEgEfEgEgEgEgEfEfEfEfEfEfEfEfEgEgEgEgEgE-43720+9324-2306C","mapping_code":"3_7_64_50192415","state":1},{"key":"8","name":"8","code":"+9296-4594+608-508+606-506EfEfEfEfE-1650EfEgE-1652+604gEgEgEgEfEgEfEfEfEgEfEfEfEfEgEgEgEfEgEgEgEgE-43728+9320-2288C","mapping_code":"3_8_64_50139375","state":1},{"key":"9","name":"9","code":"+9298-4586+608-508+606-506EfEfEfEfE-1650EfEgEgEgEgEgEgEfEgEgEfEfEgEf+604dEfEfEfHgEgEfEgEgEgEgE-43736+9348-2310C","mapping_code":"3_9_64_50172015","state":1},{"key":"POWER","name":"POWER","code":"+9294-4598+608-508+606-506EfEfEfEfE-1650EfEgEgEgEgEgEgEfEgEfEgEfEfEgEf+604fEfEgEfEgEgEdHgEgEgE-43720+9350-2292C","mapping_code":"3_18_64_50153655","state":1},{"key":"MENU","name":"MENU","code":"+9294-4606+608-508+606-506EfEfEfEfE-1650EfEgEgEgE-1662EgEgEf+604gEgEgEfEgEgEfEgEfEfEfEgEfEfEgEfIgE-43730+9298-2296C","mapping_code":"3_91_64_50190885","state":1},{"key":"VOLUME_UP","name":"VOLUME UP","code":"+9296-4620+608-508+606-506EfEfEfEfE-1650EfEgEgEgEgEgEgEfEgEfEgEfEgEgEfEfC-504+604gEfEgEfEfEgEgEgE-43730+9564-2334C","mapping_code":"3_26_64_50157735","state":1},{"key":"VOLUME_DOWN","name":"VOLUME DOWN","code":"+9296-4596+608-512+606-506EfEfEfEfE-1650EfEgEgEgEgEgEgEf+604gEfEgEgEgEgEfH-508EfHgEfEfEfEfEgEgEgE-43768+9298-2270C","mapping_code":"3_30_64_50165895","state":1},{"key":"CHANNEL_UP","name":"CHANNEL UP","code":"+9292-4584+608-508+606-506EfEfEfEfE-1650EfEgEgEgEgEgEgEfEgEgEgEd+604gEgEfEfEfEfEfEgEfEfEgEgEgE-43706+9346-2288C","mapping_code":"3_27_64_50190375","state":1},{"key":"CHANNEL_DOWN","name":"CHANNEL DOWN","code":"+9296-4602+608-512+606-506EfEfEfEfE-1650EfEgEgEgEgEgEgEfEgEgEgEgEgEgEfEfEfEfEfEfEfEfEgEgEgE-43738+9298-2268C","mapping_code":"3_31_64_50198535","state":1},{"key":"MUTE","name":"MUTE","code":"+9296-4608+608-508+606-506EfEfEfEfE-1650Ef+604gEgEgEgEgEgEdHgEfEfEfEfEgEfEfHdHgEgEgEgEfEgEgEgE-43732+9350-2344C","mapping_code":"3_16_64_50137335","state":1},{"key":"INPUT","name":"INPUT","code":"+9270-4600+608-514+606-506EfEfEfE-508+604-1650EfEiEiEiEiEiEiEfEiEfEfEiEfEiEfEfEfEiEiEfEiEfHiEiEiE-43728+9294-2258C","mapping_code":"3_20_64_50145495","state":1},{"key":"PLAY","name":"PLAY","code":"+9298-4614+608-508+606-506EfEfEfEfE-1650EfEgEgEg+632gEgEgEfEgEgEfEgEgEfEfEfEfEfEgEfEfEgEgEgEgE-43728+9324-2294C","mapping_code":"3_13_64_50180175","state":1},{"key":"STOP","name":"STOP","code":"+9298-4620+606-510C-506CeCeCeCeC-1650CeCfCfCfCfCfCfCeCfCfC-508+604eCgHeCgHfCeCeCfCfCfCfCfCeCfC-43720+9324-2304+608","mapping_code":"3_65_64_50168445","state":1},{"key":"INFO","name":"INFO","code":"+9298-4616+608-508+606-506EfEfEfEfE-1650EfEgEgEgEgEgEgEf+604gEfEfEfEfEfEfEgEfEgEgEgEgEgEgEfHgE-43726+9322-2290C","mapping_code":"3_64_64_50135805","state":1},{"key":"LAST","name":"LAST","code":"+9270-4624+608-522+606-506EfEfEfEfE-1650EfEgEgEgEgEgEgEfEgEgEfEgEgE-508+604hIgEfEfEgEfEfEgEgEfEgE-43704+9350-2302C","mapping_code":"3_77_64_50180685","state":1},{"key":"PAUSE","name":"PAUSE","code":"+9292-4596+608-512+606-506EfEfEfE-508+604-1650EfEiEiEiEiEiEiEfEiEfEiEfEiEfEfEiEgHiEfEiEfEiEiEfEiE-43716+9296-2274C","mapping_code":"3_74_64_50156205","state":1},{"key":"PREVIOUS","name":"PREVIOUS","code":"+9296-4592+608-508+606-506EfEfEfEfE-1650EfEgEgEgEgEgEgEfEgEgEfEgEfEgEfEfEfEfEgEfEgEf+604gEgEgE-43730+9298-2308C","mapping_code":"3_21_64_50178135","state":1},{"key":"NEXT","name":"NEXT","code":"+9322-4820+632-512+606-506EfEfEfEfE-1650EfEgEgEgEgEgEgEfEgEgEgEfEgEfEfEgEfEfEfEgEfEgEgEfEgE-43706+9318-2292+608","mapping_code":"3_75_64_50188845","state":1},{"key":"TV","name":"TV","code":"+9292-4584+608-508+606-506EfEfEf+604dG-1650EfEhEhEhEhEhEhEfEhEhEhEhEhEfEfEhEfEfGfEfEfEhEhEfEhE-43730+9298-2268C","mapping_code":"3_79_64_50197005","state":1},{"key":"FREEZE","name":"FREEZE","code":"+9296-4614+608-508+606-506EfEfEfEfE-1650EfEgEgEgEgEgEgEfEgEgEfEfEgEgEfEgEfEfEgEgEd+604dHgEfEgE-43724+9298-2288C","mapping_code":"3_89_64_50174565","state":1},{"key":"HDMI","name":"HDMI","code":"+9270-4604+608-508+606-506EfEfEfEfE-1650EfEgEgEgEgE-1652+604gEfEgEgEgEgEfEgEfEgEfEfIdIfEgEfEgEfEgE-43718+9298-2270C","mapping_code":"3_87_64_50194965","state":1}],"_id":"YfHD7S2wTSV7IIlB"}
