{"category":"TV","brand":"PHILIPS","model":"2882","type":1,"version":"1.0","create_date":1695198733210,"protocol":"PHILIPS","map_code":[{"key":"0","name":"0","code":"+9292-4582+608-508+606-506EfEfEfEfEfEfE-1650Ef+604gEgEgEgEfC-1646EgEfEfEfEfEfEgEfEfEgEgEgEgEgEfEgE-44480+9324-2304C","mapping_code":"3_65_48384_12419709","state":1},{"key":"1","name":"1","code":"+9270-4598+608-508+606-506+604dEfEfGdGdGdG-1650E-528EhEhEhEhEfEhEhEfEhEfGhEfEfEfEfEhEfEhEdGhEhEhE-44524+9298-2278C","mapping_code":"3_21_48384_12429399","state":1},{"key":"2","name":"2","code":"+9296-4586+608-508+606-506EfEfEfEfEfEfE-1650Ef+604gEgEgEgEfEgEfEgEgEfEgEdHdHdHgEfEfEgEfEgEgEgE-44508+9324-2320C","mapping_code":"3_22_48384_12413079","state":1},{"key":"3","name":"3","code":"+9292-4602+608-508+606-506EfEfEfEf+604dGdE-1650EfEh+630-1648EhEhEfEhEhEhEhEfEhEfEfEfEfGdEfEhEdGhEhEhE-44464+9324-2304C","mapping_code":"3_23_48384_12445719","state":1},{"key":"4","name":"4","code":"+9296-4622+608-508+606-506Ed+604fEfEdGfEfE-1650EfEhEhEhEhEfGhEhEfEfEhEhEfEfEfEfEhEhEfEfEhEhEhE-44470+9298-2288C","mapping_code":"3_25_48384_12425319","state":1},{"key":"5","name":"5","code":"+9270-4598+608-514+606-506EfEfEfEfEfEfE-1650E-508+604gEgEgEgEfEgEhEgEfEgEgEhIhIhIgEfEgEfEfEgEgEgE-44476+9324-2314C","mapping_code":"3_26_48384_12408999","state":1},{"key":"6","name":"6","code":"+9298-4602+608-508+610-502+606-506GhGd+604hGhGhG-1650GhGjGjGjGjGhIjGjGjGdIjGjGhIdIdIdIdIjGhGhGjE-1646GjG-44474+9324-2284C","mapping_code":"3_27_48384_12441639","state":1},{"key":"7","name":"7","code":"+9270-4600+608-524+606-508+604-506EhEfGfGhEhE-1650EhEiEiEiEiEfGiEiEhEiEiEiEhEhEhGfGiEhEhEhEiEiEiE-44472+9298-2276C","mapping_code":"3_29_48384_12433479","state":1},{"key":"8","name":"8","code":"+9266-4622+608-526+606-506EfEfEfEfEfEfE-1650EfEgEgEgEgEfEgE-508+604gEgEgEgEfEfEfEgEhIhIhIhIgE-1654+602gE-44454+9298-2302C","mapping_code":"3_30_48384_12417159","state":1},{"key":"9","name":"9","code":"+9270-4590+608-508+606-506EfEfEfEfEfEfE-1650EfEgEgEgEgEd+604gEgEgEgEgEgEfEfEfEfEfEfEfEfEgEgEgE-44522+9322-2286C","mapping_code":"3_31_48384_12449799","state":1},{"key":"MENU","name":"MENU","code":"+9320-4586+608-518+606-506EfEfEfEfEfC-504E-1650EfEhEhEhEhEfEhE-508+604hEfEhEfJiJiJiJhEfEhEfEhEhEhEhE-44470+9378-2346C","mapping_code":"3_10_48384_12406959","state":1},{"key":"VOLUME_UP","name":"VOLUME UP","code":"+9294-4614+608-508+606-506EfEfEfEfEfEfE-1650EfEgEgEgEgEfEgEfEfEgEgEfEfEfEfEgEgEfEfEgEgEgEgE-44474+9324-2296C","mapping_code":"3_12_48384_12398799","state":1},{"key":"VOLUME_DOWN","name":"VOLUME DOWN","code":"+9270-4600+608-508+606-506EfEfEfEfEfEfE-1650EfEgEgEgEgEd+604gHdEfEfEfEgEdHdHdHgEgEgEgEfEgEgEgE-44514+9324-2280C","mapping_code":"3_16_48384_12388599","state":1},{"key":"CHANNEL_UP","name":"CHANNEL UP","code":"+9270-4614+608-510+606-506EfEfEfEfEfEfE-1650Ef+604gEgEgEgEfEgEfEfEfEgEgEfEfEfEgEgEgEfEfEgEgEgE-44456+9298-2254C","mapping_code":"3_24_48384_12392679","state":1},{"key":"CHANNEL_DOWN","name":"CHANNEL DOWN","code":"+9270-4590+608-508+606-506EfEfEfEfEfEfE-1650EfEgEgEgEgEd+604gEfEfEgEgEgEfEfEfEgEgEfEfEfEgEgEgE-44504+9322-2294C","mapping_code":"3_28_48384_12400839","state":1},{"key":"POWER","name":"POWER","code":"+9298-4612+608-508+606-506EfEfEfEfEfEfE-1650EfEgEgEgEgEfEgEgEf+604dHdEfHdHdHdHdHgEgEgEgEgEgEgE-44476+9322-2288C","mapping_code":"3_1_48384_12419199","state":1},{"key":"MUTE","name":"MUTE","code":"+9270-4602+608-524+606-506EfEfEfEfEfEfE-1650EfEgEgEgEgE-508+604gEfEfEgEfIhIhEfIhIgEgEfEgEgEgEgEgE-44480+9346-2294C","mapping_code":"3_4_48384_12394719","state":1},{"key":"INPUT","name":"INPUT","code":"+9270-4596+608-524+606-506EfEfEfEfEfEfE-1650EfEgEgEgEgEfEgEfEfEfEgE-508+604hIhIhIgEgEgEfEgEgEgEgE-44510+9350-2318C","mapping_code":"3_8_48384_12390639","state":1},{"key":"REWIND","name":"REWIND","code":"+9270-4610+608-512+606-506EfEfEfEfEf+604-508G-1650EfEiEiEiEiEfEiEiEfEiEfEfEiEiEfEfEiEfEiEiEfEfEiE-44468+9298-2292C","mapping_code":"3_101_48384_12428889","state":1},{"key":"PLAY","name":"PLAY","code":"+9292-4610+608-512+606-506EfEfEfEfEfEfE-1650EfEgEgEgEgEfEgE-508+604fEgEfEfEgEgEhIgEgEhIgEgEfEfEgE-44452+9350-2288+634","mapping_code":"3_100_48384_12396249","state":1},{"key":"FAST_FORWARD","name":"FAST FORWARD","code":"+9402-4648+608-508+606-506EfEfEfEfEfEfE-1650Ef+604gEgEgEgEdHgEgEgEgEfEfEgEgEfEfEfEfEgEgEfEfHgE-44450+9324-2296C","mapping_code":"3_103_48384_12445209","state":1},{"key":"STOP","name":"STOP","code":"+9292-4600+608-512+606-506EfEfEfEfEfEfE-1650EfEgEgEgEgEfEgEgEfEgEgEgE-508+604gEfEfEgEfEfEfE-1652+602hIgE-44458+9296-2252C","mapping_code":"3_93_48384_12433989","state":1},{"key":"EXIT","name":"EXIT","code":"+9292-4574+608-508+606-506EfEfEfEfEd+604fE-1650EfEhEhEhEhEfEhEhEhEhEfGdGdGdGfEfEfEfEhEhEhEhEhE-44486+9298-2266C","mapping_code":"3_7_48384_12443679","state":1},{"key":"DISPLAY","name":"DISPLAY","code":"+9298-4602+608-508+606-506EfEfEfEfEf+604-510+602-1650EfEjEjEjEjEfEjEfEjEfGdGfEfEfEfEjEfGjEjEjEjEjEjG-44458A-2278C","mapping_code":"3_2_48384_12402879","state":1},{"key":"PAUSE","name":"PAUSE","code":"+9296-4606+608-508+606-506EfEfEfEf+604dGfE-1650EfEhEhEhEhEfEhEfEfEfEhEdGhEhEdGhEhEhEfEhEfEfEhE-44472+9320-2256C","mapping_code":"3_104_48384_12392169","state":1},{"key":"LAST","name":"LAST","code":"+9292-4602+630-508+606-506E-510+602fEfEfEfEfE-1650EfEiEiEiEiEfEiEd+604dJiEfEfEfEiEfEiEiEfEiEiEiEfJiE-44504+9320-2272+608","mapping_code":"3_68_48384_12395229","state":1},{"key":"RED","name":"RED","code":"+9270-4598+608-516+606-506EfC-504EfEfEf+604-508E-1650EfEjEjEjEjEfEjEfEjEjEfEfEfEjEfEjEfHiHjEjEjEfEjE-44456+9324-2278C","mapping_code":"3_70_48384_12411549","state":1},{"key":"GREEN","name":"GREEN","code":"+9270-4602+608-522+606-506EfEfEfEfEfEfE-1650E-508+604gEgEgEgEfIgEgEhIgEfEfEfIhIhIfEgEfEgEgEgEgEgE-44478+9298-2288C","mapping_code":"3_5_48384_12427359","state":1},{"key":"YELLOW","name":"YELLOW","code":"+9296-4616+608-508+606-506EfEfEfEfEfEfE-1650Ef+604gEgC-1648EgEfHgEgEgEgEfHdHfEgEfEfEfEfHgEgEgEfEgE-44444+9324-2286C","mapping_code":"3_71_48384_12444189","state":1},{"key":"GUIDE","name":"GUIDE","code":"+9292-4590+608-508+606-506EfEfEf+604dGfEfE-1650EfEhEhEhEhEfEhEfEfEfEhEhEfEhEfEhEhEhEfGdGhEfEhE-44452+9296-2262C","mapping_code":"3_88_48384_12393189","state":1},{"key":"ZOOM","name":"ZOOM","code":"+9296-4604+608-512+606-506EfEfEfEf+604-508GhG-1650EfEiEiEiEiEfEiEfEfEiEfGiEfEfEfGiEiEfGiEfEiEiEiE-44474+9298-2278C","mapping_code":"3_20_48384_12396759","state":1},{"key":"FREEZE","name":"FREEZE","code":"+9296-4618+608-508+606-506EfEfEfEfEfEfE-1650Ed+604gEgEgEgEfEgEfEgEdHdHgEfEfEfEgEdHgEgEfEgEgEgE-44452+9352-2306C","mapping_code":"3_18_48384_12404919","state":1},{"key":"HDMI","name":"HDMI","code":"+9292-4588+608-512+606-506EfEfEfEfEfEfE-1650EfEgEgEgEgE-508+604gEfEgEgEhIhIhIhIhIgEfEfEgEgEgEgEgE-44474+9298-2284C","mapping_code":"3_6_48384_12411039","state":1},{"key":"AUDIO_MODE","name":"AUDIO MODE","code":"+9296-4592+608-522+606-506EfEfEfEfEfEfE-1650EfEgEgEgE-1652+602fEgEgEf+604-508EgEfEfEfEfEfEgEgEkJgEgEgEgE-44448+9298-2302C","mapping_code":"3_9_48384_12423279","state":1},{"key":"ENTER","name":"ENTER","code":"+9270-4594+608-508+606-506Ef+610-502EfEfEf+604dE-1650EfEjEjEjEjEfEjEjEfEjEjEfEfEfEfEfEjEfEfEjEjEjEjE-44480+9324-2298C","mapping_code":"3_13_48384_12431439","state":1}],"_id":"277Krk1NpLurGgww"}
