{"category":"TV","brand":"PHILIPS","model":"2887","type":1,"version":"1.0","create_date":1695199968114,"protocol":"PHILIPS","map_code":[{"key":"0","name":"0","code":"+9292-4608+608-1668+606-1648E-1650E-506EgEhEhEhEgEhEhEhEhEhEhEhEgEhEgEgEgEhEgEgEgEgEhEhEhEhEhEhEhEhEgEgEgEgEgEgEgEgE-27886+9298-4602C","mapping_code":"22_0_7440_3994368803071","state":1},{"key":"1","name":"1","code":"+9294-4594+608-1652+606-1648E-1650E-506EgEhEhEhEgEhEhEhEhEhEhEhEgEhEgEgEgEhEgEgEgEgEgEhEhEhEhEhEhEhEhEgEgEgEgEgEgEgE-27838+9296-4644C","mapping_code":"22_128_7440_3994368835711","state":1},{"key":"2","name":"2","code":"+9270-4590+608-1652+606-1650EfE-506EfEgEgEgEfEgEgEgEgEgEgEgEfEgEfEfEfEgEfEfEfEfEgEfEgEgEgEgEgEgEfEgEfEfEfEfEfEfE-27844+9296-4624C","mapping_code":"22_64_7440_3994368819391","state":1},{"key":"3","name":"3","code":"+9270-4598+608-1652+606-1650EfE-506EfEgEgEgEfEgEgEgEgEgEgEgEfEg+604fEfEfE-508HfEfEfEfEfEfEgEgEgEgEgEgEgEgEfEfEfEfEfEfE-27818+9298-4610C","mapping_code":"22_192_7440_3994368852031","state":1},{"key":"4","name":"4","code":"+9292-4578+608-1650+606dEdE-506EdEfEfEfEdEfEfEfEfEfEfEfEdEfEdEdEdEf+604dEdEdEdEfEfEdEfEfEfEfEfGdEdEfGdEdEdEdEdE-27834+9296-4602C","mapping_code":"22_32_7440_3994368811231","state":1},{"key":"5","name":"5","code":"+9270-4594+608-1650+606dEdE-506EdEfEfEfEdEfEfEfEfEfEfEfEdEfEdEdEdEfEdEdEdEdEdEfEdEfEfEfEfEfEf+604dEfEdEdEdEdE-1648E-27854+9322-4620C","mapping_code":"22_160_7440_3994368843871","state":1},{"key":"6","name":"6","code":"+9270-4590+608-1652+606-1650EfE-506EfEgEgEgEfEgEgEgEgEgEgEgEfEgEfEfEfEgEfEfEfEfEgEfEfEgEgEgEgEgEfEgEgEfEfEfEfEfE-27792+9296-4596C","mapping_code":"22_96_7440_3994368827551","state":1},{"key":"7","name":"7","code":"+9294-4604+608-1650+606dEdE-506EdEfEfEfEdEfEfEfEfEfEfEfEdEfEdEdEdEfEdEdEdEdEdEdEdEfEfEfEfEfEfEfEfEdEdEdEdEdE-27828+9326-4626C","mapping_code":"22_224_7440_3994368860191","state":1},{"key":"8","name":"8","code":"+9294-4590+608-1658+606-1650EfE-506EfEgEgEgEfEgEgEgEgEgEgEgEfEgEfEfEfEgEfEfEfEfEgEgEgEfEgEg+604-508EgEfEfEfEgEfEfEfEfE-27838+9322-4594C","mapping_code":"22_16_7440_3994368807151","state":1},{"key":"9","name":"9","code":"+9298-4598+608-1650+606dEdE-506EdEfEfEfEdEfEfEfEfEfEfEfEdEfEdEdEdEfEdEdEdEdEdEfEfEdEf+604-508EfGhEfEdEdEfEdEdEdEdE-27848A-4596C","mapping_code":"22_144_7440_3994368839791","state":1},{"key":"POWER","name":"POWER","code":"+9322-4648+608-1654+606-1650EfE-506EfEgEgEgEfEgEgEgEgEgEgEgEfEg+604fEfEfEgEfEfEfEfEgEgEfEfEfEgEgEgEfEfEgE-508HiHfE-1652HfE-27788+9298-4636C","mapping_code":"22_56_7440_3994368817351","state":1},{"key":"MENU","name":"MENU","code":"+9298-4604+608-1652+606-1650EfE-506EfEgEgEgEfEgC-510EgEgEgEgEgEfEgEd+604fEfEgEfEfEfEfEfEgEgI-508IfEgEgEgEgEfEfEfEgEfEfEfE-27848+9296-4594C","mapping_code":"22_136_7440_3994368837751","state":1},{"key":"VOLUME_UP","name":"VOLUME UP","code":"+9296-4576+608-1650+606dEd+632-506EdEgEgEgEdEgEgEgEgEgEgEgEdEgEdEdEdEgEdEdEdEdEdEdEdEdEdEg+604-508EgEgHiHiEgHiHdEdEdE-27904+9324-4652C","mapping_code":"22_248_7440_3994368866311","state":1},{"key":"VOLUME_DOWN","name":"VOLUME DOWN","code":"+9270-4614+630-1658+606-1650EfE-506EfEgEgEgEfEgEgEgEgEgEgEgEfEgEfEfEfEgEfEfEfEfEgEfEf+608-1646EfEgEgEgEfEgEgEgEgEfEfEfE-27840+9352-4656H","mapping_code":"22_120_7440_3994368833671","state":1},{"key":"CHANNEL_UP","name":"CHANNEL UP","code":"+9270-4600+608-1654+606-1648E-1650E-506EgEhEhEhEgEhEhEhEhEhEhEhEgEhEgEgEgEhEgEgEgEgEgEgEhEgEgEhEhEhEhEhEgEhE-508+604gEgEgE-27896+9348-4620C","mapping_code":"22_216_7440_3994368858151","state":1},{"key":"CHANNEL_DOWN","name":"CHANNEL DOWN","code":"+9296-4574+608-1652+606-1650EfE-506EfEgEgEg+604fEgEgEgEgEgEgEgEfEgEfEfEfEgHfEfEfEfEgEfEgEfEfEgEgEgEfE-508HfEgEgEfEfEfE-27828+9350-4652C","mapping_code":"22_88_7440_3994368825511","state":1},{"key":"MUTE","name":"MUTE","code":"+11242-4658+634-1660+606-1650EfE-506EfEgEgEgEfEgEgEgEgEgEgEgEfEgEfEfEfEgEfEfEfEfEfEgEfEg+604fEgEgEgEgEfEgEfEgEfEfEfE-27990+9320-4600+608","mapping_code":"22_168_7440_3994368845911","state":1},{"key":"INPUT","name":"INPUT","code":"+9268-4602+608-1650+606dEdE-506EdEfE-528EfEdEfEfEfEfEfEfEfEdEfEdEdEdEfEdEdEdEdEdEfEdEdEfEfEfEfEfEdEfEfEdEdEdEdE-27828+9298-4600C","mapping_code":"22_176_7440_3994368847951","state":1}],"_id":"wUFsEBedEeOVWtON"}
