{"category":"TV","brand":"PHILIPS","model":"6732","type":1,"version":"1.0","create_date":1695195369403,"protocol":"PHILIPS","map_code":[{"key":"0","name":"0","code":"+2778-866+492-836C-390Ce+490d+938-392FhFhFeCeCeCeCeFhFhFhFhFhFeCeCeC","mapping_code":"2_0_0_0","state":1},{"key":"1","name":"1","code":"+2782-870+492-836C-390Ce+1382-1278CeCe+490-392HiHiHiHeCeCeCeCeHiHiHi+936","mapping_code":"2_1_256_65537","state":1},{"key":"2","name":"2","code":"+2806-868+492-836C-392+490-390+1382-1280CgCgCgCgFeFeFeFeFeFeFgCgCg+936-838C","mapping_code":"2_2_256_65538","state":1},{"key":"3","name":"3","code":"+2782-866+492-836C-390+490-392Fd+938gFgFeCeCeCeCeCeFgFgFgFgFgFg+936eC","mapping_code":"2_3_0_3","state":1},{"key":"4","name":"4","code":"+2778-866+492-836C-390Ce+1382-1284CeCeCeCeCeCe+490-392HiHiHiHeCe+936-838HiH","mapping_code":"2_4_256_65540","state":1},{"key":"5","name":"5","code":"+2780-866+492-836C-392+490eFd+938-390ChChChFeFeFeFeFeFeFeFhCh+936-838I","mapping_code":"2_5_0_5","state":1},{"key":"6","name":"6","code":"+2780-866+492-836C-392+490e+1380-1286FeFeFeFeFeFeF-390CiCiCiFeFe+936eF-838F","mapping_code":"2_6_256_65542","state":1},{"key":"7","name":"7","code":"+2806-856+492-836C-390CeCd+936-392CeCe+490gHgH-442HgHgHgHgHgHgHeFgHgH","mapping_code":"2_7_0_7","state":1},{"key":"8","name":"8","code":"+2782-866+492-836+490-392Ef+1382-1278CfEfEfEfEfE-390CiCiEfEfEf+936dCfEfE","mapping_code":"2_8_256_65544","state":1},{"key":"9","name":"9","code":"+2778-866+492-836C-390Ce+490d+938-392FhFhFh+494-388FeCeFhCeFhFhFh+936dChK","mapping_code":"2_9_0_9","state":1},{"key":"POWER","name":"POWER","code":"+2778-876+490-838C-392CeC-836+938eCeCeCeC-390+492hIhIhCeCeCeCe+936eCfIeC","mapping_code":"2_12_0_12","state":1},{"key":"MENU","name":"MENU","code":"+2778-866+492-836C-392+490-390+1382-1280CeFgCeFeF-440CgFeFe+936-838KlKlFeF","mapping_code":"2_84_256_65620","state":1},{"key":"MUTE","name":"MUTE","code":"+2782-872+492-836C-390CeCd+936-392+490gHgHgHgHgHgHgHgHgHgHgFgH-838F","mapping_code":"2_13_0_13","state":1},{"key":"INPUT","name":"INPUT","code":"+2778-868+490-838C-392Ce+1382-1280CeCeCeCeCeCeCeC-390Ce+936eCeCdCeCeC","mapping_code":"2_56_256_65592","state":1},{"key":"REWIND","name":"REWIND","code":"+2780-868+490-838C-392CeCd+936eCeCeCeC-390CeCeCeCeCeF-836+938hFeC","mapping_code":"2_43_0_43","state":1},{"key":"PLAY","name":"PLAY","code":"+2778-866+492-836C-392+490eFd+936eC-390FeFeFeFeFeFeFeFhG-838GeFiFeF","mapping_code":"2_44_0_44","state":1},{"key":"FAST_FORWARD","name":"FAST FORWARD","code":"+2780-876+492-836C-392+490e+1380-1292C-396FeFeFeFeFeFeFeFe+936-838JkFeFeF","mapping_code":"2_40_256_65576","state":1},{"key":"STOP","name":"STOP","code":"+2778-866+492-836C-390+490-392F-838+936gFgFgFgFgFgFeFgFgFgIgFhFgFgI","mapping_code":"2_49_0_49","state":1},{"key":"INFO","name":"INFO","code":"+2782-866+490-838C-392Ce+1380-1280+492eCeCeCeCeCeCeH-390CeCeCe+936eCeCeC","mapping_code":"2_15_256_65551","state":1},{"key":"EXIT","name":"EXIT","code":"+2778-866+492-836C-390Ce+490-838+936-392FiFiFiFiFiFiFiFiHgFiFiFiFiH","mapping_code":"2_65_0_65","state":1},{"key":"LAST","name":"LAST","code":"+2780-868+490-838C-392Ce+1380-1280+492eCeCeCeCeCeCeCe+936dCeCeIeC-836H","mapping_code":"2_70_256_65606","state":1},{"key":"RECORD","name":"RECORD","code":"+2778-866+492-836C-392+490-390Cd+936eFeFeFeFeFeFeFeFeFeHeF-838HeFeF","mapping_code":"2_55_0_55","state":1},{"key":"PAUSE","name":"PAUSE","code":"+2782-866+492-836C-390+490-392+1382-1280CeFgFgFgFgFgFgFeFg+936-838JgFkFgF","mapping_code":"2_44_256_65580","state":1},{"key":"RED","name":"RED","code":"+2782-866+492-836C-392+490eFd+936eFeFeFeFeFeFeFeFeGeFdGeF-838G","mapping_code":"2_109_0_109","state":1},{"key":"GREEN","name":"GREEN","code":"+2778-866+492-836+490-440C-390+1382-1280CgCgE-392EjCgEjEjEj+936jEdKjEjE-838E","mapping_code":"2_110_256_65646","state":1},{"key":"YELLOW","name":"YELLOW","code":"+2780-866+492-836C-392+490-390Cd+936eCgFeFeFeFeFeFeFeHeFdHeCgFeF","mapping_code":"2_111_0_111","state":1},{"key":"GUIDE","name":"GUIDE","code":"+2782-866+492-836C-390Ce+1382-1280Ce+490-392HiHiHiHiHi+936iHdCiJiH-838HiH","mapping_code":"2_204_256_65740","state":1},{"key":"HELP","name":"HELP","code":"+2778-866+490-838C-392CeC-836+938eCeCeC-390+492eCeCeCeCe+936dJfIeCeJ","mapping_code":"2_81_0_81","state":1},{"key":"OPTION","name":"OPTION","code":"+2782-866+492-836+490-392Ef+1382-1280EfEfEfEfEfEfEfEf+936-838EfEfEfEfEfE","mapping_code":"2_64_256_65600","state":1},{"key":"LIST","name":"LIST","code":"+2808-882+490-838C-392CeC-836+938eCeCeC-390+492hCeCeCe+936eCfGfIeJdI","mapping_code":"2_210_0_210","state":1}],"_id":"R19QKwedRbgDZrer"}
