{"category":"TV","brand":"PHILIPS","model":"7545","type":1,"version":"1.0","create_date":1695195783209,"protocol":"PHILIPS","map_code":[{"key":"0","name":"0","code":"+2786-868+488-832C-390Ce+1374-1272CeCeCeCeCeCeCeCeCeCeCeCeCeCeCeC","mapping_code":"2_0_256_65536","state":1},{"key":"1","name":"1","code":"+2762-860+490-832+488-390EfEd+932fEfEfEfEfEfEfEfEfEfEfEfEfEfEf+930","mapping_code":"2_1_0_1","state":1},{"key":"2","name":"2","code":"+2762-860+488-832C-390Ce+1374-1272CeCeCeCeCeCeCeCeCeCeCeCeCe+932dC","mapping_code":"2_2_256_65538","state":1},{"key":"3","name":"3","code":"+2762-860+488-832C-390CeCd+932eCeCeCeCeCeCeCeCeCeCeCeCeCeFeC","mapping_code":"2_3_0_3","state":1},{"key":"4","name":"4","code":"+2762-860+488-832C-390Ce+1372-1272+490eCeCeC-430CeCeCeCeCeCeCeCe+932dCeC","mapping_code":"2_4_256_65540","state":1},{"key":"5","name":"5","code":"+2762-860+488-832C-390CeCd+932eCeCeCeCeCeCeCeCeCeCeCeCeFdF","mapping_code":"2_5_0_5","state":1},{"key":"6","name":"6","code":"+2762-858+490-832C-390+488eFd+932eFeFeFeFeFeFeFeFeFeFeFeFe+930eFdF","mapping_code":"2_6_0_6","state":1},{"key":"7","name":"7","code":"+2762-864+488-832C-390Ce+1374-1272C-392+486eCeCeCeCeCeCeCeCeCeCe+932eCeC","mapping_code":"2_7_256_65543","state":1},{"key":"8","name":"8","code":"+2766-860+488-832C-390CeCd+932eCeCeCeCeCeCeCeCeCeCeCeFdCeCeC","mapping_code":"2_8_0_8","state":1},{"key":"9","name":"9","code":"+2762-860+488-832C-390Ce+1374-1272CeCeCeCeCeCeCeCeCeCeCe+932dCeH","mapping_code":"2_9_256_65545","state":1},{"key":"POWER","name":"POWER","code":"+2766-860+488-832+490-390CfCd+932fCfCfCfCfCfCfCfCfCfCfCf+930fCdCfC","mapping_code":"2_12_0_12","state":1},{"key":"VOLUME_UP","name":"VOLUME UP","code":"+2762-858+488-832C-390Ce+1372-1272+490eCeCeCeCeCeCeCeCeCe+930dCeCeCeC","mapping_code":"2_16_256_65552","state":1},{"key":"VOLUME_DOWN","name":"VOLUME DOWN","code":"+2762-860+488-832C-390CeCd+932eCeCeCeCeCeCeCeCeCeCe+930dCeCeF","mapping_code":"2_17_0_17","state":1},{"key":"CHANNEL_UP","name":"CHANNEL UP","code":"+2766-860+488-832C-390Ce+1374-1272CeCeCeCeCeCeCeCe+932dCe+930eC-834CeC","mapping_code":"2_76_256_65612","state":1},{"key":"CHANNEL_DOWN","name":"CHANNEL DOWN","code":"+2766-858+490-832C-390+488eFd+932eFeFeFeFeFeFeFeFe+930dFeHeFdG","mapping_code":"2_77_0_77","state":1},{"key":"MUTE","name":"MUTE","code":"+2762-860+488-832C-390CeCd+932eCeCeCeCeCeCeCeCeCeCeCeFeC-834F","mapping_code":"2_13_0_13","state":1},{"key":"INPUT","name":"INPUT","code":"+2762-860+490-832+488-390Ef+1372-1272CfEfEfEfEfEfEfEfEf+930fEfEdEf+518-398E","mapping_code":"2_56_256_65592","state":1},{"key":"REWIND","name":"REWIND","code":"+2762-860+488-832C-390CeCd+932eCeCeCeCeCeCeCeCeCe+930dFdFeC","mapping_code":"2_43_0_43","state":1},{"key":"PLAY","name":"PLAY","code":"+2762-860+488-832C-390Ce+1374-1272CeCeCeCeCeCeCeCeCe+932dHeCdCeC","mapping_code":"2_44_256_65580","state":1},{"key":"FAST_FORWARD","name":"FAST FORWARD","code":"+2766-860+488-832C-390CeCd+932eCeCeCeCeCeCeCeCeCe+930-834FdCeCeC","mapping_code":"2_40_0_40","state":1},{"key":"INFO","name":"INFO","code":"+2762-864+488-832+490-390CfCd+932fCfCfCfCfCfCfCfCfCfCfCf+930fCfCfC","mapping_code":"2_15_0_15","state":1},{"key":"RECORD","name":"RECORD","code":"+2762-858+488-832C-390Ce+1374-1278CeCeCeCeCeCeCeCeCe+932eCdHeCeC","mapping_code":"2_55_256_65591","state":1},{"key":"PAUSE","name":"PAUSE","code":"+2762-862+488-832C-390CeCd+932eCeCeCeCeCeCeCeCeCeFdFeCdCeC","mapping_code":"2_44_0_44","state":1},{"key":"RED","name":"RED","code":"+2762-858+490-832+488-390Ef+1372-1272CfEfEfEfEfEfEfEf+930fEdIfEd+932","mapping_code":"2_109_256_65645","state":1},{"key":"GREEN","name":"GREEN","code":"+2762-860+490-832+488-390EfEd+932fEfEfEfEfEfEfEfEf+930fEdGfEfEdE","mapping_code":"2_110_0_110","state":1},{"key":"BLUE","name":"BLUE","code":"+2762-860+488-832C-390Ce+1374-1272CeCeCeCeCeCeCeCe+930e+518-408CdCeCeCeC","mapping_code":"2_112_256_65648","state":1},{"key":"YELLOW","name":"YELLOW","code":"+2766-860+488-832C-390CeCd+932eCeCeCeCeCeCeCeCe+930eCdFeCeCeC","mapping_code":"2_111_0_111","state":1},{"key":"TV","name":"TV","code":"+2762-864+490-832+488-390Ef+1372-1272EfEfEfEfEfEfEf+932dEfIfEfEfEfE","mapping_code":"2_159_256_65695","state":1},{"key":"HELP","name":"HELP","code":"+2762-858+490-832C-390+488eFd+932eFeFeFeFeFeFeFeFe+930dGdFeFeH","mapping_code":"2_81_0_81","state":1}],"_id":"hrb0d46RcZmczDEG"}
