{"category":"TV","brand":"ASUS","model":"3567","type":1,"version":"1.0","create_date":1695284762878,"protocol":"ASUS","map_code":[{"key":"POWER","name":"POWER","code":"+9080-4624+506-1730C-1732+530dC-598CdCdCe+528-576HiHiHiHdCgCgCgCdC-600CdCeH-578+526eCgCdCgCdCgCgCdCj+504-1734HiHdC-42014+9108-2204C","mapping_code":"3_86_119_3994118805","state":1},{"key":"0","name":"0","code":"+9186-4546+504-1730C-1732Ce+530-578+526-1710HeCd+506-600CkCkCkCe+528gH-576LgHiLkCkCdCeCeLg+502-602NoN-1736LdCkCkCkCeCdC-1734L-41940+9158-2206L","mapping_code":"3_28_119_3994106055","state":1},{"key":"VOLUME_UP","name":"VOLUME UP","code":"+9080-4626+528-1710C-1730+506e+504-600G-1732+526-1712CiGhGhGhGhGeGhGhGhGiG-1734CeGiGeGiC-578JmJmJmJ-576JmJmJmJiFeGeF-42096+9026-2206G","mapping_code":"3_31_119_3994155015","state":1},{"key":"VOLUME_DOWN","name":"VOLUME DOWN","code":"+9080-4626+504-1730C-1734+528-1732C-600Cd+506dCg+530-576Fk+526-578L-604+500gC-626+478hChCgCdCgFmL-1712LdChChChChChCdChChCdCeFdI-42094+9028-2206I","mapping_code":"3_27_119_3994146855","state":1},{"key":"UP","name":"UP","code":"+9080-4626+504-1732+528d+506-1730C-600CgFgC-1734E-576E-578+526-580+524hFgChChChCgFhCgCiEdFgChFgChCdEmNjEkLhCdChCgC-42094+9030-2206E","mapping_code":"3_94_119_3994122885","state":1},{"key":"DOWN","name":"DOWN","code":"+9102-4626+504-1730C-1732C-1736+528-626+478dCeCdC-604+500-600ClClCf+526-576GlClCd+506lClCdCdOeGnMeClCeCdClClClCeGnGeC-42094+9002-2210G","mapping_code":"3_92_119_3994106565","state":1},{"key":"RIGHT","name":"RIGHT","code":"+9158-4572+506-1730+504-1732Ef+528-578+526fCdEdC-598C-600E-626+478kEdG-576GhGh+502-1734GdEdCdEpGdCjCdEkEkEkEkCkEkEdEkEfG-42048+9078-2204+530","mapping_code":"3_95_119_3994155525","state":1},{"key":"LEFT","name":"LEFT","code":"+9102-4624+506-1730+504-1732E-1734+528-578HdEdCdE-600CjEjEjEgH-576HkHi+526fCjEjEjEdCdEjEfHkHfCdEdCjEjEdCjH-1710H-42068+8948-2312E","mapping_code":"3_88_119_3994098405","state":1},{"key":"CHANNEL_UP","name":"CHANNEL UP","code":"+950-808+1820-810+900-836+922-840E-838+924fE-862EiG-1708Gi+1846-784E-22044EfM-786GiEkEf+898-864EhGfE-1730EkMnE","mapping_code":"1_12_0_12","state":1}],"_id":"ldQcO1d8V9BNjqAj"}
