{"category":"TV","brand":"SONY","model":"123","type":1,"version":"1.0","create_date":1694752130414,"protocol":"SONY","map_code":[{"key":"1","name":"1","code":"+9318-4582+616-510+614-508E-1662EfEfEfEfEfEgEgEfEgEgEgEgEgEfEfEfEgEfEfEfEfEgEgEgEfEgEgEgEgE-41920+9328-2312+618","mapping_code":"3_8_4_551489775","state":1},{"key":"FAST_BACKWARD","name":"FAST BACKWARD","code":"+9324-4606+616-510+614-508E-1662EfEfEfEfEfEgEgEfEgEgEgCgEgEgEfEfEfE-512+610fEfEfEfEgEgEgEgEgEgEgE-41916+9350-2282+618","mapping_code":"3_1_4_551518335","state":1}],"_id":"Zk8NoEW83zqkXu0s"}
