{"category":"TV","brand":"SONY","model":"4375","type":1,"version":"1.0","create_date":1695278652111,"protocol":"SONY","map_code":[{"key":"POWER","name":"POWER","code":"+4600-4522+604-496+600dEdE-1624+602fGdEdE-494GhGhEdEfGfGdEdEdEdEfEdEfGdEfGfEdEfGdEfEdE-1626+652hEdEfE","mapping_code":"7_106_24_404248233","state":1},{"key":"0","name":"0","code":"+4600-4522+604-496+600dEdE-1624+602fGdEdEdE-494GhEdEfGfEdEdEdEdEdEdEdEdEfGdEdEfEfGfEfGfGdEfGfG","mapping_code":"7_32_24_404227323","state":1}],"_id":"L5MwCUpzR8kJUcfs"}
