{"category":"TV","brand":"PHILIPS","model":"2412","type":1,"version":"1.0","create_date":1695199690732,"protocol":"PHILIPS","map_code":[{"key":"1","name":"1","code":"+9298-4602+608-508+606-506EfEfE-1650EfEfEfEgEgEgEgEfEgEgEgEgEgEfEfEfEfEgEgEfEfEgEgEgEgEf+604dH-42176A-2296C","mapping_code":"3_195_16_150455100","state":1},{"key":"2","name":"2","code":"+9274-4590+608-508+606-506EfEfE-1650EfEfEfEgEgEgEgEfEgEgEgEgEfEfEgEfEfEfEgEfEgEgEfEgEgEgEfE-42186+9320-2258C","mapping_code":"3_137_16_150442350","state":1},{"key":"3","name":"3","code":"+9270-4590+608-508+606-506EfEfE-1650EfEfEfEgEgEgEgEfEgEgEgEfEfEfEfEfEfEgEgEgEgEgEgEgEgEfEfE-42188+9298-2266C","mapping_code":"3_192_16_150406140","state":1},{"key":"4","name":"4","code":"+9296-4604+608-508+606-506EfEfE-1650EfC-504EfEgEgEg+610-1646EfEgEgEgEfEgEfEfEfEfEgEgEgEfEgEgEgEgEfEfE-42216+9350-2358C","mapping_code":"3_194_16_150422460","state":1},{"key":"5","name":"5","code":"+9290-4574+608-508+606-506EfEfE-1650EfEfEf+604gEgEgEgEfEgEgEgEgEgEfEgEfEfEfEgEfHdHgEfEgEgEgEfE-42218+9320-2298C","mapping_code":"3_139_16_150458670","state":1},{"key":"6","name":"6","code":"+9292-4594+608-508+606-506EfEfE-1650EfEfEfEgEgEgEgEfEgEgEgEgEgEfEfEfEfEfEgE-510+600d+604gEgEgEgEgC-504E-42182+9298-2292C","mapping_code":"3_131_16_150454590","state":1},{"key":"7","name":"7","code":"+9296-4618+608-508+606-506EfEfE-1650EfEfEfEgEgEgEgEfEgEgEgEgEfEfEfEfEfEgEgEfEgEgEgEgEgEfEfE-42174A-2272C","mapping_code":"3_193_16_150438780","state":1},{"key":"8","name":"8","code":"+9322-4640+608-510+606-506EfEfE-1650EfEfEfEgEgE-1648EgEfEgEgEgEfEfEf+604gEfEfEgEgEgEgEgEfEgEgEfEfE-42224+9298-2262C","mapping_code":"3_200_16_150410220","state":1},{"key":"9","name":"9","code":"+9274-4590+608-508+606-506EfEfE-1648EfEfEfE-1650EhEhEhEfEhEhEhEhEfEfEf+604dEfEfEhEfEhEhEhEhEhEhEfE-42172+9298-2278C","mapping_code":"3_129_16_150438270","state":1},{"key":"POWER","name":"POWER","code":"+9270-4604+608-512+606-506EfEfE-1650EfEfEfEgEgEgEgEfEgEgEgEgEgEgEfEgEfEgEgEf+604-508HiEgEfEgEfEfE-42182+9298-2260C","mapping_code":"3_215_16_150465300","state":1},{"key":"MENU","name":"MENU","code":"+9296-4614+608-520+606-506EfE-510+602-1650EfEfEfEiEiEiEiEfEiEiEiEiEfEiEfEiEfEiEiEf+604iEfEiEfEiEfEfE-42172+9298-2336C","mapping_code":"3_213_16_150448980","state":1},{"key":"VOLUME_UP","name":"VOLUME UP","code":"+9292-4582+608-514+606-506EfEfE-1650EfEfEfEgEgEgEgEfEgEgEgEfEgEgEfEgEfEf+604gEgEfEfEgEfEgEgEfE-42184+9298-2352C","mapping_code":"3_150_16_150432150","state":1},{"key":"VOLUME_DOWN","name":"VOLUME DOWN","code":"+9270-4590+608-508+606-506EfEfE-1650EfEfEfEgEgEgEgEfEgEgEgEgEgEgEfEgEfEfEgEfEfEfEgEfEgEgEfE-42178+9352-2302C","mapping_code":"3_151_16_150464790","state":1},{"key":"CHANNEL_UP","name":"CHANNEL UP","code":"+9270-4608+608-512+606-506EfEfE-1650EfEfEfEgEgEgE-1652+604fEgEgEgEfEgEfEfEgEfEfEgEgEfEgEgEfEgEgEfE-42184+9298-2264C","mapping_code":"3_146_16_150423990","state":1},{"key":"CHANNEL_DOWN","name":"CHANNEL DOWN","code":"+9274-4610+608-518+606-506EfEfE-1650EfEfEfEgEgEgEgEfEgEgEgEgEfEfEfEgEfEfEgEfEgEgEgEfEgEgEfE-42182+9298-2284C","mapping_code":"3_145_16_150440310","state":1},{"key":"MUTE","name":"MUTE","code":"+9294-4612+608-526+606-506EfEfE-1650EfEfEfEgEgEgE-1654+602fEgEgEgEgEfEgEfEgEfEfEgEf+604gEfEgEfEgEgEfE-42164+9298-2306C","mapping_code":"3_149_16_150448470","state":1},{"key":"INPUT","name":"INPUT","code":"+9296-4612+608-508+606-506EfEfE-1650EfEfEfEgEgEgEgEfEgEgEgEf+604dEfEfEfEfEfEgEgEgEgEgEgEgEgEfE-42180+9320-2274C","mapping_code":"3_128_16_150405630","state":1},{"key":"LAST","name":"LAST","code":"+9270-4598+608-512+606-506EfEfE-1650EfEfEfEgEgEgEgEfEgEgEgEgEgEfEfEgEgEfEfEfEfEgEgEfEfEgEgE-42182+9324-2364+634","mapping_code":"3_51_16_150457395","state":1},{"key":"0","name":"0","code":"+9270-4594+608-508+604-506+606fGfG-1650GdEdEfGhGhGhGhGfGhGhGhGfGhGhGfEdGfEhGhGhGfGfGhGhGhGfGfG-42144+9272-2312G","mapping_code":"3_198_16_150430620","state":1}],"_id":"6bk2UgMC1Ny7oeB2"}
