{"category":"TV","brand":"PHILIPS","model":"2662","type":1,"version":"1.0","create_date":1695200501825,"protocol":"PHILIPS","map_code":[{"key":"0","name":"0","code":"+9190-4558+602-500+598d+600-498EdEdEdEgFdE-1632FhFgF-1630FgFhFgFgFgFiFhFhFiFdEhFhFiFdEdEdEdEhFgFgF-41736A-2262C","mapping_code":"3_222_11008_13925252","state":1},{"key":"1","name":"1","code":"+9190-4534+600-502+598-500EfEfEfEfEfEfE-1632EgEfEgCfEgEfEfEgEgEfEfEgEfEfEgCfEfEgEgEfEgCg+602-496E-41694+9188-2250C","mapping_code":"3_147_11008_13945142","state":1},{"key":"2","name":"2","code":"+9186-4526+600-500+598dEdEdEdEdEdEdE-1632CfEdEfEdEfCdEdEdEfEdC-498EfEdEfEfEfCdEfEfEdEfCdEdE-41738+9188-2258C","mapping_code":"3_210_11008_13913012","state":1},{"key":"3","name":"3","code":"+9188-4538+600-502+598-498C-500EgEgEgEgEgE-1632EhEgEhEgEhEgEgEhEhEgEgEhEgEhChEgEgEhChEgEhEgEgE-41708+9190-2266C","mapping_code":"3_211_11008_13945652","state":1},{"key":"4","name":"4","code":"+9186-4526+600-552+598-500EfEfE-498CfEfEfE-1632EhCfEhEfEhEfEfEhChEhEfEhCgCfEhEfEfEfEhEfEhEhEfE-41706+9244-2336+602","mapping_code":"3_151_11008_13953302","state":1},{"key":"6","name":"6","code":"+9192-4544+600-508C-498+598-502+596-500CeFiFiFiF-1632FjCiFjFiFjCiFiFjFjFjCiFjFiFjFjCiFiFiFjFiFjCiFiF-41698+9190-2234C","mapping_code":"3_215_11008_13953812","state":1},{"key":"7","name":"7","code":"+9186-4558+602-522+598-498+600fE-500GfGfGfEhE-1632EiGhEiEhEiEhEhEiGiEhEiEiEhGhEiEhEhEiGhEhEiEiEhE-41708+9164-2280G","mapping_code":"3_155_11008_13949222","state":1},{"key":"8","name":"8","code":"+9190-4548+600-502+598-500EfEfEfEfEfEfE-1632EgEfEgE-498CgEfEfEfEgEfEgCgEfEgEgCgEfEgCfEfEgEfEfE-41742+9212-2238C","mapping_code":"3_218_11008_13917092","state":1},{"key":"POWER","name":"POWER","code":"+9186-4534+600-500+598dC-498EdEdEdEdEdE-1632EgEdEgEdEgEdEdEdC-514EdEdEdEdEgEgEgEgEgEgEgCgEdEdE-41726+9268-2316C","mapping_code":"3_192_11008_13894652","state":1},{"key":"MENU","name":"MENU","code":"+9190-4538+600-502+598-500EfEfEfE-498CfEfE-1632EhEfEhEfEhEfEfEfEhEhEfEfEfEhEhChEfEfEhEhEhEfEfE-41712+9188-2252C","mapping_code":"3_198_11008_13919132","state":1},{"key":"VOLUME_UP","name":"VOLUME UP","code":"+98-21942+9194-4572+600-502+598-500GhGhGhGhGhGhG-1632EiGhGiGhGiEhGhGhGhGiGiEhGhGiGiGiGiGhGhGiGiGhGhG-41698+9216-2238E","mapping_code":"-1_0_0_2548017366","state":1},{"key":"VOLUME_DOWN","name":"VOLUME DOWN","code":"+218-16588+172-22480+140-25830+9194-4548+600-502+598-500KlKlKlKlKlKlK-1632ImKlKmKlKmKlK-498KlKlKmKlKmIlKmKmKmImKlKmKlKmKlKlK-41694+9190-2248I","mapping_code":"-1_0_0_1306583846","state":1},{"key":"CHANNEL_UP","name":"CHANNEL UP","code":"+9190-4588+600-524+598-500E-498CgEfEfEfEfE-1632ChEfEhCgEhEfEfEfEfEfEhEhEfEhEhEhEhEhEfEfEhEfEfE-41680A-2228C","mapping_code":"3_216_11008_13900772","state":1},{"key":"CHANNEL_DOWN","name":"CHANNEL DOWN","code":"+9190-4552+600-502+598-500EfEfEfEfEfEfE-1632CgEfEgEfEgCfEfEfEfEgEgEgC-498CgEgEgEgEfEfEfEgCfEfE-41682+9216-2286+602","mapping_code":"3_220_11008_13908932","state":1},{"key":"MUTE","name":"MUTE","code":"+9214-4550+600-502+598-500EfEfEfEfEfEfE-1632EgEfEgC-498CgEfEfEfEfEgEfEfEfEgEgEgEgEfEgEgEgEfEfE-41698+9188-2232+602","mapping_code":"3_196_11008_13902812","state":1},{"key":"INPUT","name":"INPUT","code":"+9186-4520+600-502+598-498CfCfE-500EgEgEgE-1632ChEgEhEgEhEgEgEhEgEgEhCf+602-496EhChEgEhChEgEhChEgEgE-41696+9216-2252C","mapping_code":"3_201_11008_13931372","state":1},{"key":"LAST","name":"LAST","code":"+190-26458+9190-4532+600-506+598-500GhGhGhG-498EiEiG-1632EjGhGjEhGjGhGhGjEjGjEjGjEiE-1630EjGhGhGhGhGhGjEiGhG-41680+9212-2250E","mapping_code":"-1_0_0_1479235578","state":1},{"key":"5","name":"5","code":"+9190-4560+602-500+598dEdEdEdE-498+600fGfG-1632EhGfEhGdEhEdEdEdEhGhEdEhGfEhEhGhEdEdEhEdEhGfGfG-41684+9214-2244G","mapping_code":"3_214_11008_13921172","state":1},{"key":"9","name":"9","code":"+9186-4524+602-500+598-498+600fGfG-530GfGfGfE-1632GiEdEiGdEiEdEdEiG-1630GdEiGjGdEiEiGdEfGiEdEdEiGfEdE-41658+9188-2242C","mapping_code":"3_219_11008_13949732","state":1}],"_id":"5yd0RPzON5lmIVI2"}
