{"category":"TV","brand":"PHILIPS","model":"2902","type":1,"version":"1.0","create_date":1695199850516,"protocol":"PHILIPS","map_code":[{"key":"0","name":"0","code":"+574-1468+530-476+552-1464E-1462E-452EhEfEg+554gEhE-14896+582-1482EhEfEfEhEhEfEg+556-1460EhE-14864M-1480EhEfEfEhEhEfEfEfEhE-14894MlEhEgEfEhEhEgEfEgEhEqK-1478EhEgEfEhEhEgEfEgEhE","mapping_code":"-1_0_0_3192656995","state":1},{"key":"1","name":"1","code":"+578-1470+526-476+554-1462+552-452GhGhGhG-1464GfGhG-14972+582-1554+576-450GfGhGhGhGhGiGiGhG-14890+580-1476GhGiGhGhGhGhGiGiGhG-14918P-1478GhGiGhGhGhG-456+548iGfGhG-14892PqGhGiGhGhGhGhGiGfGhG","mapping_code":"-1_0_0_3270266199","state":1},{"key":"2","name":"2","code":"+574-1466+530-476+552-1464E-1462E-452EhEhEfEgEhE-14886+556-1486EhEgEfEhEhEhEfEgEh+550iJ-1490EhEfEfEhEhEhEg+554fEhE-14908+580-1480EhEfEfEhEhEhEgEfEhE-14898P-1476EhEfEfEhEhEhEfEgEhE","mapping_code":"-1_0_0_3559304963","state":1},{"key":"3","name":"3","code":"+632-1444+532-476+552-1462+554-452E-1464EhEhEiEiEhE-14880G-1484EhEfGhEiEhEhEiEiEhE-14862G-1468EhEiEhEiEhEhEfEiEhE-14882G-1470EhEiEhEfEhEhEiEiEhE-14888+556-1490EhEiEhEfEhEhEiEfEhE","mapping_code":"-1_0_0_2185606489","state":1},{"key":"4","name":"4","code":"+570-1472+532-476+552-1464E-1462EfE-452EhEgEfEhE-14862+556-1478EhEgEfEfEhEhEgEfEhE-14872J-1468EhEfEfEfEhEhEgEfEhE-14884J-1482EhEfEgEfEhEhEfEfEhE-14880J-1486EhEfEfEgEhEhEfEfEhE","mapping_code":"-1_0_0_1835668943","state":1},{"key":"5","name":"5","code":"+570-1472+530-476+552-1462E-452EgE-1464EgEfEhEgE-14866+556-1480EgEhEgEgEhEgEhEf+554gEiJ-1478J-466EhEgEgEhEgEhEfEgE-14890J-1486EgEfEgEgEhEgEhEfEgE-14908+582-1482EgEhEgEgEfEgEhEhEgE","mapping_code":"-1_0_0_4237537525","state":1},{"key":"6","name":"6","code":"+574-1468+530-476+552-1464EfE-452EfEgEfE-1462EgE-14866+556-1476EgEfEfEgEfEgEfEfEgE-14870J-1466EgEhEfEgEhEgEfEfEgE-14880+582fEgEfEhEgEfEgEfEhEgE-15000J-1482EgEfEfEgEfEgEhEfEgE","mapping_code":"-1_0_0_231608993","state":1},{"key":"7","name":"7","code":"+576-1466+530-476+552-1464E-452E-1462EfEgEfEh+554gE-14894+582-1472EgEfEgEhEfEgEfEhEgE-14880A-1470EgEhEgEfEfEgEhEfEgE-14888+578nEgEhEgEfEhEgEfEfEgE-14912PnI-472EfEgEhEfEgEhEfEgE","mapping_code":"-1_0_0_3876459589","state":1},{"key":"8","name":"8","code":"+600-1442+530-512+552-1464E-1462EfEgE-452EfEgEhE-14916+580-1478EhEfEgEfEfEhEgEfEhE-14858+554-1470EhEfEfEgEfEhEfEfEhE-14866MnEhEfEfEgEfEhEfEfEhE-14884+556-1484EhEfEgEfEgEhEfEgEhE","mapping_code":"-1_0_0_3526522043","state":1},{"key":"9","name":"9","code":"+574-1468+530-476+554-1462+552-452GhGhG-1464GfEfGhG-14862+556-1474EhGiGhGhGhGiGfGiGhG-14886+580-1480GhGiGhGhGhGiGfGiGhG-14902+578lGhGiGhGhGhGiGiGiGhG-14892NlGhGfGhGhGhGiGfGiGhG","mapping_code":"-1_0_0_2903618231","state":1},{"key":"POWER","name":"POWER","code":"+572-1468+530-476+554-1462+552-1464GfG-452GiGiGiGiG-14872+556-1484GiGhGhGhGiGiGiGiGiG-14864K-1476GiGfGhGhGiGiGiGiGiG-14878E-1486GiGhGhGfGiGiGiGiGiG-14898+578-1472GiGhGhGhGiGiGiGiGiG","mapping_code":"-1_0_0_3955485865","state":1},{"key":"MENU","name":"MENU","code":"+570-1470+530-476+552-1464E-452E-1462EfE-1502EfEfEhE-14882+554-1468EgEfEgEhEfEfEhEfEfE-14886+578lEgEfEgEfEfEhEfEfEfE-14892K-1488EgEfEgEfEfEfEfEfEfE-14868+556lEgEfEgEfEfEfEfEfEfE","mapping_code":"-1_0_0_618751960","state":1},{"key":"VOLUME_UP","name":"VOLUME UP","code":"+572-1468+530-476+552-1462+554-452EhEhEfEhEhEhE-14886+556-1480EhEfEhEhEhE-1464EhEhEhE-14864JkEhElEhEhEhElEhEhEhE-14902+578bEhElEhEhEhElEhEhEhE-14938J-1488EhElEhEhEhEfEhEhEhE","mapping_code":"-1_0_0_1216979263","state":1},{"key":"VOLUME_DOWN","name":"VOLUME DOWN","code":"+574-1466+530-476+552-1464EfE-452EgE-1462EgEgEgE-14856EhEgEfEfEgEgEfEgEgEgE-14866+554-1476EgEfEhEgE-456+548fEgEgEgE-14884+556-1484EgEfEfEgEgEhEgEgEgE-14912P-1488EgEhEfEgEgEfEgEgEgE","mapping_code":"-1_0_0_1506018027","state":1},{"key":"CHANNEL_UP","name":"CHANNEL UP","code":"+572-1470+530-478+550-1462+552-1464G-452GhGiGiGiGiG-14866+556-1478GiGfGhGiGhGiGiGiGiG-14864KlGiGhGhGiGhGiGiGiGiG-14892K-1486GiGhGhGiGhGiGiGiGiGn+554-1494GiGfGhGiGhGiGiGiGiG","mapping_code":"-1_0_0_4156627543","state":1},{"key":"CHANNEL_DOWN","name":"CHANNEL DOWN","code":"+574-1468+530-476+554-1462+552-452G-1464GfGhGhGhGhG-14856GfGhGiGhGiGiGhGhGhGhG-14862+556bGhGiGhGfGiGhGhGhGhG-14926E-1500GhGiGhGiGiGhGhGhGhG-14864EbGhGiGhGfGiGhGhGhGhE","mapping_code":"-1_0_0_326439947","state":1},{"key":"MUTE","name":"MUTE","code":"+574-1468+530-476+552-1462E-1464E-452EhEhEhEhE-506E-14882+578-1470EhEgEgEhEhEhEhEhEhE-14910K-1474EhEgEgEhEhEhEhEhEhE-14924K-1478EhEgEfEhEhEhEhEhEhE-14952+582-1494EhEgEgEhEhEhEhEhEhE","mapping_code":"-1_0_0_1384154589","state":1},{"key":"INPUT","name":"INPUT","code":"+574-1468+530-476+552-1464E-452EfEgEgEgEgEgE-14870+556bEgEfEgEfEgEgEgEgEgE-14866I-1478EgE-1462EgEfEgEgEgEgEg+554-14884I-1480EgEfEgEfEgEgEgEgEgE-14914+578-1470EgElEgEfEgEgEgEgEgE","mapping_code":"-1_0_0_2930554143","state":1},{"key":"LAST","name":"LAST","code":"+604-1442+530-478+552-1462E-452E-1464EgEhEfEgEgE-14866+554-1470EgEhEgEhEgEhEhEgEgE-14876J-1468EgEhEgEhEgEhEhEgEgE-14892J-1494EgEhEgEhEgEhEhEgEgE-14906J-1492EgEfEgEhEgEhEhEgEgE","mapping_code":"-1_0_0_2290450901","state":1}],"_id":"xWcZPxYdcYhlHpUJ"}
