{"category":"TV","brand":"PHILIPS","model":"2912","type":1,"version":"1.0","create_date":1695200339378,"protocol":"PHILIPS","map_code":[{"key":"0","name":"0","code":"+9294-4574+608-508+606-1650E-506EfEfEgEgEgEfEgEgEg+610-502EfEgEfEgEgEfEfEfEgEfEfEfEfEgEgEgEgEgEgEgEgEfEfEfEfEfEfEfEfE-27794+9296-4614C","mapping_code":"22_0_2832_1520769630463","state":1},{"key":"1","name":"1","code":"+9270-4590+608-508+606-1650E-506EfEfEgEgEgEfEgEgEgEgEfEgEfEgEgEfEfEfEgEfEfEfEfEfEgEgEgEgEgEgEgEgEfEfEfEfEfEfEfE-27862+9324-4588C","mapping_code":"22_128_2832_1520769663103","state":1},{"key":"2","name":"2","code":"+9270-4590+608-508+606-1650E-506EfEfEgEgEgEfEgEgEgEg+604fEgEfEgEgEfEfEfEgEfEfEfEfEgEfEgEgEgEgEgEgEfEgHfEfEfEfEfEfE-27790+9324-4638C","mapping_code":"22_64_2832_1520769646783","state":1},{"key":"3","name":"3","code":"+9270-4608+608-508+606-1650E-506EfEfEgEgEgEfEgEgEgEgEfEgEfEgEgEfEfEfEgEfEfEfEfEfEfEg+604dHdHdEgHgEdHdHfEfEfEfEfEfE-27834+9298-4592C","mapping_code":"22_192_2832_1520769679423","state":1},{"key":"4","name":"4","code":"+9270-4590+608-510+606-1650E-506EfEfEgEgEgEfEgEgEgEgEfEgEfEgEgEfEfEfEgEfE-1648EfEfEgEg+604fEgEgEgEgEgEfEfEgEfEfEfEfEfE-27830+9298-4610C","mapping_code":"22_32_2832_1520769638623","state":1},{"key":"5","name":"5","code":"+9296-4578+608-508+606-1650E-506EfE-1676EgEgEgEfEgEgEgEgEfEgEfEgEgEfEfEfEgEfEfEfEfEfEgEfEgEgEgEgEgEgEfEgEfEfEfEfEfE-27834+9298-4610C","mapping_code":"22_160_2832_1520769671263","state":1},{"key":"6","name":"6","code":"+9270-4590+608-508+606-1650E-506EfEfEgEg+604dEfEgEgEgHdEfEgEfEgEgEfEfEfEgEfEfEfEfEgEfEfEgEgEgEgEgEfEgHgEfEfEfEfEfE-27824+9294-4586C","mapping_code":"22_96_2832_1520769654943","state":1},{"key":"7","name":"7","code":"+9302-4586+608-520+606-1650E-506EfEfEgEgEgEfEgEgEgEgEfEgEfEg+604gEfEfEfEgEfEfEfEfEfEfEfEgEgEgEgEgEgEgEgEfEfEfEfEfE-27828+9298-4584C","mapping_code":"22_224_2832_1520769687583","state":1},{"key":"8","name":"8","code":"+9268-4606+608-508+606-1650E-506EfEfEgEgEgEfEgEgEgEgEfEgEfEgEgEfEfEfEgEfEfEfEfEgEgEgEfEg+604gEgEgEfEfEfEgHfEfEfEfE-27822+9296-4586C","mapping_code":"22_16_2832_1520769634543","state":1},{"key":"9","name":"9","code":"+9292-4586+608-508+606-1650E-506EfEfEgEgEgEfEgEgEgEgEfEgEfEgEg+604fEfEfEgEfEfEfEfEfEgEgHfEgEgEgEgEgHfEfEgEfEfEfEfE-27832+9298-4634C","mapping_code":"22_144_2832_1520769667183","state":1},{"key":"POWER","name":"POWER","code":"+9294-4576+608-508+606-1650E-506EfEfEgEgEgEfEgEgEgEgEfEgEfEg+604dHfEfEfEgEfEfEfEfEgEgHfEfEfEgEgEgEfEfEgEgEgHfEfEfE-27820+9298-4582C","mapping_code":"22_56_2832_1520769644743","state":1},{"key":"MENU","name":"MENU","code":"+9270-4594+608-508+606-1650E-506EfEfEgEgEgEfEgEgEg+604dHfEgEfEgEgEfEfEfEgHfEfEfEfEgHdHgEgEfEgEgHdHfEfEfEfEgEfEfEfE-27828+9298-4590C","mapping_code":"22_8_2832_1520769632503","state":1},{"key":"VOLUME_UP","name":"VOLUME UP","code":"+9298-4578+608-508+606-1650E-506EfEfEgEgEgEfEgEgEgEgEfEgEfEg+604gEfEfEfEgEfEfEfEfEfEfEfEfEfEgEgEgEgEgEgEgEgHfEfEfE-27820+9294-4580C","mapping_code":"22_248_2832_1520769693703","state":1},{"key":"VOLUME_DOWN","name":"VOLUME DOWN","code":"+9320-4608+608-510+606-1650E-506EfEfEgEgEgEfEgEgEgEgEfEgEfEgEg+604fEfEfEgEfEfEfEfEgEfEfEfEfEgEgH-508HfEgEgEgEgEfEfEfE-27842+9298-4594C","mapping_code":"22_120_2832_1520769661063","state":1},{"key":"CHANNEL_UP","name":"CHANNEL UP","code":"+9270-4596+608-518+606-1650E-506EfEfEgEgEgEfEgEgEgEgEfEgEfEgEgEfC-1648EfEgEfEfEfEfEfEfEgEfEfEgEgEgEg+604-508IfEgEgEfEfEfI-27812+9324-4648C","mapping_code":"22_216_2832_1520769685543","state":1},{"key":"CHANNEL_DOWN","name":"CHANNEL DOWN","code":"+9296-4588+608-508+606-1650E-506EfEfEgEgE-510+602fEgEgEgEgEfEgEfEgEg+604fEfEfEgEfEfEfEfEgEfEgEfEfEgEgEgEfEgEfEgEgEfEfEfE-27828A-4578C","mapping_code":"22_88_2832_1520769652903","state":1},{"key":"MUTE","name":"MUTE","code":"+9270-4594+608-508+606-1650E-506EfEfEgEgEgEfEgEgEgEgC-1646EgEfEgEgEfEfEfEgEfEfEfEfEfEgEfEgEfEgEg+604gEgEfEgEfEgEfEfEfE-27816+9296-4590C","mapping_code":"22_168_2832_1520769673303","state":1},{"key":"INPUT","name":"INPUT","code":"+9296-4604+608-508+606-1650E-506EfEfEgEgEgEfEgE-530+604dIgEfEgEfEgEgEfEfEfEgEfEfEfEfEfEgEfEfEgEgEgEgEgEfEgEgEfEfEfEfE-27832+9298-4594C","mapping_code":"22_176_2832_1520769675343","state":1},{"key":"LAST","name":"LAST","code":"+9294-4576+608-508+606-1650E-506EfE-1648EgEgEgEfEgEgEgEgEfEgEfEg+604dEfEfEfEgEfEfEfEfEgEgEfEfEgEgEfEgEfEfEgEgEfEfEgEfE-27814+9270-4628+610","mapping_code":"22_50_2832_1520769643213","state":1}],"_id":"yLdFjDRFgKzgei0q"}
