{"category":"TV","brand":"PHILIPS","model":"2932","type":1,"version":"1.0","create_date":1695199134822,"protocol":"PHILIPS","map_code":[{"key":"0","name":"0","code":"+3538-3500+924-2544+900-798EfE-2530+898-800HgEgHiHiHgEfHgHiHgH-2536EfHdE-804HfE-2532HgHiHgEfH-34648+3514-3408+902gEiHiHgEfH-2540E-2534HiHiHgHiHgEfEqEqEiHgHiHiHgHgEiHgHiH","mapping_code":"-1_0_0_2295002183","state":1},{"key":"1","name":"1","code":"+3486-3416+900-2532+898-800EfE-2530C-798CgEgEgCgE-2536C-2534CfEfEiEgChC-2542C-804EfEfEfEfEfEgC-34612+3512-3396Cd+902-806ChCjChEgEgCgE-2582PiCgEfEfEjP-2526EfEgCfEhChChEfEfEgE","mapping_code":"-1_0_0_90895163","state":1},{"key":"2","name":"2","code":"+3486-3410+900-2536C-800+898-798C-2530CgFhFhCgCeFgCgChFeFhFdFeFhCeFeFhFhFhChFeF-34612+3512-3416C-2532CgFeFhCgChFhCgCgCgFeFhCgC-2614C-2568+902eFhCgFeFhF-2534+1062-2594O-2544FeF","mapping_code":"-1_0_0_2713291055","state":1},{"key":"3","name":"3","code":"+3486-3412+902-2538+900-804+898-800G-2536GhG-2530GhGjE-798EkEkEjGhGjGjEhG-2534EhGjGhGjGjEjEkE-34628+3514-3424E-2532GhGhGjEkEjGhGjEkEkEkGjGhGjG-2566C-824GjGhGjEhGjGjEjGhG","mapping_code":"-1_0_0_1428693759","state":1},{"key":"4","name":"4","code":"+3486-3410+900-2536C-800+898eF-2530C-798CgFgFgChChChCgFeFdC-2528CeFgChChChCgFgCgChC-34614+3536-3406C-2532ChChFgChCg+926iCgFeFeFeF-2534+928-1336P-2542FgFeFgFeFeFeFgFgF-2552C-806F","mapping_code":"-1_0_0_1957073847","state":1},{"key":"5","name":"5","code":"+3486-3416+900-2532C-798+898-800F-2530CgF-2542+902-810FgFhFgFgFhCeChC-2546C-804FhCgF-2536FhCeChFhCgF-34586+3514-3408JhCeCeChFgFhCeCeChFgFgFhFgFlJnFgFnFgFhChCeFhChFgF","mapping_code":"-1_0_0_3377814063","state":1},{"key":"6","name":"6","code":"+3486-3402+900-2532C-798+952-800C-2530+898gI-2536ChIgIhCeCeChCeIhIhCeC-2534CgIgIhCeChIhCgI-34648+3534-3422CdCeCeChIgIhChCeChIgIgIjC-804IhCjIgIhCeCeC-2540CoChIhIgI","mapping_code":"-1_0_0_2292415479","state":1},{"key":"7","name":"7","code":"+3486-3418+902-2530+900-798E-800+898dEfEdHgHdEdEfHgHdHgH-2536HdEfEdEfEdHgHgHdEdHgH-34642+3538-3430EdEgHfE-2542E-804HdEfHdHdEfEfH-2634C-830EdHdEfEdHgHdEfEfHdHiHgH","mapping_code":"-1_0_0_1863499703","state":1},{"key":"8","name":"8","code":"+3512-3424+900-2532+898-800EfE-2530C-798CgC-2536CgEgChChCgEfEgEgChC-2534CfEhChChCgEgEfE-34602A-3398CdEfEhCgEfEiEgCgE-2538CfEfEgChCgEiEfEgChEfEfChEgCgChE","mapping_code":"-1_0_0_2391879791","state":1},{"key":"9","name":"9","code":"+3486-3442+924-2532+900-798E-800+898-2530E-802+896iHgHgHgHiEgHiHgH-2536EiHgHiEgHiEiHd+2208-862+928-2560HgH-34566+3510-3408EdHgHgHiEgHiEfHgEfEiHgHiEfE-2534EiEfEiHgHiEiHiHgHlHgH","mapping_code":"-1_0_0_1125264397","state":1},{"key":"POWER","name":"POWER","code":"+3490-3410+902-2582+900-798EfE-2530+898-800H-2536HiHiHiHiHiHgEiHgEgHiHgEfEgHjEgHgEjE-804H-34614+3514-3402E-2532EfEfEgHiHgEfEfEiHfEfEgEfEgHgEfEgHiHgHjHgHgHgHiH","mapping_code":"-1_0_0_3170097399","state":1},{"key":"MENU","name":"MENU","code":"+3486-3416+900-2544C-804C-798C-2530+898-800H-2536HgCj+902-2534HgCfHgCiHjHgCfHgCfCfCfHiHiHgHiH-34576+3510-3404KgCfCfCgHiHgCgC-2528CgHgCfClCfCgHg+904-794CgHiHiHiHiHiHgHiH","mapping_code":"-1_0_0_1471095415","state":1},{"key":"VOLUME_UP","name":"VOLUME UP","code":"+3486-3434+902-2542+900-798EfE-2530+898-800HgEfEfEfEfEgE-2534EfEgHgEiHgEfEgHgE-2536HgEfEfE-34612+3514-3422E-2554EfEfEgEfHgEiHiHiHiHkHgEfEgEgHiHgEfEgEjEgHgEiHfE","mapping_code":"-1_0_0_988653359","state":1},{"key":"VOLUME_DOWN","name":"VOLUME DOWN","code":"+3488-3410+900-2532+898-800EfC-2528CfE-2530ChC-798EfEfEhEh+2314-882+924-2556EhCiChEfEfEhEhEhCiEfE-34620+3514-3414CdCiEfChEfEhChEfEfEfEhC-2536EfEhChEfEhEfEfEhCdC-2534CfEiC","mapping_code":"-1_0_0_1185428777","state":1},{"key":"CHANNEL_UP","name":"CHANNEL UP","code":"+3514-3444+902-2540+898-800EfE-2530+900-798HgHiHiEfHiEgEfEfE-2536EgHiHgHiEgEgHgHgEfEjE-34640A-3434C-2538H-804HiHgHiEgHiHiHfEiHgEfEfE-2534HdHfEgEfEgHgEgHoHiEgE","mapping_code":"-1_0_0_2901775547","state":1},{"key":"CHANNEL_DOWN","name":"CHANNEL DOWN","code":"+3486-3410+902-2530+900-800+898-798E-2542GfG-2536Eh+904-794GfGdGfGfGfGdEdEhGdEfGdE-2534EdGfGdGdE-34606+3514-3418C-2540EhEhE-2556E-806GdEhEhEhEdGfGfGfGdGdEhEdEhGjEdGdEfGdEdG","mapping_code":"-1_0_0_2396626619","state":1},{"key":"MUTE","name":"MUTE","code":"+3486-3414+900-2530C-800+898eFdCeF-2534CdCdFeFeFdCdC-798FdF-2536FeFdFeFeFeFdC-2538+902-810ChC-34590+3514-3418KdChChCdFeFdCdFiC-804ChC-2652KdChCdF-2554C-806FdChChChCdFdChChC","mapping_code":"-1_0_0_4070597103","state":1},{"key":"INPUT","name":"INPUT","code":"+3508-3414+900-2536C-798CeCd+902-804C-2530+898hCeChC-2540F-808CeCeC-2534ChCeChI-800ImIhCeCeChIhC-34640+3514-3454+928jImImIhCeChIhCeChI-2740C-838ImImIhChImIhCeImIhImImIhIdC","mapping_code":"-1_0_0_1441637435","state":1},{"key":"REWIND","name":"REWIND","code":"+3486-3410+900-2532C-798CeC-2528C-800+898-2536CfC-2530CjHjCjC-2534CeCjCjHgHjCeCeCeCeCeCeCeC-34620+3512-3402+902jCeCeCkCeCjHjCjH-2546OjCkCjHgHjCjHgHjCeCeHgHgHgHgHgH","mapping_code":"-1_0_0_375199679","state":1},{"key":"INFO","name":"INFO","code":"+3486-3410+902-2530+900-800+898-798EdEhE-2558C-2536E-2540C-2534EdEhEhEhEdGjEfEkC-808EhEhEhEhEdE-2528E-34622+3512-3442C-2542EhGfGdEhEdGdEdG-2684CdEhEhGfGjEdGfGdGfGfGfGfGfG-2532+896dG","mapping_code":"-1_0_0_2350133243","state":1},{"key":"LAST","name":"LAST","code":"+3486-3410+900-2536C-800+898eF-2530C-798CgFeFgCgCgFeFeFeFdFgCeFgChCgFeFeFeFgCgC-34614A-3424+902gChChCgChCgFeFgCgC-2534ChFeChFgFgChCgChCgFeFeFeFgCgC","mapping_code":"-1_0_0_751444155","state":1}],"_id":"9I31psQ6kOot4ztz"}
