{"category":"TV","brand":"PHILIPS","model":"3803","type":1,"version":"1.0","create_date":1695201542141,"protocol":"PHILIPS","map_code":[{"key":"0","name":"0","code":"+218-17098+3446-3362+890-790+888-2496G-788GhGiGhGhGiGiGhGiG-2502GhGiGhGiGhGiGiGhGhGiGjGiG-34168+3468-3360EfGhGiGhGiGhGhGiGiGjGiGhGhGiGhGiGhGiGiGhGhGiGjGiG","mapping_code":"-1_0_0_2885218729","state":1},{"key":"1","name":"1","code":"+114-5232+96-6532+154-8876+3446-3362+890-790+888-2496K-788KlKmKlKlKlK-2502KlKlKmKlKmKlKmKlKmKmKmKmKmKmKlK-34164+3468-3440+916-830KlKmKlKmKlKlKlK-2698I-2512KlKmKlKmKlKmKlKmKmKmKmKmKmK-2500K","mapping_code":"-1_0_0_1688157539","state":1},{"key":"2","name":"2","code":"+218-16824+3446-3368+890-790+888-2496G-788GhGiGhG-2502GiGiGiGiGhGhGiGj+2440-860E-2524GiGiGhGjGhG-2506E-794G-34152+3650-3610EfGhGiGhGiG-2500GhGiGiGiGiGhGhGiGhGiGhGiGiGhGsGhGhGiG","mapping_code":"-1_0_0_2896428351","state":1},{"key":"3","name":"3","code":"+96-16630+3446-3362+890-790+888-2496G-788GhGiGhGiGh+912-786GiGiGhGhGiGhGiGhGiG-2502GiGhGhGhGiG-34146+3416-3394EfGhGiG-2520E-800GhGiGhGiGiGiGlE-2504GiGhGiGhGiGlGiGhGhGhGiG","mapping_code":"-1_0_0_1899670121","state":1},{"key":"4","name":"4","code":"+3442-3368+890-790+888-2496E-788EfEgEfE-2502EfEgEgEgEfEfEgEfEgEfEgEgEgEfEhEfEgE-34140+3466-3362CdEfEgEfEgEfEfEfEgEgEgE-2536ChCdEfEgEfEgEgEgE-2514C-2510E-2506C-792E","mapping_code":"-1_0_0_437477051","state":1},{"key":"5","name":"5","code":"+114-22474+3446-3374+890-794+888-2550G-788G-2496GiGjGiGiG-2518E-796GiGjGjGiGjGiGjGiGjG-2502GiGjGjGiG-34148+3440-3394E-790GjGiGjGiG-2510ElGiGjGiGiGjGjGiGjGiGjGiGmGjGiGjGjGiG","mapping_code":"-1_0_0_1149886953","state":1},{"key":"6","name":"6","code":"+3442-3376+890-790+888-2496E-788EfEgE-2500EfEgEfEgEgEfEfEgEfEgEfEgEgE-2502EgEfEfEgE-34160+3546-3440E-808EfEgEfEgEhEfEgEfEgEgE-2724ChEgEfEgEiEgEgEfEgEfEfEgE","mapping_code":"-1_0_0_2103013179","state":1},{"key":"7","name":"7","code":"+3442-3362+890-790+888-2496E-788EfEgE-2502EgEfEfEgEgE-2494EfEgEfEgEhEgEfEgEgEfEfEgE-34138+3468-3378C-792EfEgEfEgEfEgE-2498+884fEgEgEfEfEgEfEgEhEgEfEgEgEfEfEgE","mapping_code":"-1_0_0_3235051835","state":1},{"key":"8","name":"8","code":"+96-16370+116-1114+3472-3384+890-792+888-2496I-788IjIkIjIjIjIjIkIkIjI-2502IkIjIkIjIkIkIkIkIjIjIkI-34136+3468-3362G-790I-2498IkIjIkIjIjIjIjIkIkI-2530G-2522IkI-2506G-794IjIkIkIkIkIjIjIkI","mapping_code":"-1_0_0_321111722","state":1},{"key":"9","name":"9","code":"+3442-3368+890-790+888-2496E-788EfEgE-2500EgEgEgEfEgEfEfEgEfEgEfEgE-2502EfEfEgEfEgE-34216+3494-3408C-806EfEgEfEgEfEgEgEgEhEgEfEfEgEfEgEfEgEfE-2520C-2504EgEiC-792E","mapping_code":"-1_0_0_983623163","state":1},{"key":"POWER","name":"POWER","code":"+212-14748+3468-3378+890-808+888-2496G-788GhGiGhGiGiGiGiGiG-2502GhGiGhGiGhGiGhGhGjGhGhGiG-34130C-3384E-790GhGiGhGiGhGiGiGiGiGiGhGhGiG-2596EmGhGiGhGhGjGhGhGiG","mapping_code":"-1_0_0_2366906281","state":1},{"key":"CHANNEL_UP","name":"CHANNEL UP","code":"+3442-3398+914-792+888-2496E-788EfEgEfEgEgEgEgE-2508+890-794E-2502EgEfEgEfEgE-2500IlEfEkEgEfE-34144+3468-3392I-790EfEgEfEgEfEgEgEgEgEkEgEfEgEfEgEfEgEfEfEfEkEgEfE","mapping_code":"-1_0_0_113214791","state":1},{"key":"CHANNEL_DOWN","name":"CHANNEL DOWN","code":"+3494-3446+890-800+888-2496E-788EfEgEfEgEgEgEfEgEgEfEgE-2500EgEfEgEfEfEfEgE-2498E-2524C-34150+3464-3360C-790EfEgEfEgEfEgEgEgEfEgEgE-2502EgEfEgEfEgEfEfEfEgEfEoE","mapping_code":"-1_0_0_3428342983","state":1},{"key":"LAST","name":"LAST","code":"+3446-3362+890-790+888-2496E-788E-2502EgEfEgEfEfEfEgEgEfEgEhEgEfEgEfEgEgEgEfEfE-34120+3468-3360CdEhEgEfEgEfEg+916-2498EfE-2606C-794EgEhEgEhC-792EfEgEfEgEgEgEfEfE","mapping_code":"-1_0_0_3392540871","state":1}],"_id":"457Wml1F26X9RiMJ"}
