{"category":"FAN","brand":"MITSUBISHI","model":"4698","type":1,"version":"1.0","create_date":1692610689376,"protocol":"MITSUBISHI","map_code":[{"key":"POWER","name":"POWER","code":"+3314-1512+436-1110+434-1108E-402+432eEgHfEgEgHfEfE-400EfEgEgHfEfEgEfEfEgHdEiEgEiEgEiEfEgEgHgEfEgHgEiEgEgHgEgHgEfEfEgHgEfEgHgEgHfEfEiEgHgEgEiEgHgEgHgEgHgEfEgHgEfE","mapping_code":"-1_0_0_1347677566","state":1},{"key":"SWING","name":"SWING","code":"+3312-1512+436-1110+434-1108E-402+432gHgEfEgEgHfEfEgEfEgE-400EfEfEgEfEfEgEfEiEgEgHgEiEfEgEgHgEfEgHgEgHgEgHgEgHgEfEfEgHgEfEgHgEgHfEfEfEiEgEgHgEiEgEgHgEgHgEfEfEgHfE","mapping_code":"-1_0_0_4166552534","state":1},{"key":"SPEED","name":"SPEED","code":"+3316-1540+434-1110C-1108C-404+432-402ChGeC-400Ch+436-1106CeChGeCiChGeCdChGeCeCiCeChGhChGhChGeChChGhCeChCiChGhChGhChGhCeCeChGhCeChChGhCeChGeChChGhChGhChGhGhChGhChGdCiCeC","mapping_code":"-1_0_0_1151021632","state":1},{"key":"TIMER","name":"TIMER","code":"+3302-1536+436-1110+434-1108E-402Eg+432gEfEgHgEfEfEgEfEgHgEfEfEgEfEfEgHfE-400EgEiEgHgEfEgHgEgHfEiEgHgEgHgEgHgEgHfEfEgEgHfEgHgEiEfEgEgHfEgEgHgEgHgEgHgEgHgEiEgHfEfE","mapping_code":"-1_0_0_422656730","state":1}],"_id":"JEffQXQUSOlFJm8y"}
