{"category":"TV","brand":"SAMSUNG","model":"3045","type":1,"version":"1.0","create_date":1689754672308,"protocol":"SAMSUNG","map_code":[{"key":"0","name":"0","code":"+886-928+1768-906+878-902E-900F-880FeGh+876fE-904EjFiEjE-20522+948-844+1726lGhIdIjEjIjFhIjIdIjEfE","mapping_code":"1_0_0_0","state":1},{"key":"DISPLAY","name":"DISPLAY","code":"+950-862+878-902+1772d+1040-672+946dC-904CdCi+892-1780Cd+880dCdD-19596H-846Ci+1746-928+900-882CdCi+876iQlS-1796CdSiCdI","mapping_code":"1_15_0_2063","state":1},{"key":"POWER","name":"POWER","code":"+930-904+912-868+1804-870+910fC-848+932-850I-846IhI-1742Ih+1826kI-20462I-864AjMhIjIfIjIjAjIlAjMhA","mapping_code":"1_12_0_2060","state":1},{"key":"1","name":"1","code":"+932-936+1804-868+910-870+912-848A-846+934hJiJhJhAhA-850A-1742+930-19560M-860+1826hMkAhAkAkMkAhAkAhAhAlA","mapping_code":"1_1_0_1","state":1},{"key":"2","name":"2","code":"+932-900+912-868+1802-870+910fCfG-872GdG-850+930fC-848+934-1740+1826-20466A-862AkN-846AiAkAkAkLkAkAkA-1742N","mapping_code":"1_2_0_2050","state":1},{"key":"3","name":"3","code":"+932-904+1804-870+912d+910dFdFdEdFdFdE-868E-1740AdF-19578+934-888CgEgFd+906-876FdFdF-850A-848AoA-1742AoA","mapping_code":"1_3_0_3","state":1},{"key":"4","name":"4","code":"+934-898+912-868+1804-870+910fCfCdCdCdGfG-1742+1824-874G-20702+1010bGf+1788-886CfCdCfCfCdCdGh+1802-894G","mapping_code":"1_4_0_2052","state":1},{"key":"5","name":"5","code":"+932-904+1804-870+912dE-868+910dE-848A-850AhAhA-1742+1824-1740A-19564A-858+1826hAhAhAhAhAhAhAiAjOlA","mapping_code":"1_5_0_5","state":1},{"key":"6","name":"6","code":"+928-904+912-868+1804-870+910fGfGfG-850+930-848+932-846K-1742Kj+1828-20450K-862Kj+1826jKjKjKjKjKhKjKmKhQ","mapping_code":"1_6_0_2054","state":1},{"key":"7","name":"7","code":"+930-906+1804-870+910dEd+912dEdFdFdEdE-1740+934dF-868F-19550+932-880CiFiFiFdEdFdFiEdFgHiEdE","mapping_code":"1_7_0_7","state":1},{"key":"8","name":"8","code":"+934-898+912-870+1804dC-868CdCfCfCdC-1740+1826dCfC-20446+932-878CdEfCd+910dLdCdLdLgHdCfL","mapping_code":"1_8_0_2056","state":1},{"key":"9","name":"9","code":"+934-898+1782-892+912-868E-870+910gHgEfEgE-1740+1826gH-1742+932-19562L-884+1804gH-850+930gHpL-848QpLrLiJrLiA","mapping_code":"1_9_0_9","state":1},{"key":"VOLUME_UP","name":"VOLUME UP","code":"+1826-902+910-870CdCdCdC-848+932eF-1740A-1742+934eA-20452A-858FeFeFeFeFeFeFhAgFeA","mapping_code":"23_86_0_4118","state":1},{"key":"VOLUME_DOWN","name":"VOLUME DOWN","code":"+1826-1770+2008-920+910-870+912fE-848+932hI-1740A-1744Aj+934-19596A-1762A-850IhIhIoIhI-1742AjAjI","mapping_code":"23_85_0_6165","state":1},{"key":"MENU","name":"MENU","code":"+1824-906+912-870C-868Cd+910dCdCdC-1740+1806-892F-1742+1826-20554+1854-896FdCeCdF-848+934-846PqPjAo+932gK","mapping_code":"23_82_0_4114","state":1},{"key":"CHANNEL_UP","name":"CHANNEL UP","code":"+1826-1774A-872+912-870D-868+910eDfD-1740AeGeDfG-20444+1828-1742JcDeDfGeDeGkA-848+932lMlM","mapping_code":"23_80_0_6160","state":1},{"key":"CHANNEL_DOWN","name":"CHANNEL DOWN","code":"+1828-904+912-870C-868+910dCdFdFdC-1740+1802-896FdC-1738+934-19556A-882CeCdCd+914-866CdFdCg+1824dCeF-1742+932","mapping_code":"23_81_0_4113","state":1},{"key":"LEFT","name":"LEFT","code":"+930-906+912-868+1802-872+910-870+936-886GhChG-1742+932-848+1826-1740N-20448L-858LmN-846L-850AsLsLmLkLmNoN","mapping_code":"1_26_0_2074","state":1},{"key":"RIGHT","name":"RIGHT","code":"+934-900+1804-868+910-870+912fGdGfEfE-1742+932-850+1808-866IhI-19572Il+1826-846IjI-848Ij+930jIjIhIjNpIhI","mapping_code":"1_25_0_25","state":1},{"key":"DOWN","name":"DOWN","code":"+934-900+912-870+1804d+910dFdCdF-1740+1826gH-872CdF-20444A-880FdEdC-868CdClCg+1824-1742M-852+932-848P","mapping_code":"1_40_0_2088","state":1},{"key":"ENTER","name":"ENTER","code":"+1826-906+910-870+912dE-868EdCdE-1740+934fEd+1802-1742A-20446A-878EfEdCdCdEfCj+932dCd+1804j+3246","mapping_code":"23_122_0_4154","state":1},{"key":"MUTE","name":"MUTE","code":"+930-906+1804-870+912-868Ed+910dGdEfEdE-1740+934dCh+932-19552J-878CdGdGdEdGdGd+914fGhIdChJ","mapping_code":"1_13_0_13","state":1},{"key":"INPUT","name":"INPUT","code":"+934-898+1806-868+910-870+912fEfEfE-1740AfEf+1804-848+932jK-20462K-862+1826jKjAjA-846K-850K-1742+930jKj+1828oAjK","mapping_code":"1_56_0_56","state":1},{"key":"EXIT","name":"EXIT","code":"+1828-1762+1826-874+912-868E-870EfE-1740+932gEf+1804-1774+1824-20464C-1750+1812-886+910gEgQgQhI-850+930-848L-1742C","mapping_code":"23_122_0_6202","state":1},{"key":"LAST","name":"LAST","code":"+1826-906+912-868C-870CdCe+910eF-1742+934-848+1824i+930iH-1740+932-19562A-860MiMiM-850MiMpMgKiAiMpMgK","mapping_code":"23_113_0_4145","state":1}],"_id":"3BqWGw6mxmo0CtEI"}
