{"category":"STB","brand":"CHINA","model":"WH220505E","type":1,"version":"1.0","create_date":1689654977954,"protocol":"CHINA","map_code":[{"key":"POWER","name":"POWER","code":"+8996-4478+568-560+544dEd+542-1666C-562FdEdEdEgC-1668+566iJdEgCgCgJiJdEiJdEgCdFdEdE-558+546-1664CdEgCkLgCgCmCgC-40498+9008-2218C","mapping_code":"3_10_8_284119215","state":1},{"key":"MENU","name":"MENU","code":"+8990-4484+564-560+542dEd+544-1672+562dFdFdEdF-1670HiCiCdEgHi+566iHgHdFiCiCdF-558FiCiCdFiC-540HlCiCiC-538CmJiC-40502+9006-2220J","mapping_code":"3_102_8_284124825","state":1},{"key":"BACK","name":"BACK","code":"+8994-4482+564c+540-562De+542-1668CeDcDeDeFg+566gHgHeDgH-1670CiHgHeDeFgHgCgHeDcFeFgCiCeFeFeFgCiHgC-40502+9004-2220F","mapping_code":"3_28_8_284113095","state":1},{"key":"HOME","name":"HOME","code":"+9002-4478+568-560+544-558EdE-1664CdEdEfEd+542-1666Ci+566-1668J-538JkJiJkCiC-534C-536CiCiCmCmCnCnCiCiCnCmCiCiCiCiJ-40500+9006-2220J","mapping_code":"3_12_8_284111055","state":1},{"key":"UP","name":"UP","code":"+9004-4478+568-560+544d+542dE-1664CdFdFdEdE-1666+566-1668IhCdEhChCjIjIdFdEdEdEdFdEdE-558EhCjIhChChChChChC-40500+9008-2218+570","mapping_code":"3_0_8_284098815","state":1},{"key":"DOWN","name":"DOWN","code":"+9004-4480+566-560+544dEdE-1668Cd+542dEdEdE-1666C-1670Ch+568dEfCfJhChJfCdEdEdGdEdEdEdG-562GfChChJfCfCfChJ-40500+9008-2218J","mapping_code":"3_1_8_284131455","state":1},{"key":"LEFT","name":"LEFT","code":"+9004-4478+568-560+542d+544dE-1666CdEdFdE-562Eg+566-1668IgIdFgCgIjIgCgIjIdFdFdEdEdFdFdFdFgCjI-1670+564jCgIgI-40500+9008-2218C","mapping_code":"3_3_8_284147775","state":1},{"key":"RIGHT","name":"RIGHT","code":"+9002-4482+564-562+542-560EfE-1666+566c+540dEdEf+544-1668CkHkCc+518-1692CkC-1670CkHdEkHdEdIcIcEdEdEkHdL-1690HnHkCnCnHkH-40502+8992-2234C","mapping_code":"3_2_8_284115135","state":1},{"key":"ENTER","name":"ENTER","code":"+9000-4480+568-556+548dEd+546-1666CdFdFdF-558FgCgCgCdFgCg+570-1664IgCgIjCgCjIgCdEdEdEdEdFdFdEdEgCgCjC-40500+9004-2222+562","mapping_code":"3_31_8_284162055","state":1},{"key":"VOLUME_UP","name":"VOLUME UP","code":"+8996-4480+568-560+544dE-558E-1666+566d+542dEdEdEgCgCgCdEgCgCgHgCdEf+546fEgCgCdEgC-536HgCgCgC-534CkCgClCg+570","mapping_code":"3_88_8_284105445","state":1},{"key":"VOLUME_DOWN","name":"VOLUME DOWN","code":"+9000-4482+564-562+542dEdE-1668CdE-560EdEgE-1670ChCf+566gEhChChChChDeGhChD-1672D-540ChDkCkChDkCkDeDjDkCjD-40504+9002-2224D","mapping_code":"3_93_8_284146245","state":1},{"key":"CHANNEL_UP","name":"CHANNEL UP","code":"+8994-4484+562c+542cD-560D-1672CeDeDcDcDfC-1674EgEdEgEfCfEg+544eEgEdEgEfCdEgEhE-1692DdEiDhEh+546-1688+556-566+518-1696+536-40530+9002-2224C","mapping_code":"3_90_8_284121765","state":1},{"key":"CHANNEL_DOWN","name":"CHANNEL DOWN","code":"+8996-4478+570-558+546dEdE-1666+568dEd+544dEdEfG-1664GfGdE-1670+564-1668+566fGfGfGfGiCfGfGdHlM-560HdHnHdHnHdHfGnHfG-40498+9008-2218G","mapping_code":"3_95_8_284162565","state":1}],"_id":"PwO8qqHEPSOo3lfm"}
