{"category":"TV","brand":"JVC","model":"4427","type":1,"version":"1.0","create_date":1695280664328,"protocol":"JVC","map_code":[{"key":"0","name":"0","code":"+9202-4566+600-508+598-498E-1628EfEfEfEfEfEgEgEfE-1626EgEhEgEhEfEfEfEfEgEfEfEfEgEgEgEgEfEgEgEgE-40072+9176-2268C","mapping_code":"3_16_4_551487735","state":1},{"key":"1","name":"1","code":"+9150-4526+600-500+598-498E-1628+602-494EfEfEfEfEgEgEfEgEgEgEgEgEgEfEfEfEgEfEfEfEfE-1626EgEgEfEgEgEgE-40106+9174-2224C","mapping_code":"3_17_4_551520375","state":1},{"key":"2","name":"2","code":"+9150-4526+600-500+598-498E-1628EfEfEfEfEfEgEgEfEgEgEgEgEgEfEgEfEfEgEfEfEfEgEfEgEgEfEgEgEgE-40102+9148-2258C","mapping_code":"3_18_4_551504055","state":1},{"key":"3","name":"3","code":"+9150-4526+600-500+602-494+598-1628G-498GiGiGiGiGhGhGiGhGhGhGhGhGhGhGiGiGhGiGiGiGiGiGhGhGiGhGhGhG-40102A-2236C","mapping_code":"3_19_4_551536695","state":1},{"key":"4","name":"4","code":"+9150-4526+600-500+598-498E-1628EfEfEfEfEfE-1626EgEfEgEgEgEgEgEfEfEgEfEgEfEfEfEgEgEfEgEfEgEgEgE-40130+9178-2242C","mapping_code":"3_20_4_551495895","state":1},{"key":"5","name":"5","code":"+9150-4530+600-500+598-498E-1628E-502+594fEfEfEfEgEgEfEgEgEgEgEgEgEfE-1678EfEgEfEfEfEfEgEfEgEfEgEgEgE-40094+9148-2248C","mapping_code":"3_21_4_551528535","state":1},{"key":"6","name":"6","code":"+9150-4532+600-500+598-498E-1626EfEfEfEfEfEgE-1628EfEhEhEhEhEhEfEhEgEfEhEfEfEfEhEfEfEhEfEhEhEhE-40088+9172-2222C","mapping_code":"3_22_4_551512215","state":1},{"key":"7","name":"7","code":"+9150-4526+600-500+598-498E-1626EfEfEfEfEfEgE-1628EfEgEhEgEhEhEhEhEhEfEhEfEfEfEfEfEfEhEfEhEhEhE-40106A-2236C","mapping_code":"3_23_4_551544855","state":1},{"key":"8","name":"8","code":"+9150-4642+626-524+598-498E-1628EfEfEfEfEfEgE-1626EfEgEgEgEhEgEfEfEfEgEgEfEfEfEgEgEgEf+600-496EgEgEgE-40120+9148-2248I","mapping_code":"3_24_4_551491815","state":1},{"key":"9","name":"9","code":"+9148-4540+600-500+598-498E-1628EfEfEfEfEfEgEgEfEgEgEgEgEgEgEfEfEgEgEfEfEfEfEgEgEfEfEgEgEgE-40086+9150-2230C","mapping_code":"3_25_4_551524455","state":1},{"key":"POWER","name":"POWER","code":"+9146-4538+600-500+598-498E-1628EfEfEfEfEfEgEgEfEgE-1626EgEhEgEfEfEfEgEfEfEfEfEgEgEgEfEgEgEgEgE-40086+9256-2318+602","mapping_code":"3_8_4_551489775","state":1},{"key":"MENU","name":"MENU","code":"+9150-4528+600-500+598-498E-1628EfEfEfEfEfEgEgEfEgEgEgEgEgEgEgEfEfEfEfE-1626EfEfEfEgEgEgEgEfEgE-40088+9152-2234C","mapping_code":"3_67_4_551535165","state":1},{"key":"VOLUME_UP","name":"VOLUME UP","code":"+9174-4554+600-514+598-498E-1626EfEfEfEfEfE-1628EhEfEhEhEgEhEhEfEhEfEfEfEfEfEfEhEfEhEhEhEhEhEhE-40144+9204-2250C","mapping_code":"3_2_4_551502015","state":1},{"key":"VOLUME_DOWN","name":"VOLUME DOWN","code":"+9148-4538+600-502+598-498E-1628EfEfEfEfEfEgE-1626EfEgEgEgEgEgEgEgEfEfEfEfEfEfEfEfEgEgEgEgEgEgE-40100+9176-2230C","mapping_code":"3_3_4_551534655","state":1},{"key":"CHANNEL_UP","name":"CHANNEL UP","code":"+9150-4526+600-500+598-498E-1628EfEfEfEfEfEgEgEfEgEgEgEgEgEfEfEfEfEfEfEfEfEgEgEgEgEgEgEgEgE-40126+9148-2248C","mapping_code":"3_0_4_551485695","state":1},{"key":"CHANNEL_DOWN","name":"CHANNEL DOWN","code":"+9174-4536+600-500+598-498E-1626EfEfEfEfEfE-1628EhEfEhEhEhEhEhEhEfEfEfEfEfEfEfEfEhEhEhEhEhEhEhE-40094+9148-2244C","mapping_code":"3_1_4_551518335","state":1},{"key":"MUTE","name":"MUTE","code":"+9148-4668+600-500+598-498E-1628EfEfEfEfEfEgEgEfE-1626EgEgEgEhEgEfEfEgEfEfEfEfEfEgEgEfEgEgEgEgE-40124+9174-2226C","mapping_code":"3_9_4_551522415","state":1},{"key":"INPUT","name":"INPUT","code":"+9176-4542+600-500+598-498E-1628EfEfEfEfEfEgEgEfEgEgEgEgEgEgE-1626EfEgEfEfEfEfEfEfEgEfEgEgEhE-1630+596-40152+9200-2248C","mapping_code":"3_11_4_551538735","state":1},{"key":"INFO","name":"INFO","code":"+9146-4538+600-500+598-498E-1626EfEfEfEfEfEgE-1628EfEgEhEgEhEhEhEhEf+602-1624EhEfEfEfEfEfEhEfEfEhEhEhE-40082+9150-2242C","mapping_code":"3_27_4_551540775","state":1},{"key":"SLEEP","name":"SLEEP","code":"+9382-4522+600-508+598-498E-1628EfEfEfEfEfEgE-1626EfEgEhEgEgEgEfEgEgEgEfEfEfEfEgEfEfEfEgEgEg+602-1624E-40112+9174-2228C","mapping_code":"3_14_4_551514255","state":1},{"key":"EXIT","name":"EXIT","code":"+9150-4532+600-500+598-498E-1628EfEfEfEfEf+602-1622EgEfEgEgC-1626EgEgEgEgEfEgEgEfEgEfEfEfEgEfEfEgEfEgE-40096+9172-2212C","mapping_code":"3_91_4_551541285","state":1},{"key":"LAST","name":"LAST","code":"+9174-4524+600-500+598-498E-1628EfEfEfEfEfEgE-1626EfEgEgEgEgEgEfEgEfEgEgEf+626dEfEgEfEgEfEfEgEhEgE-40140+9178-2230C","mapping_code":"3_26_4_551508135","state":1},{"key":"RED","name":"RED","code":"+9150-4534+600-500+598-498E-1626EfEfEfEfEfE-1628EhEfEhEhEgEhEhEfEhEfEfEhEhEhEfEhEfEhEhEfEfEfEhE-40102+9148-2244C","mapping_code":"3_114_4_551505585","state":1},{"key":"GREEN","name":"GREEN","code":"+9174-4534+600-508+598-498E-1628EfEfEfEfEfEgEgEfEgEgEgEgEgEgEfEfEfEgEgEgEfEfEgEgEgEfEfEfEgE-40096A-2220C","mapping_code":"3_113_4_551521905","state":1},{"key":"BLUE","name":"BLUE","code":"+9150-4526+600-500+598-498E-1628EfEfEfEfEfEgE-1626EfEgEgEgEgEgEgEfEfEfEfEgEgEfEfEgEgEgEgEfEfEgE-40118+9148-2242C","mapping_code":"3_97_4_551519865","state":1},{"key":"YELLOW","name":"YELLOW","code":"+9146-4538+600-500+598-498E-1628EfEfEfEfEfEgE-1626EfEgEhEgEhEgEgEgEfEfEfEgEgEfEfEfEgEgEgEfEfEhE-40096+9152-2226C","mapping_code":"3_99_4_551536185","state":1},{"key":"PICTURE_MODE","name":"PICTURE MODE","code":"+9150-4526+600-500+598-498E-1628EfEfEfEfEfEgEgEfEgE-1626EgEgEgEgEfEgEgEfEfEgEfEfEgEfEfEgEgEfEgE-40110+9178-2240C","mapping_code":"3_77_4_551531085","state":1},{"key":"SOUND_MODE","name":"SOUND MODE","code":"+9146-4538+600-500+598-498E-1628EfEfEfEfEfEgEgEfEgEgEgEgEgE-1626EgEhEfEfEfEgEfEfEfEfEgEhEgEfEgE-40086+9152-2230C","mapping_code":"3_71_4_551543325","state":1}],"_id":"cDZqoA3BA4sr3QYz"}
