{"category":"TV","brand":"ASANZO","model":"2000241","type":1,"version":"1.0","create_date":1695089299762,"protocol":"ASANZO","map_code":[{"key":"0","name":"0","code":"+9102-4458+658-536+654-534+630-558E-1596+656fEfEfEfE-1598EkJiEfEkEkEkJkEkJfEfEiJiJfEiJkEfEkJkEdEfEkEfEfJ-39772+9082-2212E","mapping_code":"3_217_8_284138340","state":1},{"key":"1","name":"1","code":"+9076-4478+658-544+654-534Ef+630-1620+656fEfEfG-558E-1598EkEkEfEkEkEkIkEkEfE-1604IfEkEfEfEkEfI-1596IfEkEfI-1594EkEfE-39742+9082-2214C","mapping_code":"3_149_8_284141910","state":1},{"key":"2","name":"2","code":"+9126-4466+658-536+654-534EfE-1598EfEfEfEf+656-1596EgEgEfEiHgEgEgHiHfHfEgEgEfEfHiHfEgHgEfEfEgEgEfE-39780+9082-2218H","mapping_code":"3_153_8_284137830","state":1},{"key":"3","name":"3","code":"+9076-4464+656-534+654dEdC-1598EdEdEdEdEfEfCfE-536EfEfEfCfEfEdEfEfEfCdEdEfEdEfCdEdEdEfCfEdE-39778+9082-2216C","mapping_code":"3_157_8_284145990","state":1},{"key":"4","name":"4","code":"+9104-4450+656-534+654dEdE-1598CdE-536Ed+630-558EfCfEfEdEfEfEfCfEdE-1596CjCdEfCdEfEfEjEd+632iCjCdEfEdCdE-39780+9082-2212C","mapping_code":"3_214_8_284126100","state":1},{"key":"5","name":"5","code":"+9078-4464+654-534Cd+656dC-1598CdCd+630-558CdC-1596EfG-1622EdCiEfCfCfCdCfEdCfCfEdGjCfCfCdCfEdCdEiEdEdC-39754+9082-2210E","mapping_code":"3_218_8_284122020","state":1},{"key":"6","name":"6","code":"+9078-4466+658-534+654dEdE-1598+656dEdEdEdEfEfEfEdEfEfEfGfEdEfG-1596G-1602+650fEdEfEfEfEd+632-558EdEdEfEdEdE-39778+9082-2212E","mapping_code":"3_222_8_284130180","state":1},{"key":"7","name":"7","code":"+9158-4460+658-536+654dE-534E-1596+656fEfEfEfE-1598EiHgHfEiHiEiEiEfEiEiHfEiEf+630-558HgEiHfEfEiEfEgHiEfE-39634+9192-2224C","mapping_code":"3_150_8_284125590","state":1},{"key":"8","name":"8","code":"+9078-4462+658-538+654-534EfE-1598EfEfEf+630-558E-1596+656gEgEfEgEgEgEgEfEjKfKjKgEfEfEgEgEfEgEfEfEgKgEfK-39746+9082-2208C","mapping_code":"3_154_8_284121510","state":1},{"key":"9","name":"9","code":"+9078-4464+654-534CdCdC-1598CdCdCdCd+630-1620+656eCeHdCeCe+632gH-1596HdCeCeCeCeCdCdHjCeHdCdC-536CdCeHjHdC-39766+9082-2212H","mapping_code":"3_158_8_284129670","state":1},{"key":"FAST_FORWARD","name":"FAST FORWARD","code":"+9078-4466+658-536+654-534EfE-1598EfEfEfEf+656-1596EgEgHfEgHiHgEgEfEf+652-1600Ed+630-558EfEgHgEgEgEfEgEgEgEdEfE-39750+9082-2214C","mapping_code":"3_196_8_284107740","state":1},{"key":"MUTE","name":"MUTE","code":"+9076-4466+658-536+654-534EfE-1598+656fHfEf+630-558EgEgEgHfEgEgH-1596HgEgEgEgHkHgEfEgHkEdEfEfEfEfEgEfEfE-39756+9082-2212C","mapping_code":"3_223_8_284162820","state":1},{"key":"REWIND","name":"REWIND","code":"+9104-4450+658-534+656d+654dF-1598EdFdFdFdFgFgFgEdFgE-1596EgFgFgFdFgFdEdFdFhFgFdFhEdFgFh+632-1622FdFdF-39778+9084-2214E","mapping_code":"3_197_8_284140380","state":1},{"key":"PLAY","name":"PLAY","code":"+9076-4486+656-546+654-534E-532C-1596CfEfCf+658-548E-1598Ek+648-1604CfEkChEkChCkEkEkCfEfEfEkEkE-536EfEfEkEkEkEfEfE-39756+9082-2212I","mapping_code":"3_199_8_284156700","state":1},{"key":"STOP","name":"STOP","code":"+9078-4464+656-534+654dEdE-1598EdEdEdEdEfEfEfCdC-1596CgCgCfE-536EfEfEdEdEdEgCgCfEdEdEfCgCfEdEdC-39772+9082-2212C","mapping_code":"3_198_8_284124060","state":1},{"key":"SLEEP","name":"SLEEP","code":"+9100-4456+654-540+652-538EfE-1600E-536EfEfEhEgEgEgEfEgEgEgEgEgEfEgEfEgEfEgEgEfEgEfEgEhEgEhEf+648-39774+9054-2258C","mapping_code":"3_213_8_284142420","state":1},{"key":"RED","name":"RED","code":"+9104-4468+654-538+652dE-536E-1600EdEdEfEdEgEgEgEfEgEgEgEgEgEgEfEdEgEfEgEgEfEfEgEgEfEgEdEfE-39780+9078-2220E","mapping_code":"3_211_8_284150580","state":1},{"key":"GREEN","name":"GREEN","code":"+9076-4474+654-538+652dEdE-1600E-536EdEgEgEfEfEfEgEfEfE-1602EfEdEfEdEgEfEdEfEfEfEgEfEfEg+650h+628-560EgE-39804+9102-2210C","mapping_code":"3_210_8_284117940","state":1},{"key":"BLUE","name":"BLUE","code":"+9078-4468+654-542+652-536EfE-1600E-538+548fEfEhEgEgEgEhEgEgC-1598EgEfEhEfEhEgEhEgEgEgEgEgEgEhEgEfEhE-39748+9080-2204C","mapping_code":"3_208_8_284101620","state":1},{"key":"YELLOW","name":"YELLOW","code":"+9078-4462+654-540+652-538E-536E-1600EfEfEgEfEhEhEhEfEhEhEhEhEhEfEgEf+650-1602EfEhIjEfEhEhEhEfEhEfEgE-39752+9076-2248C","mapping_code":"3_209_8_284134260","state":1},{"key":"POWER","name":"POWER","code":"+9074-4470+652-538CdC-536C-1600CdCdCeCdCfCfCfCdCfCfCfCfCfCfCfCdCfCdCfCfCdCdCeCfCdCfCdCeC-39754+9078-2228+654","mapping_code":"3_215_8_284158740","state":1},{"key":"MENU","name":"MENU","code":"+9098-4454+654-538+652dE-536E-1600EdEdEfEdE-1602+650gEgEfEgEgEgEgEdEfEgEdEgEdEgEgEgEgEfEgEdEgEdEfE-39776+9080-2218C","mapping_code":"3_212_8_284109780","state":1},{"key":"UP","name":"UP","code":"+9052-4492+652-538C-536CdC-1600CdCeCdCeCfCfCfCdCfCfCfCfCeCfCdCdCfCeCdCfCfCdCfCfCeCfCfCeC-39756+9080-2208C","mapping_code":"3_146_8_284117430","state":1},{"key":"DOWN","name":"DOWN","code":"+9100-4456+654-538+652dE-536E-1600EfEdEdEfEgEgEgEfEgEgEgEgEdEfEdEgEgEdEgEgEgEgEgEd+650dEgEdEfE-39784+9080-2210E","mapping_code":"3_216_8_284105700","state":1},{"key":"LEFT","name":"LEFT","code":"+9074-4470+654-538+652-536EdE-1600EdEfEfEdEgEgEgEfEgEgEgEgEgEgEgEfEgEdEfEgEfEdEfEgEfEgE-1602EfE-39752+9076-2238C","mapping_code":"3_151_8_284158230","state":1},{"key":"RIGHT","name":"RIGHT","code":"+9074-4466+656-552+654-548+652-538G-1600GhG-536GhGjGiGiGiGhGiGiGiGiGiGiGiGiGiGjGhGiE-534GjGhGjGhGiGiGhG-39758+9078-2216E","mapping_code":"3_159_8_284162310","state":1},{"key":"ENTER","name":"ENTER","code":"+9078-4466+654-542+652-536E-538E-1600EfEfEgEfEhEhEhEfEhE-1602EhEhEhEhEfEhEhEfEgEhEgEfEhEfEgEhEhEgE-39796+9076-2234C","mapping_code":"3_155_8_284154150","state":1}],"_id":"qPitnMZun2JHDxd5"}
