{"category":"TV","brand":"ASANZO","model":"2130","type":1,"version":"1.0","create_date":1694749444529,"protocol":"ASANZO","map_code":[{"key":"POWER","name":"POWER","code":"+8998-4410+540-454Cd+538dE-1660CdCdEdCdEf+542fCfCdCfCfCfCfCfCfCfCdCfCdEfCf+646dEdEdEfCdEfCdEdE-39752+9040-2274G","mapping_code":"3_215_8_284158740","state":1},{"key":"UP","name":"UP","code":"+9028-4426+542-456+644-454+540fE-1660GfGf+538fIfGhGhGhGfGhGhGhGhG-558GhGfIfIhGfIfIhGhGfIhGhGjIhGhGfI-39716+9014-2262C","mapping_code":"3_146_8_284117430","state":1},{"key":"DOWN","name":"DOWN","code":"+9008-4420+542-466+538-454EfE-1660+646fEfEf+540fEgIgIgIfEgIgIgIgIfEfEfEgIgIfEgIgIgIgIgIfEfEgIfEfE-39782+9040-2270C","mapping_code":"3_216_8_284105700","state":1},{"key":"LEFT","name":"LEFT","code":"+9004-4406+648-454+540d+538dE-1660EdEdFdEdFgEgEgEdFgEgEg+646gEgEgEgEd+644gE-558FdFgEdFdFdFgEjFgEgEdF-39768+9010-2218+542","mapping_code":"3_151_8_284158230","state":1},{"key":"RIGHT","name":"RIGHT","code":"+9002-4416+542-460+538-454EfE-1660+540fEfEfEfEgHgHgHfEgHgHgHg+646gHgHgCgHgHfHfEgHfEfHfEfEfEgHgHfE-39778+9014-2232+648","mapping_code":"3_159_8_284162310","state":1},{"key":"ENTER","name":"ENTER","code":"+9002-4406+542-562+540-454+538fG-1660EfEfGfGfGhEhEhEfEhEhEhEhEhEhEfEhEhEfGfGhEfGfGhEfGfGhEhEf+644-39772+9036-2266C","mapping_code":"3_155_8_284154150","state":1},{"key":"VOLUME_UP","name":"VOLUME UP","code":"+9004-4966+542-458+538-454EfE-1660+540-558EiHfEfHgHgHgCfEgHgHgHgHgHgHfEfEfEfHfEgHfEfEgHgHgHgHgHfE-39718+8988-2258C","mapping_code":"3_131_8_284148030","state":1},{"key":"VOLUME_DOWN","name":"VOLUME DOWN","code":"+9010-4448+542-562+540-454+538fG-1660CfG-558GfGf+644hEhEhEfGh+646hEhEhEfJhEhEfGfGiEfGhEhEfGfEhEhEhEhEfG-39716+8988-2242C","mapping_code":"3_134_8_284123550","state":1},{"key":"CHANNEL_UP","name":"CHANNEL UP","code":"+9006-4420+542-564+540-454+538fE-1660+646fGfEfG-558EhEhEhEfEhEhEhEhEfGfGfEfGfEf+644fKhEhEhEhEhEhEhEhEfG-39706+8988-2242C","mapping_code":"3_128_8_284099070","state":1},{"key":"CHANNEL_DOWN","name":"CHANNEL DOWN","code":"+9034-4512+560-456+540-454+538fE-1660EfGfEfGfEhEhEhEfEhEhEhEhEfGhEhEhEfGfG-558GhEhEfGfEfGhEhEhEfG-39720+9014-2256+542","mapping_code":"3_142_8_284127630","state":1},{"key":"0","name":"0","code":"+9008-4414+542-454+540d+538dF-1660EdEdFdE-558FgEgEgEhEg+646gEgEgEgEdFdFgEgEdFgEgEdFgEgEdEhFgEdFdF","mapping_code":"3_217_8_284138340","state":1},{"key":"1","name":"1","code":"+9012-4426+542-456+538-454Ef+540-1660G-558EiGiEfEhGhGhGiEhG-1670GhGhGhGfGhGiEhGiEiGhGfGhGiEhGfEhGhGfE-39764+9094-2264C","mapping_code":"3_149_8_284141910","state":1},{"key":"2","name":"2","code":"+9012-4420+542-456+538-454E-558+540-1660HfEfEfEfEiHiHiHfEiHiHiHiHiHfEfEiHiHfHgEiHfEiHiHfEgEiHiHfE-39772+9038-2236C","mapping_code":"3_153_8_284137830","state":1},{"key":"3","name":"3","code":"+9008-4410+542-458+538-558E-560E-1660+540-454EjEjEfEhIhIhIj+544-1656IhIhIhIhIjKlIhIhIfIfEhC-556EhIfIfEjEhIhIgE-39750+9038-2288C","mapping_code":"3_157_8_284145990","state":1},{"key":"4","name":"4","code":"+9006-4418+544-456+538-454+540-558E-1660GfGfEfGfEiGiGi+542hEiGiGi+646iGfEiGiGhGiGfEiGiGiGhEfEiGfEiGfEhE-39710+9010-2230J","mapping_code":"3_214_8_284126100","state":1},{"key":"5","name":"5","code":"+9012-4426+542-458+538-558+540fE-1660G-454EiGiEiGhGhGhGfGhGhGhGhGfEhCi+644hGhG-560EhGhGhGfEhGiEfGhGfEiE-39782+9014-2274+568","mapping_code":"3_218_8_284122020","state":1},{"key":"6","name":"6","code":"+9002-4418+542-562+538-558+540fE-1660GfEfGfEfGhGhGhG-454EhGhChGhGiGhGhGhGhGiEhGhGhGiEiEfE-560+432hGiGfE-39784+9012-2226+544","mapping_code":"-1_0_0_4227255044","state":1},{"key":"7","name":"7","code":"+9004-4448+542-464+540-454+538fG-1660E-456+536-560GfEfGhGhEhE-558E-1658E-1662EhEhEfEhGhEfGnE-458+534f+644hEhEiGlGhCfGhChElE-39766+9012-2238C","mapping_code":"3_150_8_284125590","state":1},{"key":"8","name":"8","code":"+9000-4416+542-564+540-558E-454+594-1664Cg+538gJgJgJ-1660EkEkEg+644kEkEkEkEgJkEgJkEkEgEgJkEkEd+534kEgJgJkEkEgJ-39700+9012-2236C","mapping_code":"3_154_8_284121510","state":1},{"key":"9","name":"9","code":"+9000-4410+542-562+434-558+538fE-1660+540fEfGfEfEhIhIhIfIhIhIhIhIfGhIhI-1658ChIfE-742+302hIhI-454GfIfG-560GhIhInG-39784+9014-2234+544","mapping_code":"-1_0_0_3697979631","state":1}],"_id":"RIYVNhrIM5FUUxIS"}
