{"category":"TV","brand":"HAIER","model":"1000056","type":1,"version":"1.0","create_date":1695270094650,"protocol":"HAIER","map_code":[{"key":"POWER","name":"POWER","code":"+8992-4476+548-500+546-552E-498+652-446+650gEfE-1548+598gL-1652+600kNkEkNkEkLiLkNiLkLgEgEkHgEiLiHkEfEkHkEiLkLkEkN-39922+9014-2176C","mapping_code":"3_18_64_50153655","state":1},{"key":"MENU","name":"MENU","code":"+8998-4470+652-394+598-498EfE-446EgC-392C-1548+600g+650iEiEiJiCiEiJgEiEfEgEgCgEgEfCgEiJiEiJiCiCiJiEiEgE-39918+9016-2180+548","mapping_code":"3_128_64_50135550","state":1},{"key":"0","name":"0","code":"+8994-4488+602-452+598-498E-446EfEfEgE-1548EgEhEh+600hEhEhIhE-392+652hKjEj+704j+650gMgEgEgEgEhEhEhKhEh+546-1652EhEhN-39886+9020-2200I","mapping_code":"3_0_64_50135295","state":1},{"key":"1","name":"1","code":"+8996-4474+548-448+598-446+652-498EfG-392+650fE-1548EhGkE-1652EkEkEkE-1654EfEl+600kEfEhEhGfEhEhEfEfEmEkEkElNkEkEkE-39910+9016-2178+654","mapping_code":"3_1_64_50167935","state":1},{"key":"2","name":"2","code":"+9070-4510+602-446+598-498EdEdEfEdE-1548+600fEgEgC-1544HgEgHgEfEgEdE-1652HdEdEd+652-392EfEfEgEdE-1654EgHgEgEgEgE-39942+9122-2190H","mapping_code":"3_2_64_50151615","state":1},{"key":"3","name":"3","code":"+8992-4476+600-448+598-444E-446EgEgEgE-1548E-498E-1652ChEhChChEhCgEhEhEh+652-394EgEgEgEgEiEgEgEhEjChEhEhKhE-39894+8994-2182+548","mapping_code":"3_3_64_50184255","state":1},{"key":"4","name":"4","code":"+8992-4476+600-504+598-446EfEfE-498EgE-1548CfEhEhChEhChC-1652Ef+652hJgEfEhEf+650gEfEfEgEhEhJfEhEhEhJhJhJ-39906+8994-2182+548","mapping_code":"3_4_64_50143455","state":1},{"key":"5","name":"5","code":"+8992-4472+602-446+652-392EdEf+598dEfG-1548+600dGhGhG-1652IhGhEhI-498GhG-1656+596dGhGkGkGkEfGkGkGhGk+650hGhGhEhGhE-39894+8994-2182I","mapping_code":"3_5_64_50176095","state":1},{"key":"6","name":"6","code":"+8992-4474+548-500+546-498EfEfEf+598-446G-1548EfEiGi+600iEi+652iEiEhGiKhEiJiGfGhKhGfGhGiJhGhGiG-1654GiGlGiG-39904+9022-2194+602","mapping_code":"3_6_64_50159775","state":1},{"key":"7","name":"7","code":"+8994-4476+600-448+598-498+546fE-446EfGfG-1654GfG-1548GjGjEjGjEj+652fGjGjEjE-1652CfGfGf+650hEhEfGfEhMjEjGjEjEjE-39908A-2184+548","mapping_code":"3_7_64_50192415","state":1},{"key":"8","name":"8","code":"+9016-4498+602-456+598-498EfEfEfE-446E-1548+600gEhEh+652hEhEhIhEfEhEfEgEfEhIg+650-394EfEfKhEhEhEgEhE-1654EhJhJ-39934+9020-2196+548","mapping_code":"3_8_64_50139375","state":1},{"key":"9","name":"9","code":"+8992-4478+654-450+598-498EfEfEfE-446E-1548Eg+650hEh+600hEhJh+652hEfEhJhEgEfEhEfEfEfEgKfEhEhEgEhJhEhEhJ-39916+9014-2166J","mapping_code":"3_9_64_50172015","state":1},{"key":"VOLUME_UP","name":"VOLUME UP","code":"+8992-4476+600-448+598-498EfEfE-446EfE-1652EgE-1548ChCiEiCiEiEgEiCgEi+652gEi+546hEgEfEgEiEgJiCfE-392+650iEiEiJ-39916A-2186C","mapping_code":"3_26_64_50157735","state":1},{"key":"VOLUME_DOWN","name":"VOLUME DOWN","code":"+9048-4518+602-466+598-446E-498EgEgEgE-1654EfE-1548+600-1652EiJiEh+546k+548f+652iJfEhEiNiE-1552+594gNfEfEkJfEgE-394EgEiEiJiE-39892+9020-2194C","mapping_code":"3_30_64_50165895","state":1},{"key":"CHANNEL_UP","name":"CHANNEL UP","code":"+8994-4476+548-500+598-446EfEf+652fEfE-1548+600fEhE-1654EhIhEhChG-394EhGhIhE-498EjEhIfEfEf+650fElEhElEfEhIhEjE-39932+9020-2172C","mapping_code":"3_27_64_50190375","state":1},{"key":"CHANNEL_DOWN","name":"CHANNEL DOWN","code":"+8994-4476+654-448+598-446EfEfEfE-498E-1548+652fEhEh+600hIhEhJhEfIhEhEhE-1654EhEhEgEfEfEfEfEgEfE-392EhEhEhJ-39916+9020-2194J","mapping_code":"3_31_64_50198535","state":1},{"key":"MUTE","name":"MUTE","code":"+8990-4518+654-460+600-444+598-446GhGhGh+652-1548GhIjE-1652GjEjGjGjEhGjGhGhGhG-498GjGhGhGhGjGjGjEjGhGjIjEkG-39908+9020-2202E","mapping_code":"3_16_64_50137335","state":1},{"key":"INPUT","name":"INPUT","code":"+8992-4484+602-454+598-446EfEf+652fEfE-1548EfEh+600hEhEhGhEhE-498EhGhGhIhEhEjEfEjGfEfEfEfEfEhGhGhIhE-39886+9046-2238I","mapping_code":"3_15_64_50196495","state":1},{"key":"REWIND","name":"REWIND","code":"+8992-4478+548-448+598-446EfEf+652f+546-498+626-1550G-392G-1548Gm+600mEmGmEm+602-442EmNfEiEmEiEmNmEiHfEmEmNiHmEfEiH-1654HmE-39916+8994-2178N","mapping_code":"3_52_64_50146515","state":1},{"key":"FAST_FORWARD","name":"FAST FORWARD","code":"+8994-4470+548-448+598-446E-498+546fEgEfE-1548EgEiE-1652H-1654EiEjEiEfEj+600iHiEfEfEiEiEgHfEfEfEiLiEg+650gHkEiL-39918A-2182+654","mapping_code":"3_51_64_50187315","state":1},{"key":"INFO","name":"INFO","code":"+8994-4478+600-446+598dEdEdEdEd+652-1548EdEgEgEgCgE-1588CgEdEgFdEdE-1652CgEgCdEdE-498EgEgFdEdEjEgCgFgE-39906A-2184+602","mapping_code":"3_28_64_50149575","state":1},{"key":"EXIT","name":"EXIT","code":"+9124-4570+574-468+598-446E-498EfEg+546gE-1548+600fEiEiEiJiEiEiJ-392EiEfEfEgEiJiEfEiEfEiJiEiEg+652fEiEfEiE-39928+9014-2188J","mapping_code":"3_88_64_50141925","state":1},{"key":"RED","name":"RED","code":"+9042-4480+548-500+598-498E-446+652-392HiEg+546-1548+600i+650kEkEkHkHkEkEfEkEgEgH-394MkHgEfHkHnEkEkLkEfEkEkEfEkE-39904+8994-2196L","mapping_code":"3_72_64_50139885","state":1},{"key":"GREEN","name":"GREEN","code":"+8994-4470+600-448+598-446E-498EgEfEgE-1548EfEh+652hIhEhChChEf+654-1544ChEgEgEhEgI-392EhCgEgEhEhCgEhEhEgEhE-39932+9018-2172C","mapping_code":"3_73_64_50172525","state":1},{"key":"BLUE","name":"BLUE","code":"+8994-4494+654-452+598-446E-498Ef+652-392EgE-1548HfEj+600jE-1652KjEjEjKfEjEjEjKfEjEfEgElKfEf+650fEjEfEjEjKfEjE-39894A-2178K","mapping_code":"3_75_64_50188845","state":1},{"key":"YELLOW","name":"YELLOW","code":"+9018-4492+602-454+598-498EfEfE-522E-550+546-1548+600fEjEjKjKjEjKjKfEjEfEjKfE-1652E-446EmEj+652mEjKhI-1550+596fEjKjEfE-1654E-39872+8994-2192+496","mapping_code":"3_74_64_50156205","state":1},{"key":"GUIDE","name":"GUIDE","code":"+9020-4600+600-446C-444+598-498FdFdFgF-1548FdF-1652Ch+652hChFhFiCdFhFhFd+546hJ-392FdFdFgFhFdFhFdJhChFhFhJd+650-39946A-2180C","mapping_code":"3_133_64_50176350","state":1},{"key":"YOUTUBE","name":"YOUTUBE","code":"+8994-4478+600-448+598-446EfEfE-498CfE-1652EfE-1548CiEiEiCiEiCgEiEfEf+652fEfEgEiE-392EiE-1654EiCiElEiCfEiEfJ-39958+9122-2220C","mapping_code":"3_160_64_50136570","state":1}],"_id":"w5wGoVbcy2pznXfD"}
