{"category":"TV","brand":"HAIER","model":"4427","type":1,"version":"1.0","create_date":1695269348233,"protocol":"HAIER","map_code":[{"key":"0","name":"0","code":"+9150-4526+600-500+598-498E-1626EfEfEfEfEfEgE-1628EfEgEhEhEhEhEfEfEfEfEhEf+602-494EfEhEhEhEhEfEhEhEhE-40108+9148-2248C","mapping_code":"3_16_4_551487735","state":1},{"key":"1","name":"1","code":"+9150-4550+602-514+598-498E-1626EfEfEfEfEfE-1628EhEfEgEhEhEhEhEhEfEfEfEhEfEfEfEfEhEhEhEfEhEhEhE-40126+9176-2246+600","mapping_code":"3_17_4_551520375","state":1},{"key":"2","name":"2","code":"+9152-4572+600-530+598-498E-1628EfEfEfEfEfEgE-1626EfEgEgEgEhEgEfEgEfEfEgEfEfEfEgEfEgEgEfEgEgEgE-40102+9172-2226C","mapping_code":"3_18_4_551504055","state":1},{"key":"3","name":"3","code":"+9178-4560+600-500+598-498E-1626EfEfEfEfEfE-1628EhEfEhEhEhEhEgEhEgEfEfEhEfEfEfEfEfEhEhEfEhEhEhE-40094+9174-2230C","mapping_code":"3_19_4_551536695","state":1},{"key":"4","name":"4","code":"+9152-4526+600-500+598-498E-1628EfEfEfEfEfEgEgEfEgEgEgEgEgEfEfEgEfE-1630+596fEfEfEgEgEfEgEfEgEgEgE-40102+9204-2252I","mapping_code":"3_20_4_551495895","state":1},{"key":"5","name":"5","code":"+9152-4536+600-512+598-498E-1628EfEfEfEfEfEgE-1626EfEgEgEgEgEgEgEfEgEfEgEfEfEfEfEgEfEgEfEgEhEgE-40102+9148-2250C","mapping_code":"3_21_4_551528535","state":1},{"key":"6","name":"6","code":"+9176-4566+600-508+598-498E-1626EfEfEfEfEfE-1628EhEfEhEhEhEhEhEfEhEgEfEhEfEfEfEhEfEfEgEfEhEhEhE-40084+9150-2232C","mapping_code":"3_22_4_551512215","state":1},{"key":"7","name":"7","code":"+9152-4526+600-500+598-498E-1628EfEfEfEfEfE-1626EgEfEgEgEgEgEgEgEgEgEfEgEfEfEfEfEfEfEgEfEgEgEgE-40088A-2228C","mapping_code":"3_23_4_551544855","state":1},{"key":"8","name":"8","code":"+9150-4530+600-500+598-498E-1628EfEfEfEfEfEgEgEfEgEgEgEgEgEfEfEfEgEgEfEfEfEgEgEgEfEfEgEgEgE-40098+9152-2234C","mapping_code":"3_24_4_551491815","state":1},{"key":"9","name":"9","code":"+9150-4530+600-500+598-498E-1628EfEfEfEfEfEgEgEfEgEgEgEgEgE-1626EfEfEgEgEfEfEfEfEgEgEfEfEgEgEgE-40084A-2232C","mapping_code":"3_25_4_551524455","state":1},{"key":"POWER","name":"POWER","code":"+9228-4574+602-508+598-498E-1628EfEfEfEfEfEgEgEfEgEgEgEgEgEfEfEfEgEfEfEfEfEgEgEgEfEgE-1626EgEgE-40108+9180-2236+600","mapping_code":"3_8_4_551489775","state":1},{"key":"MENU","name":"MENU","code":"+9150-4526+600-500+598-498E-1628EfEfEfEfEfEgEgEfEgEgEgEgE-1630+596gEgEfEfEfEfEgEfEfEfEgEgEgEgEfEgE-40090+9174-2238C","mapping_code":"3_67_4_551535165","state":1},{"key":"VOLUME_UP","name":"VOLUME UP","code":"+9150-4526+600-500+598-498E-1628EfEfEfEfEfEgEgEfEgEgEgEgEgEfEgEfEfEfEfEfEfEgEfE-1626EgEgEgEgEgE-40128+9172-2220C","mapping_code":"3_2_4_551502015","state":1},{"key":"VOLUME_DOWN","name":"VOLUME DOWN","code":"+9152-4564+602-512+598-498E-1628EfEfEfEfEfEgE-1626EfEgEgEgEgEgEgEgEfEfEfEfEfEfEfEfEgEgEgEgEgEgE-40102+9174-2234+600","mapping_code":"3_3_4_551534655","state":1},{"key":"CHANNEL_UP","name":"CHANNEL UP","code":"+9152-4528+600-500+598-498E-1628EfEfEfEfEfEgEgEfEgEgEgEgEgEfEfEfEfEfEfEfEfEgEgEgEgE-1626EgEhEgE-40114+9174-2222C","mapping_code":"3_0_4_551485695","state":1},{"key":"CHANNEL_DOWN","name":"CHANNEL DOWN","code":"+9148-4540+598-500C-498C-1628CeCeCeCeCeCfCfCeCfCfCfCfCfCfCeCeCeCeCeCeCeCeCfCfCfCfC-1626CfCgC-40088+9150-2232+600","mapping_code":"3_1_4_551518335","state":1},{"key":"MUTE","name":"MUTE","code":"+9150-4532+600-500+598-498E-1628EfEfEfEfEfE-1626EgEfEgEgEhEgEgEgEfEfEgEfEfEfEfEfEgEgEfEgEgEgEgE-40094+9148-2248C","mapping_code":"3_9_4_551522415","state":1},{"key":"INPUT","name":"INPUT","code":"+9174-4520+600-500+598-498E-1628EfEfEfEfEfEgEgEfEgEgEgEgEgEgEgEfEgEfEfEfEfEfEfEgEfEgEgEgE-1626E-40098+9176-2238C","mapping_code":"3_11_4_551538735","state":1},{"key":"INFO","name":"INFO","code":"+9154-4522+600-500+598-498E-1628EfEfEfEfEfEgEgEfEgEgEgEgEgEgEgEfEgEgEfEfEfEfEfEgEfEfEgEgEgE-40098+9150-2244C","mapping_code":"3_27_4_551540775","state":1},{"key":"EXIT","name":"EXIT","code":"+9174-4574+600-518+598-498E-1628EfEfEfEfEfEgEgEfEgEgEgEgEgEgEgEfEgEgEfEgEfEfEfEgEfEfEgEfEgE-40088+9148-2296+602","mapping_code":"3_91_4_551541285","state":1},{"key":"LAST","name":"LAST","code":"+9150-4526+600-500+598-498E-1628EfEfEfEfEfEgEgEfEgEgE-1626EgEgEfEgEfEgEgEfEfEfEgEfEgEfEfEgEgEgE-40114+9174-2226C","mapping_code":"3_26_4_551508135","state":1},{"key":"RED","name":"RED","code":"+9174-4534+600-500+598-498E-1628EfEfEfEfEfEgEgEfEgEgEgEgEgEfEgEfEfEgEgEgEfEgEfEgEgEfEfEfEgE-40120+9176-2250+602","mapping_code":"3_114_4_551505585","state":1},{"key":"GREEN","name":"GREEN","code":"+9150-4526+600-500+598-498E-1628EfEfEfEfEfE-1626EgEfEgEgEhEgEgEgEfEfEfEgEgEgEd+596fEgEgEgEfEfEfEgE-40100+9176-2270C","mapping_code":"3_113_4_551521905","state":1},{"key":"BLUE","name":"BLUE","code":"+9172-4518+600-500+598-498E-1628EfEfEfEfEfEgEgEfEgEgEgEgEgEgEfEfEfEfEgE-1626EfEfEgEgEgEgEfEfEgE-40112+9174-2220C","mapping_code":"3_97_4_551519865","state":1},{"key":"PICTURE_MODE","name":"PICTURE MODE","code":"+9150-4526+600-500+598-498E-1628EfEfEfEfEfEgEgEfEgEgEgEgEgEgEfEgEgEfEfEgEfEfEgEfEfEgEgEfEgE-40084A-2234C","mapping_code":"3_77_4_551531085","state":1},{"key":"SOUND_MODE","name":"SOUND MODE","code":"+9172-4534+600-516+598-498E-1628EfEfEfEfEfEgEgEfEgEgEgEgEgEgEgE-1630+596fEfEfEgEfEfEfEfEgEgEgEfE-1626E-40092+9152-2260+602","mapping_code":"3_71_4_551543325","state":1},{"key":"HELP","name":"HELP","code":"+9150-4532+600-500+598-498E-1628EfEfEfEfEfEgEgEfEgEgEgEgEgEgEfEfEfEfEfEfEgEfEgEgEgEgEgEgEfE-40086+9172-2232C","mapping_code":"3_129_4_551518590","state":1}],"_id":"tSXCLZulG1ZSICbD"}
