{"category":"TV","brand":"TCL","model":"1617","type":1,"version":"1.0","create_date":1688985103138,"protocol":"TCL","map_code":[{"key":"POWER","name":"POWER","code":"+4576-4566+566-536+534-1696EfEfD-564EgE-562DhDhDfDfEfEg+596-538DgEhDfEfDhEfEgEgEgEgEhDhD-1694DgEfEfDfEfE-48642+4622-4602+560-1674E","mapping_code":"7_11_14_1886441519","state":1},{"key":"MENU","name":"MENU","code":"+4570-4582+564-536D-1696De+534eD-562DcFgFcFcFeFeFeFcDgFcFcFcDgFeFeFeFcFcFcF-1698+532hI-566FjIc+556-1676IhIhI-48608+4588-4618+558-1708+530","mapping_code":"7_28_14_1886402759","state":1},{"key":"VOLUME_UP","name":"VOLUME UP","code":"+4576-4588+594-518+536-1696+534fGfG-564EhG-562GhGhGfEfGfEiGhEiGiGf+538-1692GhEiGfEiGhGhGhGhGfEfGh+532-1698GfGfG-48634+4594-4570+560-1674G","mapping_code":"7_19_14_1886439479","state":1},{"key":"VOLUME_DOWN","name":"VOLUME DOWN","code":"+4680-4584+564-538+534-1696Ef+536fG-562EhGhGhGhGfE-1694GfEcGcEhGhEcGfEcGhEf+560dGcEhGfG-544+554fEfEhEfEfEfG-48624+4598-4570H-1678G","mapping_code":"7_18_14_1886406839","state":1},{"key":"CHANNEL_UP","name":"CHANNEL UP","code":"+4626-4562+600-504+534-1696+536-1694E-1698E-562G-564EjEkGkGfEhGfGjGkEjEkEfEkEkEjEfGkEkEkEkEfGfEfEk+538-1692GfGhG-48638+4600-4566K-1672E","mapping_code":"7_17_14_1886423159","state":1},{"key":"CHANNEL_DOWN","name":"CHANNEL DOWN","code":"+4598-4584+572-550+536-1696Ef+534fE-562EhE-564+532iGiGfGfGfGhEhEiEhEhEhGiGiEfGiGhEhEfGfG-1694EfEhGfGfGfG-48616+4624-4604+558-1672E","mapping_code":"7_16_14_1886390519","state":1},{"key":"0","name":"0","code":"+4574-4608+562-566+534-1696+536-1694GhGcE-564Gc+560-538GcGfEfGfEiEiEiEiEfEcEiGfGcGcEiGiEiEfEfEiE-1698EfEfEfG-48608+4600-4644I-1678E","mapping_code":"7_9_14_1886425199","state":1},{"key":"1","name":"1","code":"+4574-4576+564-538+534-1694+536-1696GhEcE-562GiGiGcEfGhGhEcGiG-560GcEcGiEcEcEcEcEiGcD-1692EhEhGfEhGhEhEfG-48612+4888-4610I-1672E","mapping_code":"7_0_14_1886388479","state":1},{"key":"2","name":"2","code":"+4592-4574+564-538+534-1696EfEfEcEcEcEc+536-562EfEf+560-1670EcGcGhEcEfGhGcGhEhGcEcEcEcEfEfE-1698EkEfEfEfE-48646+4596-4582CjE","mapping_code":"7_1_14_1886421119","state":1},{"key":"3","name":"3","code":"+4580-4582+600-514+534-1696+532-1698E-1694+536-562JkJkJ-564EkEfJfEfEkJ-560JlElEkJiJkElElEkJkJkEfEkJiJiEhGhEfEfE-48586+4592-4570+566-1668E","mapping_code":"7_2_14_1886404799","state":1},{"key":"4","name":"4","code":"+4568-4578+564-536D-1696DeD-1694Dc+534-562DhDcDhGeDeGeDh+560-538GcGcGeDeDhDhGcG-566GcGcGcGc+532-1698GeLmGmGeGmG-48650+4590-4610H-1676G","mapping_code":"7_3_14_1886437439","state":1},{"key":"5","name":"5","code":"+4546-4642+572-550+534-1696EfEfE-564E-562+536hEhIgEfEfEfIhIgIhIhIhIgEfIhEgEgEgEgEfEfEgEfEfEfEfIfI-48634+4592-4636G-1670E","mapping_code":"7_4_14_1886396639","state":1},{"key":"6","name":"6","code":"+4566-4596+566-536+534-1694D-1732E-1696E-564DiEiEiD-562EhDhDhEjDiDjEiEhEiDhEcEjDjDjDjDjDhEi+540-1692EhDhDhEhD-48598+4750-4906+568-1676E","mapping_code":"7_5_14_1886429279","state":1},{"key":"7","name":"7","code":"+4656-4640+594-536+534-1696EfD-1694D-562D-564EhEiDhEfEfEfEhDhDiEiEiEfEfDhEiEhDhEiE-1698EiEiEjEfEfEfEfE-48608+4594-4572+560-1672E","mapping_code":"7_6_14_1886412959","state":1},{"key":"8","name":"8","code":"+4542-4610+562-542+536-1696Ef+534-1698GcE-564GiGiGiGfEfGfGcEcEcEiGfE-1694EfEiGiGiGiEiGcEiGiGfEjGfGh+532fG-48580+4590-4626+560-1674G","mapping_code":"7_7_14_1886445599","state":1},{"key":"9","name":"9","code":"+4572-4618+600-512+536-1694EfE-1696+534-564H-562EjEjHiHgEfE-1698HjEiHjEjHiHiEiHgEjHiEjHiHgHkHgHiHgEfEgHgH-48618+4654-4606I-1670E","mapping_code":"7_8_14_1886392559","state":1},{"key":"INPUT","name":"INPUT","code":"+4572-4576+590-510+536-1696+534-1698GfG-562EiEiEiG-564EfGfE-1694EiEjGiEiGjGiEfGjGfGjGjGiGfGfGjGfGjGfGfGh+532-48636+4622-4586I-1672G","mapping_code":"7_20_14_1886398679","state":1},{"key":"LAST","name":"LAST","code":"+4594-4564+568-534D-1696D-1698De+536-562GhG-564GhDiGeDeDeGhGhGiDiDiDeDiDeDiDiDiGhGeDhGeDiDeGf+532eDe+538-48620+4606-4590I-1670D","mapping_code":"7_10_14_1886408879","state":1},{"key":"DISPLAY","name":"DISPLAY","code":"+4604-4608+596-522+536-1696E-1694+534-1698H-562H-564HjEkHjEgEgHfEjHkHkHkHfEfHfHkEgEkHkHkHjEjEkHfHkHfEgEfE-48602+4566-4586J-1670E","mapping_code":"7_23_14_1886447639","state":1},{"key":"PICTURE_MODE","name":"PICTURE MODE","code":"+4572-4566+568-534+536-1694E-1696DgE-562EhDhEhD-564Dg+538fDgDiDiDhEiDiEfEgDgEiDiDhEhD-1698DiEiDiEfEgDgEgD-48628+4598-4574+566-1670D","mapping_code":"7_14_14_1886417039","state":1}],"_id":"Iao0mFO6swSvXahT"}
