{"category":"TV","brand":"HISENSE","model":"12067","type":1,"version":"1.0","create_date":1695180090911,"protocol":"HISENSE","map_code":[{"key":"0","name":"0","code":"+9216-4544+614-492+612d+610dE-1626EgEdFdFdEgE-1628EgEdFdFgEgEgEgEdEdFgEgE-494+608dFdEdFgEgEdFdEgEgEgE-40832+9230-2228E","mapping_code":"3_25_24_417831015","state":1},{"key":"1","name":"1","code":"+9242-4522+614-494+612-492+610fE-1626EhEfGfEfGhEhEhEfGfEhEhEhEfGfEfGfEhEfGfGfGhEhE-1628GiEfGhEhEhE-40844+9228-2236E","mapping_code":"3_16_24_417794295","state":1},{"key":"2","name":"2","code":"+9216-4596+614-502+612-492+610fE-1626EhEfGfEfGhEhEhEfGfEhEhEhEhEfGfGfGhEfGfGfGfGhE-1628EhEfGhEiEhE-40770+9202-2224C","mapping_code":"3_17_24_417826935","state":1},{"key":"3","name":"3","code":"+9224-4546+614-492+612d+610dE-1626EgEdFdFdFgEgEgEdFdEgEgEgEdF-1628FdFdEgEdFdEdFgEdEgEgEdFhFhEgE-40838+9254-2232C","mapping_code":"3_18_24_417810615","state":1},{"key":"4","name":"4","code":"+9228-4536+614-494+612-492+610fE-1626EhEfGfEfG-1628GhEhEfGfEhEhEhEhEhEfEfGhEfGfGfEfGfGiEhEfGhEhEhE-40832A-2222E","mapping_code":"3_19_24_417843255","state":1},{"key":"5","name":"5","code":"+9250-4554+614-492+612d+610dE-1626EgEdFdEdFgEgEgE-490EdFgE-1628EgEdFdEgEdFgEdFdFdEgEgEdEgEdFgEgEiE-40772+9202-2226E","mapping_code":"3_20_24_417802455","state":1},{"key":"6","name":"6","code":"+9276-4544+614-494+610-492+612fE-1626GhGfGfEfGhGhGhGfGfEhGhGhGhGfEhGfEhGfEfEfEfEhGfEhGfE-1628EiGhG-40772+9200-2232G","mapping_code":"3_21_24_417835095","state":1},{"key":"7","name":"7","code":"+9224-4596+614-506+610-492+612fE-1626GhGfGfEfGhGhGhGfGfEhGhGhGfEhGhGfE-1628GfEfGfEhGfEfEiEfEhGhGhG-40776+9200-2222C","mapping_code":"3_22_24_417818775","state":1},{"key":"8","name":"8","code":"+9224-4546+612-492+610dCdC-1626CfCdEdCdEfCfCfCdEdEfC-1628CfCfCfCfCdCfCdEdCdEdEdEdCfCdEfCfCgE-40834+9228-2226+614","mapping_code":"3_23_24_417851415","state":1},{"key":"9","name":"9","code":"+9254-4556+614-492+612d+610dE-1626EgE-494+608dFdFgEgEgEdFdEgEgEgEdFdFdEgEgEdFdFdFgEgEgEdFdF-1628FjEgE-40770+9200-2228C","mapping_code":"3_24_24_417798375","state":1},{"key":"MUTE","name":"MUTE","code":"+9224-4546+612-492Cd+610dE-1628C-1626CdEdCdEgCgCgCdEdCgCgCgCgCd+614-498CgCdEdEdEdEdEfEfCdEgCgCfEfC-40834+9226-2236+616","mapping_code":"3_9_24_417828975","state":1},{"key":"INPUT","name":"INPUT","code":"+9224-4546+612-492+610dEdE-1626CfCdEdEdEfCfCfCdCdEfCfC-1628CdEfCdCfCdEdEdEdEfCdCfCdEfCfCgEgE-40836+9228-2226C","mapping_code":"3_10_24_417812655","state":1},{"key":"EXIT","name":"EXIT","code":"+9276-4542+614-494+610-492+612fE-1626GhGfGfEfGhGhGhGfEfEhGhGhGfE-1628GhGfEfEfEfEfEhGfEfEiEiGhGhGhG-40754+9228-2218G","mapping_code":"3_6_24_417816735","state":1},{"key":"DISPLAY","name":"DISPLAY","code":"+9226-4526+612-492+610dEdE-1626CfCdEdEdEfCfCfCdCdEfC-1628EfCgCfCfCfCdEdEdEdEdEdEdEdEfCfCfCfC-40824+9228-2230C","mapping_code":"3_15_24_417853455","state":1},{"key":"POWER","name":"POWER","code":"+9250-4524+614-492+612d+610dE-1626EgEdFdEdFgEgEgEdFdEgEgEgEdFdFdEgEdFdEdFdEgEgEgEdFgE-1628EgEgE-40830+9228-2230E","mapping_code":"3_8_24_417796335","state":1},{"key":"MENU","name":"MENU","code":"+9246-4526+612-492Cd+610dC-1626CfCdEdCdEfCfCfCdEdEfCfCfCdEdCfCdEdCdEdCdEf+614-1624CdCfCfCfCfCfC-40816+9228-2226G","mapping_code":"3_4_24_417800415","state":1},{"key":"UP","name":"UP","code":"+9248-4524+612-492+610dCdE-1626CfCdCdEdCfCfCfCdE-496+606fCfCfCdCdEdCdEdCdEdCdEfCfCfCfCfC-1628CfCfC-40776+9224-2210C","mapping_code":"3_0_24_417792255","state":1},{"key":"DOWN","name":"DOWN","code":"+9254-4542+614-492+612d+610dF-1626EgEdFdEdFgEgEgEdFdF-1630+608-1628EgEgEdFdFdFdFdFdFdFdFgEgEjFgEjFjEgE-40754+9226-2216E","mapping_code":"3_1_24_417824895","state":1},{"key":"LEFT","name":"LEFT","code":"+9224-4544+614-494+612-492+610fE-1626EhEfGfEfGhEhE-1650EfGfGhEhEhEhEhEfEfGfGfGfGfGfGfGhEhEhEhEhE-1628E-40836+9230-2226E","mapping_code":"3_3_24_417841215","state":1},{"key":"RIGHT","name":"RIGHT","code":"+9280-4558+614-494+610-492+612fE-1626GhGfGfEfGhGhGhGfGfEhGhGhGfEhGfGfEfGfEfEfEhGfGhGhGhGhGhG-1628E-40778+9230-2228G","mapping_code":"3_2_24_417808575","state":1}],"_id":"ogiFRHxQnmII5339"}
