{"category":"TV","brand":"HISENSE","model":"142","type":1,"version":"1.0","create_date":1695181323786,"protocol":"HISENSE","map_code":[{"key":"0","name":"0","code":"+4634-4612+612-496+608-1622+610fGfG-488G-490EiGiEiGfGfGfGiEiE-494+604iGiEiGiEiGiEiGiEiGfGfGfGfGfGfGfG-1620G-48492+4618-4508GlG","mapping_code":"7_0_14_1886388479","state":1},{"key":"1","name":"1","code":"+4642-4524+610-490C-1620CeC-1622Cd+608dCdGdCdGfCfCfCdGdGdCdGfC-488CdGdCdGdCdGd+612-486GfCfCeCfCfCfCfC-48544+4644-4510I-1624C","mapping_code":"7_1_14_1886421119","state":1},{"key":"2","name":"2","code":"+4846-4528+612-490+610-1622EfEfEd+608dGdEdGdEfEfEfEdCdGdEdEdGfEdEdGdEdGdEdGfEdEfEfEfEfEfEfE-48550+4644-4510EfE","mapping_code":"7_2_14_1886404799","state":1},{"key":"3","name":"3","code":"+4638-4506+612-490+610-1620EfE-1622Ed+608dEdE-488EdEfEfEfEdHdEdHdEfEgEdHdEdHdEdHdEdHdEgEgEgEgEgEgE-48554+4644-4530+614-1628E","mapping_code":"7_3_14_1886437439","state":1},{"key":"4","name":"4","code":"+4638-4508+612-492+610-1620EfE-1622E-490E-488Eh+608hEhJgEfEfEhJhEhJhEhJh+614-1618EhJhEhJhEhJgEgEhJgEgEgEgEgE-48532+4644bEgE","mapping_code":"7_4_14_1886396639","state":1},{"key":"5","name":"5","code":"+4668-4526+612-490+608-1622+610fG-1620GdEdGdEdG-488GfGfGfGiGdEdGdEfGiGfGdEdGdEdGdEdGfGdEfGfGfGfGfG-48518+4618-4516CfG","mapping_code":"7_5_14_1886429279","state":1},{"key":"6","name":"6","code":"+4640-4530+612-490+608-1622+610fG-1620GdGdEdGdEdGfGfGfGdGdEdEdEdEfGhGdEdGdEdGdEfGdGdEfGfGfGfGfG-48540+4644-4502C-1624G","mapping_code":"7_6_14_1886412959","state":1},{"key":"7","name":"7","code":"+4642-4530+612-490+610-1622E-1620EfEdE-488Ed+608dEdIfEgEfEdIdEdIdEgEfEfEdIdEdIdEdIdEdIdEfEfEfEfEfE-48558+4644-4508CfE","mapping_code":"7_7_14_1886445599","state":1},{"key":"8","name":"8","code":"+4636-4524+612-490+610-1622EfEfE-488Ed+608dEdHdEfEfEfEdEdHdEgEdHdHdHfEdHdHdEdHfEfE-1620EdHfEfEfEiE-48550+4642-4508CfC","mapping_code":"7_8_14_1886392559","state":1},{"key":"9","name":"9","code":"+4642-4526+612-492+608-1622+610fGfG-488G-490EiGiEiGfGfGfGiGhGiEiGfGiGhGfGiEiEiEiEiEfGfGiEfGfGfGfG-48520+4618-4636+614-1628G","mapping_code":"7_9_14_1886425199","state":1},{"key":"POWER","name":"POWER","code":"+4642-4594+610-514+608-1622CfCfC-490CgEgCgEgCfCfCfCgCgEgEgCfCfCgEfCgEgCgEgCgEgCfCgEfEfC-1620CfC-48470+4640-4504CfC","mapping_code":"7_11_14_1886441519","state":1},{"key":"MUTE","name":"MUTE","code":"+4642-4572+614-498+610-1622EfEfE-490Eg+608gEgHgEfEfEfEgHgHgHgHgEgHfEgEfEgHgEgHfEfEgEfEgHfEfEfE-48486+4618-4508E-1620E","mapping_code":"7_20_14_1886398679","state":1},{"key":"INPUT","name":"INPUT","code":"+4668-4544+612-492+608-1622+610-1620GhG-490EiG-488GiGjGfGfGfGjGiEiGiEfGfGfGiEfGiGiEiGiEiGiEfGiGfGfGfC-48480+4618-4508GfG","mapping_code":"7_23_14_1886447639","state":1},{"key":"SLEEP","name":"SLEEP","code":"+4642-4570+614-506+610-1620E-1622EfE-490+608-492IhIhEhIgEgEgEhEhIhEhIgEhEgEhEfEhIhEhIhEgEhIgEhEgEgEgE-48494+4618-4506EgE","mapping_code":"7_21_14_1886431319","state":1},{"key":"MENU","name":"MENU","code":"+4638-4506+612-490+610-1622+608-1620EfEdE-488EdGdEdGfEfEhEdGdEdGdGdEdGfEfEhEdGdEdGfEfEdEdGdEfEfEfE-48554+4644-4508CfE","mapping_code":"7_28_14_1886402759","state":1},{"key":"UP","name":"UP","code":"+4640-4530+612-492+608-1622+610fGfG-490GhEhGhEhGfGfGfGhEhGhG-488GhEhGhEfG-1620GiGhEhGfGfGfGhGhEfGfGfG-48534+4616-4524CfG","mapping_code":"7_24_14_1886394599","state":1},{"key":"DOWN","name":"DOWN","code":"+4642-4526+610-490+608-1622CfCfC-488CdEdCdEdCfCfCfCdCdEdEdCfCdCdEfCfCdCdEdCgCfCfCdCdEfCfCfC-48544+4644-4504+612fC","mapping_code":"7_25_14_1886427239","state":1},{"key":"LEFT","name":"LEFT","code":"+4642-4510+612-490+610-1620EfEfEd+608dEdGdE-488E-1622EiEfEdEdGdEdEhEiEdGiEiEdGdEdGiEdEiEdGdEiEiEiE-48558+4644-4512C-1624E","mapping_code":"7_26_14_1886410919","state":1},{"key":"RIGHT","name":"RIGHT","code":"+4638-4508+614-490+610-1622EfEfEdEd+608dEdGdE-1620EhEfEdGdEdGdEfEfEdGfEfEdGdEdGdEdGfEdEdGfEfEfE-48546+4644-4510EfE","mapping_code":"7_27_14_1886443559","state":1},{"key":"VOLUME_UP","name":"VOLUME UP","code":"+4634-4524+614-490+610-1622EfEfEdEd+608dEdGdEfEfEfEdEdGdEdGdE-1620EdGdGfEdGdEdGfEdEfEfEdGfEfEfE-48514+4668-4526+612fE","mapping_code":"7_18_14_1886406839","state":1},{"key":"VOLUME_DOWN","name":"VOLUME DOWN","code":"+4642-4522+612-490+608-1622+610-1620GhGdEdGdEdGdEfGfGfGdGdEdGdEfGfGdEdEfGdEdEdEdEdGfGfGdEfGfGfG-48536+4644-4506+614fG","mapping_code":"7_19_14_1886439479","state":1},{"key":"CHANNEL_UP","name":"CHANNEL UP","code":"+4692-4528+612-490+608-1622+610fG-1620GdEdGdEdGdEfGfGfGdGdEdGdEdGdEdGdEfGdGdE-494+606fGfGfGfGdGfGfGfG-48488+4618-4510GfG","mapping_code":"7_16_14_1886390519","state":1},{"key":"CHANNEL_DOWN","name":"CHANNEL DOWN","code":"+4642-4888+638-510+612-1636+610-1622GhG-490Gi+608iGiJiGhGhGhGiG-488GiJiJhGiGiJiG-1620GiJiJiJiGhGhGhGiGlGhGhG-48488+4618-4516GhG","mapping_code":"7_17_14_1886423159","state":1}],"_id":"iFn3eeI49QQWkMrg"}
