{"category":"TV","brand":"HISENSE","model":"1982","type":1,"version":"1.0","create_date":1695198285849,"protocol":"HISENSE","map_code":[{"key":"0","name":"0","code":"+9180-4504+610-1622+606-490EfE-1620EgEfEfEfEgEfEfEfEfEfEgEgEfEfEdEgEgEfEgEgEgEgEfEfEfEf+608-488EfEfEfEgEgEdEdEdEgEgEdE-25414+9160-4556C","mapping_code":"22_0_4880_2620147040511","state":1},{"key":"1","name":"1","code":"+9182-4506+610-1624+606-490EfE-1620EgEfEfEfEgEfEfEfEfEfEgEgEfEfEg+608gEgEfEgEgEgEgE-1622EfEfEfEfEfEfE-492EfEgEgHgEgEgEgEiE-25426+9156-4598C","mapping_code":"22_128_4880_2620147073151","state":1},{"key":"2","name":"2","code":"+9170-4506+610-1622+606-490EfE-1620EdEfEfEfEgEfEfEfEfEfEgEdEfEfEgEgEgEfEgEgEg+608gEfEdEfEfEfEfEfEfEgEfEgEgEgEdEdEdE-25416+9158-4576C","mapping_code":"22_64_4880_2620147056831","state":1},{"key":"3","name":"3","code":"+9182-4508+610-1622+606-490EfE-1620EgEfEfEfEgEfEfEfEfEfEgEdEfEfEgEdEdEfEgEgEgEdEfEfEdEfEfEfEfEfEgEgEfEdEgEdEgEgE-25466+9186-4512C","mapping_code":"22_32_4880_2620147048671","state":1},{"key":"5","name":"5","code":"+9212-4530+608-1622+606-490EfE-1620EgEfEfEfEdEfEfEfEfEfEg+610-1618EfEfEgEgEgCfEgEgEgEgEgEfEgEfEfEfEfEfEfEgEfEgEdEgEgEgE-25450+9186-4528C","mapping_code":"22_160_4880_2620147081311","state":1},{"key":"6","name":"6","code":"+9182-4508+606-1620C-490CeCdC-1622CeCeCeCfCeCeCeCeCeCfCfCeCeCdCdCdCeCdCdCfCdCeCfCfCeCeCeCeCeCdCeC-492CdCdCfCdCdC-25410+9212-4588+610","mapping_code":"22_96_4880_2620147064991","state":1},{"key":"7","name":"7","code":"+9182-4502+610-1622+606-490EfE-1624+604dEfEfEfEdEfEfEfEfEfE-1620EiEfEfEiEiEdEfEiEdEiEiEiEi+608iE-492EfEfEfEfEfEfEfEiEdEiEiEiE-25428+9212-4604C","mapping_code":"22_224_4880_2620147097631","state":1},{"key":"8","name":"8","code":"+9182-4504+608-1624+606-490EfE-1620EgEfEfEfEgEfEfEfEfEfEgEgCfEfE-1622EgEgEfEgEgEgEhEfEfEfEgEfEfEfEfEgEgEhEfEgEgEhEgE-25414+9158-4548C","mapping_code":"22_16_4880_2620147044591","state":1},{"key":"9","name":"9","code":"+9182-4514+608-1626+606-490EfE-1620EgEfEfEfEgEfEfEfEfEfEgEgEfEfEgEgEgEfEgEgEgEgEgEfEfEgEfEfEfEfEfEgEgEfEgEg+604-1624EgE-25458+9212-4534C","mapping_code":"22_144_4880_2620147077231","state":1},{"key":"POWER","name":"POWER","code":"+9184-4504+610-1622+606-490EfE-1620EgEfEfEfEgEfEfEfEfEfEgEdEfEf+608-1618EdEdEfEgEdEgEgEfEfEgEgEgEfEfEfEgEgEfEfE-492EgEgEdE-25434+9158-4516C","mapping_code":"22_56_4880_2620147054791","state":1},{"key":"MUTE","name":"MUTE","code":"+9178-4508+610-1622+608-490+606fGdGdGfGfGfG-1620GfGfGfGfGfGhGhGfGfGhGhGhGfGhGhGhGhGhGfGhGfGdGfGfGfGfGdG-492GhGfGhGh+584-1644G-25416+9182-4512E","mapping_code":"22_168_4880_2620147083351","state":1},{"key":"INPUT","name":"INPUT","code":"+9186-4528+610-1626+606-490EfE-1620EgEfEfEfE-1622EfEfEfEfEfEgEgEfEfEgEgEhEfEgEgEgEgEhE-496+602gEhEfEfEfEfEfEgEfEfEgEgEgEgE-25420+9156-4518C","mapping_code":"22_176_4880_2620147085391","state":1},{"key":"REWIND","name":"REWIND","code":"+9182-4508+606-1622C-490CeC-1620CfCeCeCeCfCeCeCeCeCeCfCfCeCeCdCfCfCeCfCfCdCdCfCfCeCeCfCeCeCeCeCeCfCdCeCfCdCfC-25414+9210-4550+610","mapping_code":"22_200_4880_2620147091511","state":1},{"key":"PLAY","name":"PLAY","code":"+9182-4504+610-1622+606-490EfEdE-1620EfEfEfEdEfEfEfEfEfEgEgEfEfEgEdEgEfEgEdEgEgEfEgEgEgEfEfEfEfEgEfEfEfEgEgEgEgE-25412+9160-4534+608","mapping_code":"22_112_4880_2620147069071","state":1},{"key":"FAST_FORWARD","name":"FAST FORWARD","code":"+9182-4510+608-1624+606-490EfE-1620EgEfEfEfEgEfEfEfEfEfE-1622EhEfEfEgEgEgEfEgEgEhEgEfEfEfEgEhEfEfEfEg+610-1618EgEfEfEhEgEhE-25414+9158-4574I","mapping_code":"22_24_4880_2620147046631","state":1},{"key":"STOP","name":"STOP","code":"+9180-4506+610-1622+606-490E-492EdEdEfEfEfEdEfEfEgEfEfEdEdEfEfE-1620EhEdEfEhEdC-1616EhEhEfEhEhEhEfEfEfEfEhEfEfEfEh+608hEdE-25424+9156-4534J","mapping_code":"22_184_4880_2620147087431","state":1},{"key":"EXIT","name":"EXIT","code":"+9180-4504+610-1622+606-490EfE-1620EdEfEfEfEgEfEfEfEfEfEgEgEfEfEgEgEgEfEgEgEgEgEfEfEfEfEgEfEfEfEgEdEdEdEfEgEdEdE-25404+9158-4532C","mapping_code":"22_8_4880_2620147042551","state":1},{"key":"DISPLAY","name":"DISPLAY","code":"+9170-4512+610-1622+606-490EfE-1620EgEfEfEfEgEfEfEfEfEfEdEdEfEfEdEdEgEfEgEdEdEgEfEfEgEfEgEf+608-488EfEgEgEfEdEfEgEg+584-1644E-25440+9186-4514H","mapping_code":"22_40_4880_2620147050711","state":1},{"key":"RECORD","name":"RECORD","code":"+9182-4516+610-1626+606-490EfE-1620EgEfEfEfEgEfEfC-486EfEfE-1622EiEfEfEiEgEgEfEgEiEiEiEfEgEgEfEgEfEfEfEiEfEfEiEfEgEgEgE-25434+9184-4506C","mapping_code":"22_104_4880_2620147067031","state":1},{"key":"PAUSE","name":"PAUSE","code":"+9180-4506+610-1622+606-490EfE-1620EgEfEfEfEgEfEfEfEfEfEgEdEfEfEgEgEgEfEgEgEgEdEgEfE-492EgEdEfEfEfEfEgEgEfEfEdEdEgE-25418+9156-4574C","mapping_code":"22_152_4880_2620147079271","state":1},{"key":"UP","name":"UP","code":"+9170-4502+610-1622+606-490EfE-1620EgEfEfEfEgEfEfEfEfEfEdEgEfEfEgEdEgEfEdEgEgEgEgEdEfEgEdEfEfEfEfEfEdE-492EfEgEgEgE-25416+9158-4538+608","mapping_code":"22_216_4880_2620147095591","state":1},{"key":"DOWN","name":"DOWN","code":"+106-22164+9184-4504+608-1622+606-490GhG-1620GiGhGhGhGiGhGhGhGhGhGiGiGhGhGiGiGiGhGiGiGiGfGhGiGhGiGiGhGhGhGfGhGiGhGhGiGfGfG-25410+9236-4546E","mapping_code":"-1_0_0_2574823342","state":1},{"key":"LEFT","name":"LEFT","code":"+9180-4508+610-1622+606-490EfE-1620EdEfEfEfEgEfEfE-492EfEfEdEgEfEfEgEgEg+608h+604gEgEdEgEfEgEdEgEgEfEfEfEgEfEfEfEfEgEgEgE-25420+9186-4524I","mapping_code":"22_120_4880_2620147071111","state":1},{"key":"RIGHT","name":"RIGHT","code":"+9174-4516+608-1622+606-490EfE-1620EgEfEfE-492EgEfEfEfEfEhEgEdEfEfEgEgEdEhEgEdEgEgEgEgEdEgEgEfEfEfEfEfEfEfEfEgEgEgE-25440+9182-4540+610","mapping_code":"22_248_4880_2620147103751","state":1},{"key":"ENTER","name":"ENTER","code":"+9180-4504+608-1620+606-490EfEdEdEfEfEfE-1622EfEfEfEfEfEdEdEfEfEdEdEdEfEdEdEdEgEgEgEdEdEdEdEdEdEfEfEfEfEfEfEfE-492E-25446+9186-4510C","mapping_code":"22_255_4880_2620147105536","state":1}],"_id":"L4tWSfx8PMxXr7WK"}
