{"category":"TV","brand":"HISENSE","model":"242","type":1,"version":"1.0","create_date":1695181939654,"protocol":"HISENSE","map_code":[{"key":"0","name":"0","code":"+4638-4508+612-492+608-1622+610fGfG-490EhGhEhGhEfGfGfGhGhEhGhEhGfGhGfGhGhEhGhEfGhEfGhGfGfGfGfG-48510+4668-4512G-1620G","mapping_code":"7_10_14_1886408879","state":1},{"key":"1","name":"1","code":"+4640-4530+610-488C-1622CeCeC-490+608fGfCfGfCeCeCeCfGfGfCfGfCfGfCfGfCfGfCfGeCeCeCeCeCeCeCeC-48548+4644-4508+612-1624C","mapping_code":"7_0_14_1886388479","state":1},{"key":"2","name":"2","code":"+4642-4526+612-490+610-1620EfEfEd+608dEdGdE-488E-1622EiEiEdEdGdEdGiEdEdGdEdGdEdGdEdGiEiEiEfEiEiEiE-48542+4644-4510CiE","mapping_code":"7_1_14_1886421119","state":1},{"key":"3","name":"3","code":"+4640-4540+612-492+608-1622+610-1620GhG-490EiEiGiEiGfGfGfGiGiEiEiGiEfGiEiGiEiEiEiEfGiEfGfGfGfGfGfG-48526+4644-4512CfG","mapping_code":"7_2_14_1886404799","state":1},{"key":"4","name":"4","code":"+4692-4528+612-490+610-1620E-1622EgEdEd+608dEdHdHgEgEfEdHdH-494+604dHgEgEdHdHdHdEdHdEdHdEgEgEgEgEgEgE-48594+4664-10396C-1626E","mapping_code":"7_3_14_1886437439","state":1},{"key":"5","name":"5","code":"+4642-4524+612-490+610-1620EfE-1622Ed+608dEdHdEdHgEgEgEdHdHdEdHdEdHgEdEdHdEdHdEgEgEdHgEg+614-1618EgEgE-48554+4646-4510C-1624E","mapping_code":"7_4_14_1886396639","state":1},{"key":"6","name":"6","code":"+4642-4520+614-490+610-1622EfEfEdEd+608dEdGdEfEfEfEdGdGdEdGfEdGfEdGdEdGdEdGdEfEdGfE-1620EfEfEfE-48560+4644-4510+612fE","mapping_code":"7_5_14_1886429279","state":1},{"key":"7","name":"7","code":"+4670-4516+612-492+610-1622EfEfE-490+608gEgHgEgHfEfEfEgEgHgEgHgEfEfEgHgEgHgEgHfEgHgHfEfEfEfEfE-48524+4614-4518EfE","mapping_code":"7_6_14_1886412959","state":1},{"key":"8","name":"8","code":"+4638-4550+614-500+608-1622+610-1620GhG-488G-490EjGjEjGfGfGfGjGjEjGjEfGfGfGjGjEjEjEjGjEjGjEfGfGfGfGfG-48476+4618-4530GfG","mapping_code":"7_7_14_1886445599","state":1},{"key":"9","name":"9","code":"+4668-4626+612-510+610-1620EfE-1622E-490+608hE-492+606hEhIgEgEgEhIhIhIhIhEhIhEgEhIhIhIhEgEgEgEhEgEgEgEgE-48590+4644-4570C-1638E","mapping_code":"7_8_14_1886392559","state":1},{"key":"MUTE","name":"MUTE","code":"+4612-4532+610-490C-1620C-1622CfCdC-488Cd+608dCdHfCeCeCdHdHdHdCfCdHfCfCfCdHdHdHdCeCdHdCdHfCfCfC-48548+4644-4514+612fC","mapping_code":"7_29_14_1886435399","state":1},{"key":"INPUT","name":"INPUT","code":"+4642-4526+612-490+608-1622+610-1620GhGdEdGdEdEdEfGfGfEdGdEdGdEdGdEdEfGfGdEdGdEfGfGfGdEdEfGfGfG-48548+4644-4512+614fG","mapping_code":"7_24_14_1886394599","state":1},{"key":"LAST","name":"LAST","code":"+4822-4534+612-492+608-1622+610fG-1620G-490EiGiEiGiEfGfGfGiGiEiGiEfGiGiEiGiEiGfGiEiGfGfGfGfGfGiGfG-48552+4644-4516GfG","mapping_code":"7_65_14_1886421629","state":1},{"key":"POWER","name":"POWER","code":"+4642-4514+610-490C-1620C-1622CfCdCd+608dCdGdCfCfCf+612-486GdCdGdCfCfCfCfCdCdGdCdGdCdGdCdGfCfCfCfC-48476+4618-4530HfC","mapping_code":"7_15_14_1886449679","state":1},{"key":"MENU","name":"MENU","code":"+4632-4536+612-490+610-1620E-1622EgEd+608dEdHdE-492+606gEfEfEdHdEdHdEfEdHgE-488EgEdHdEdHdHgEdHgEdHgEgEgE-48538+4644-4504CgE","mapping_code":"7_21_14_1886431319","state":1},{"key":"UP","name":"UP","code":"+4634-4508+612-490+610-1622EfEfEdEd+608dE-488EdE-1620EiEfEdGdEdGdGdGfEdGdGfEdGdEhEfEdGfEfEdGfEfEfE-48552+4644b+614-1624E","mapping_code":"7_18_14_1886406839","state":1},{"key":"DOWN","name":"DOWN","code":"+4640-4558+640-540+612-1640E-1624+610-1622H-490Hj+608jHjKjHiHiHiHjH-488HjKjHiHiHjHjKiHjHjKjHjKjHiE-1618HjH-1620HiHiH-48470+4644-4524HiH","mapping_code":"7_19_14_1886439479","state":1},{"key":"LEFT","name":"LEFT","code":"+4642-4528+612-490+610-1620EfEfEd+608dEdGdEdG-1622EfEhEdEdGdEdGhEdEdGdEhEdGdEdGdEhEhEhEdEhEhEhE-48544+4644-4508EhE","mapping_code":"7_17_14_1886423159","state":1},{"key":"RIGHT","name":"RIGHT","code":"+4642-4558+614-494+608-1622+610-1620GhG-490EiGiEiGiEfGfGfGiGiEiGiEiGiEiGiEfGiGiEiGfGfGfGfGiGfGfGfG-48510+4618-4506GfG","mapping_code":"7_16_14_1886390519","state":1},{"key":"ENTER","name":"ENTER","code":"+4642-4522+612-490+608-1622+610-1620GhGdEdGdEdG-488GfGfGfGdGdEdGdEdGfGdEfGdGdEfGdEfGdEfGdEfGfGdGfG-48548+4644-4508C-1624G","mapping_code":"7_74_14_1886409389","state":1}],"_id":"8BHGani5ba6ELRkc"}
