{"category":"TV","brand":"HISENSE","model":"252","type":1,"version":"1.0","create_date":1695182096133,"protocol":"HISENSE","map_code":[{"key":"0","name":"0","code":"+9188-4534+612-490+608d+610dEdFdEdFdEdE-1622FgFgFgFgFgFdFgFdEgFgF-1620FdEdEdFdEgFdEdEdEgFgFgFgF-44388+9202-2222F","mapping_code":"3_14_48896_16609423","state":1},{"key":"1","name":"1","code":"+9224-4508+614-492+608-490+610fEfGfEfGfGfE-1622GhG-1620GhGhGhGfGhGhGfGhGhGfEfEfEfGfEhGfEfEhGhGhGhG-44390+9200-2208G","mapping_code":"3_13_48896_16625743","state":1},{"key":"2","name":"2","code":"+9200-4518+610-490Cd+608dCdEdCdEdCdE-1622CfCfC-1620CfCfCdEfCgCdEdEfCfCdEdCdEdEfCfCdEdCfCfCfC-44308+9198-2216C","mapping_code":"3_25_48896_16619623","state":1},{"key":"3","name":"3","code":"+9224-4512+610-490Cd+608dCdEdCdEdCdE-1622CfCfCfC-1620CfCdEfCfCfCdEfCfCdCdEdCdEdCfCdEdCfCfCfC-44338+9202-2222C","mapping_code":"3_27_48896_16635943","state":1},{"key":"4","name":"4","code":"+9200-4514+612-490+610d+608dEdFdEdFdEdF-1622E-1620EgEgEgEgEdEgEgEdFdEdFgEdEdFdEdFgEgEgEdFgEgEgE-44378A-2238C","mapping_code":"3_17_48896_16615543","state":1},{"key":"5","name":"5","code":"+9222-4506+614-492+608-490+610fEfG-488GfGhGfE-1622G-1620GiGiGiGiGfGiGiGfEiGfEiGfGfEfGfEiGfGiGfEiGiGjG-44378+9202-2226G","mapping_code":"3_21_48896_16623703","state":1},{"key":"6","name":"6","code":"+9198-4564+612-508C-492+610-490+608gFgHgFgHgF-1622FiFiFiFiF-1620FgHiFiFiFiFgHiFgFgHgHgHgHgFiFgHiHiFiF-44340+9174-2226F","mapping_code":"3_23_48896_16640023","state":1},{"key":"7","name":"7","code":"+9226-4548+612-492+608-490+610fEfEfGfEfGfE-1622GhGhGhGhGhGfEhGfGhGfGfEhGfEfGfEhGfEhGhGfGhGhG-1620G-44390+9198-2208G","mapping_code":"3_18_48896_16599223","state":1},{"key":"8","name":"8","code":"+9222-4512+612-490+610-488Ed+608dEdGdEdGdG-1622EhEhEhEhEhEdEhEdGhEhEdGhEdGdGdEhEdGdEhEdGhEhEhE-44372+9202-2222C","mapping_code":"3_22_48896_16607383","state":1},{"key":"9","name":"9","code":"+9198-4556+614-506+608-490+610fEfGfEfGfEfE-1622G-1620GhGhGhGhGfGhGhGhGfEfEfEfEfEfGfEfEhGhGhGhGiGhG-44348+9200-2218G","mapping_code":"3_3_48896_16629823","state":1},{"key":"MUTE","name":"MUTE","code":"+9224-4512+610-490+608dCdEdCdCdEdCdE-1622CfCfCfCfCfCdEfCfCdEfCdCfCdCfCdEdEfCdCfCdEfCdEfC-44416+10098-2218+612","mapping_code":"3_85_48896_16624213","state":1},{"key":"INPUT","name":"INPUT","code":"+9254-4532+612-490+608d+610dEdFdEdF-488FdE-1622F-1620FhFhFhFhFdFhFhFdEhFhFiFdEdEdEdFiFdEdFdEhFhFhF-44308+9202-2230F","mapping_code":"3_29_48896_16627783","state":1},{"key":"SLEEP","name":"SLEEP","code":"+9246-4556+612-494+608-490+610fEfGfEfGfEfG-1622EhGhGhGhGhGfEhGfGfEfEhGhGfEfGfEhGhGhGfEfGhGhGhG-44302+9200-2220C","mapping_code":"3_24_48896_16586983","state":1},{"key":"LAST","name":"LAST","code":"+9224-4510+612-492+608-490+610fGfEfGfEfGfE-1622GhGhGhGhGhGfEhGhGhGhGfGhGfGhGfEfGfGfEhGfGhGfGhG-44394+9202-2214G","mapping_code":"3_87_48896_16640533","state":1},{"key":"RED","name":"RED","code":"+9254-4536+612-490+610d+608dEdFdEdFdEdF-1622EgEgE-1620EgEgEdF-1626+604gEhEdFgEdEdE-508FdEdFdEhEdFgEgEgEhE-44346+9198-2220E","mapping_code":"3_11_48896_16633903","state":1},{"key":"GREEN","name":"GREEN","code":"+9226-4536+612-492+608-490+610fEfGfEfGfEfE-1622G-1620GhGhGhGhGfGhGfEfEfEhGhGfEhGfGhGhGhGfEfEhGfGhG-44308+9176-2248C","mapping_code":"3_88_48896_16587493","state":1},{"key":"BLUE","name":"BLUE","code":"+9252-4540+612-490+608d+610dEdFdEdFdEdF-1620F-1622FhFhFhFhFdFhFdEhFdEhFdEdE-494+604dEhFdEhFdEhFhFhFhF-44308+9202-2220F","mapping_code":"3_10_48896_16601263","state":1},{"key":"YELLOW","name":"YELLOW","code":"+9224-4514+612-490+608d+610dEdFdEdFdEdF-1620F-1622FhFhFhFhFdFhFhFdEdFhFhFdFhFdEdFhFhFdEdEhFdEhF-44384+9200-2228C","mapping_code":"3_89_48896_16620133","state":1},{"key":"POWER","name":"POWER","code":"+9254-4534+612-490+610d+608dFdFdEdFdEdF-1622EgEgEgE-1620EgEdFgEdEdFdEdFgEdEdFdEgEgEgEgEdEgEgEgE-44308+9198-2216E","mapping_code":"3_16_48896_16582903","state":1},{"key":"MENU","name":"MENU","code":"+9222-4544+638-514+612-496+610-490+608hGhIhGhIhG-1620G-1622GkGkGkGkGhGkGhIhGkGkGkGhIkGhIkGkGhIhGhIkGhIkG-44318+9202-2214G","mapping_code":"3_92_48896_16595653","state":1},{"key":"UP","name":"UP","code":"+9226-4508+612-492+610-490+608fEfGfEfGfGfG-1622EhE-1624+606hEhEhEfGhEfGfEhEfGhEfGfEfGhEhEfE-1620EfGhEhEhE-44374+9228-2230C","mapping_code":"3_20_48896_16591063","state":1},{"key":"DOWN","name":"DOWN","code":"+9250-4584+612-506+610-488E-490+608gEgHgEgHgE-1622EiEiEiEiEiEfEiEiEiEiEiEgEgHgEgHgEgHgEgHiEiEiEiE-44314+9202-2226E","mapping_code":"3_15_48896_16642063","state":1},{"key":"LEFT","name":"LEFT","code":"+9226-4530+612-490+610d+608dEdFdE-488EdEgE-1622EhEhEhEhEhEdFhE-492+606hEhEhEhEdEdFdEhEdFdEdFdEhEhEhE-44308+9202-2240E","mapping_code":"3_30_48896_16611463","state":1},{"key":"RIGHT","name":"RIGHT","code":"+9198-4636+612-512C-496+610-490+608gFgHgFgHgF-1622FiFiFiFiFiFgHiFiFiFgFiFiFgFiFgHgFgHiFgFgHiFgHiF-44318+9202-2218F","mapping_code":"3_91_48896_16636453","state":1},{"key":"VOLUME_DOWN","name":"VOLUME DOWN","code":"+4648-4530+614-492+610-1624EfEf+612-490EhEdEhEhEfEfEfEhEhEhEhEhEhEfEdEfEhEdEhEfGfEhEfEhEfEfEfE-48616+4652-4518EfE","mapping_code":"7_20_14_1886398679","state":1}],"_id":"2Azx3hyE1wm05xze"}
