{"category":"TV","brand":"HISENSE","model":"2649","type":1,"version":"1.0","create_date":1695201804346,"protocol":"HISENSE","map_code":[{"key":"0","name":"0","code":"+9150-4522+608-490+606dE-1618CfCfCdEdCdEfCdEdCdEdCfCfCdCdEdEfCfCfCdEfC-1620EgCfCdCdEdCdEdEdCdEdCfCfCfCfCgCfCfCfC-24880+9186-4538+610","mapping_code":"22_0_1808_971080925439","state":1},{"key":"1","name":"1","code":"+9170-4500+608-490Cd+606-1618CfCfCdCdEdCfCdCdEdCdEfCfCdEdCdEfC-1620CfCdCfCfCfCfCgCdEdCdEdEdEdEdEdEfCgEgCfCfCfCgC-24870+9184-4550+610","mapping_code":"22_128_1808_971080958079","state":1},{"key":"2","name":"2","code":"+9184-4502+608-490+606dC-1618CfCfCdEdCdEfCdCdCdEdCfCfCdCdEdCfCfCfCdCfCfC-1620EgCdEgEdEdCdEdCdEdEfCdCfCfCfCgEgCfC-24874+9182-4506+610","mapping_code":"22_64_1808_971080941759","state":1},{"key":"3","name":"3","code":"+9182-4508+610-492+606-490+608-1618GhGhGfGfGfEhGfGfEfEfE-1620GhGfEfEfGhGhGhGfGhGhGhGiGhGhGfGfEfGfEfEfEfEfGhGhGhGhGiGhG-24872+9160-4522C","mapping_code":"22_192_1808_971080974399","state":1},{"key":"4","name":"4","code":"+9178-4502+610-494+606-490+608-1618GhGhGfGfGfEhGfGfEfEfGhGhGfEfEfGhGhGhGfEhGhG-1620GhGfEfGhGfGfEfGfEfGhGhGfEhGhGiEiGhG-24880+9158-4526C","mapping_code":"22_32_1808_971080933599","state":1},{"key":"5","name":"5","code":"+9180-4500+612-492+608-490+606-1618EhEhEfGfEfGhEfGfEfGfEhEhEfEfGfGhEhEhEfGhE-1620EhEiGhEfGhEfEfGfGfGfGfGiEfGiEhEhEhEiG-24898+9158-4548+610","mapping_code":"22_160_1808_971080966239","state":1},{"key":"6","name":"6","code":"+9182-4500+610-492+608-490E-1618EgEgEfEf+606fEgEfEfHfEfHgEgEfHfHfEgEgEgEfEgEgEgEgEfHgE-1620HfHfEfHfEfHiEfHfEgEgEgEiEiH-24872+9184-4504C","mapping_code":"22_96_1808_971080949919","state":1},{"key":"7","name":"7","code":"+9156-4528+610-492+606-490+608-1618GhGhGfGfEfEhGfEfGfEfGhGhG-488EfGfEhGhG-1620EfEhGhGhGhGjEjGhGfEfGfEfGfEfGfEfGhGhGhGhGhG-24920+9186-4508C","mapping_code":"22_224_1808_971080982559","state":1},{"key":"8","name":"8","code":"+9160-4518+610-492+608-490E-1618EgEgE-498Ef+606fIgEfEfE-488EfEgEgEfIfIfEgEgEgEfIgEgEgEgEfIfIfEgEfIfIfEfIgEgE-1620EfIkIkEgEgE-24886A-4548C","mapping_code":"22_16_1808_971080929519","state":1},{"key":"9","name":"9","code":"+9144-4524+608-490+606dC-1618CfCfCdEdCdEfCdEdCdEdCfCfCdCdEdCfCfCfCdEfCfC-1620CfCfCdCdEfCdEdCdEdCdEgEgCdEgEgCfCfC-24886+9186-4520+610","mapping_code":"22_144_1808_971080962159","state":1},{"key":"MUTE","name":"MUTE","code":"+9148-4524+608-490Cd+606-1618CfCfCdCdEdCfCdCdEdCdEfCfCdEdCdEfCfCfCdE-1620CfCfCfCdEfCgEdEfCdEdCdEfCdCdEgEdEfCgEgC-24882+9186-4552C","mapping_code":"22_104_1808_971080951959","state":1},{"key":"INPUT","name":"INPUT","code":"+11208-4560+608-512+606-490C-1618CgCgCfC-488CfEgChCfEfCfEgCgCfEfCfEgCgCgCfEgCgCgCgCgCgEfEgCfCfEfCfEfCfEgCfE-1620CgCgCgC-24876+9184-4500+610","mapping_code":"22_208_1808_971080978479","state":1},{"key":"LAST","name":"LAST","code":"+9176-4504+608-490CdC-1618CeCeCdCd+606dCeCdFdFdCdFeC-1620CdFdCdFgFgCeCdCgFeCeCeCdFeCdFeCeCdCdFdFeCdCeCdFdFeCgFgC-24872+9186-4510+610","mapping_code":"22_88_1808_971080947879","state":1},{"key":"DISPLAY","name":"DISPLAY","code":"+9158-4536+610-498+608-490+606-1618EhEhEfGfEfGhEfGfEfGfGhEhEfGfGfGhEhE-1620EfGhEiEhEhEhEiGfGhEiGfGfGfGfGfGiEfGfGhEhEiG-24872+9186-4528C","mapping_code":"22_216_1808_971080980519","state":1},{"key":"POWER","name":"POWER","code":"+9172-4500+608-490Cd+606-1618CfCfCdCdEdCfCdCdEdCdEfCfCdEdCdEfCfCfCdCfCfCfCfCdEfCdCdE-1620EdEdCdEfCdEfCfCdEfCfCgC-24872+9158-4596+610","mapping_code":"22_72_1808_971080943799","state":1},{"key":"MENU","name":"MENU","code":"+9180-4500+610-490+608dE-1618EfEfEdEdE-488EfEdEd+606dEdHfEfEdHdHdEfEfEfEdEfEfEfE-1620HdHdEdHiHiEdHdHdHiHiEfEdEdHiHiEfE-24878+9186-4522C","mapping_code":"22_24_1808_971080931559","state":1},{"key":"UP","name":"UP","code":"+9180-4518+610-500+606-490+608-1618GhGhGfEfGfEhGfEfGfEfGhGhGfC-486EfGhGhGhGfEhG-1620EjGhGhGhGfEfGhGfEfEfEfEfGhGhGfGhGhGhG-24872+9186-4534C","mapping_code":"22_200_1808_971080976439","state":1},{"key":"DOWN","name":"DOWN","code":"+9208-4510+610-492+606-490+608-1618GhGhGfEfGf+632-1616GfEfGfEfGhGhGfGfEfEhGhG-1620GfEhGkGhGhGhGkEkEfEkEfEfGfEfEfEfEhGfGhGhGkE-24872+9184-4516C","mapping_code":"22_232_1808_971080984599","state":1},{"key":"LEFT","name":"LEFT","code":"+9168-4500+608-490+606d+636-1632C-1618ChCdEdCdChCdEdEdCdEhChCdEdCdEhC-1620ChCdEiC-1622+604hChCdEdEdEdChCdEdEdChChChCiEdEhCiEiC-24876+9184-4536+610","mapping_code":"22_8_1808_971080927479","state":1},{"key":"RIGHT","name":"RIGHT","code":"+9156-4524+608-490Cd+606-1618CfCfCdCdEdCfCdEdEdCdEfCfCdEdCdEfC-1620CfCdEgCfCfCfCdEdCfCdEgCdEdCdEgEgCdEgEdEfCgCfC-24928+9186b+610","mapping_code":"22_40_1808_971080935639","state":1}],"_id":"wv7kxAu0zpqLnM0S"}
