{"category":"TV","brand":"HISENSE","model":"297","type":1,"version":"1.0","create_date":1695182343713,"protocol":"HISENSE","map_code":[{"key":"0","name":"0","code":"+4646-4602+614-508+610-1624Ef+612-1622G-490EiEiEiE-492EfEfEfEiEiEiEiEfEiEiEfEiEiEiEjEiEfEfEiEfEfEfEfE-48552+4650-4522EfE","mapping_code":"7_9_14_1886425199","state":1},{"key":"1","name":"1","code":"+4648-4520+612-492+610-1624EfEfE-490C-504EgEgEgEfEfEfEgEdEgEdEgEdEgEgEgEgEgEgEfEfEfEfEfEfEfEfE-48662+4672-4516CfE","mapping_code":"7_0_14_1886388479","state":1},{"key":"2","name":"2","code":"+4648-4534+612-492+610-1624EfEfE-490EgEgEgEgEfEfEfEgEdEgEdEfEgEdEgEgEgEgEgEgEfEfEfEfEfEfCfE-48634+4652-4514+614-1626E","mapping_code":"7_1_14_1886421119","state":1},{"key":"3","name":"3","code":"+4650-4538+614-492+610-1624+612-1622GfE-490EiEiEiEiEfEfEfEiEiEiEiEiEfEiEiEiEiEdEiEfEiEfEfEfEfEfGhE-48592+4624-4520G-1626E","mapping_code":"7_2_14_1886404799","state":1},{"key":"4","name":"4","code":"+4648-4536+612-492+610-1624EfEfE-490EgEgEgEgEfEfEfEgEgEgEgEfEfEgEdEgEgEgEgEgEgEfEfEfEfEfEfE-48626+4652bCfC","mapping_code":"7_3_14_1886437439","state":1},{"key":"5","name":"5","code":"+4648-4532+614-492+610-1624EfEf+612-490EhEhEhEhEfEfEfEhEdEhEdEhEdEfEhEhEhEdEhEfEfEdEfEfEfEfEfE-48628+4652-4522GfE","mapping_code":"7_4_14_1886396639","state":1},{"key":"6","name":"6","code":"+4648-4584+614-504+610-1624EfEfE-490EgEgEgEgEf+612fEfEgEgEgEgEfEgEfE-492EgEgEgEgEgEfEgEfEfEfEfEfE-48598+4650-4508C-1626H","mapping_code":"7_5_14_1886429279","state":1},{"key":"7","name":"7","code":"+4650-4530+614-492+610-1624Ef+612-1622G-490EiEdEiEiEfEfEfEiEiEiEiEiEfEfEiEdEiEdEiEfEdEiEfEfEfEfEfE-48636+4652-4518C-1626E","mapping_code":"7_6_14_1886412959","state":1},{"key":"8","name":"8","code":"+4648-4536+610-490C-1624CeCeCdCdCdCdCdCe+612-1622FeCdCdCdCdCeCeCeCdCdF-488CdCdC-492CdC-498+602eCeCeCeCeC-48580A-4554+614-1628C","mapping_code":"7_7_14_1886445599","state":1},{"key":"9","name":"9","code":"+4702-4538+614-492+610-1624+612-1622GfE-490EiEiEiEiEfEfEfEdEiEdEiEdEiEiEfEiEiEiEiEfEfEfEiEfEfEfEfE-48552+4624-4520EfE","mapping_code":"7_8_14_1886392559","state":1},{"key":"MUTE","name":"MUTE","code":"+4648-4530+614-492+610-1624EfEf+612-490EhEdEhEhEfEfEfEhEhEhEhEhEhEfEdEfEhEdEhEfGfEhEfEhEfEfEfE-48616+4652-4518EfE","mapping_code":"7_20_14_1886398679","state":1},{"key":"INPUT","name":"INPUT","code":"+4646-4534+614-492+610-1624E-1622+612fE-490EiEiEiEiEfEfHgHiEiEdEiEfEfEfEfEiEdEiEiEiEiEiEiEfEfEfEfE-48590+4678-4514HfH","mapping_code":"7_15_14_1886449679","state":1},{"key":"LAST","name":"LAST","code":"+4648-4532+614-492+610-1628+606-1622+612hI-490EjEjEjEjE-1624EkEkEjEjEjEjEjEkEjEjEkEjEkEkEkEjEkEkEdEkEjEdE-48634+4650-4520CkI","mapping_code":"7_210_14_1886407604","state":1},{"key":"POWER","name":"POWER","code":"+4650-4578+614-502+610-1624EfEfE-492E-490EhEhEhEfEfEfEhEhEhEhEfEfEgEfEhEgEhEgEhEhEfEhEfEfEfEfE-48556+4624-4592C-1840+636","mapping_code":"7_11_14_1886441519","state":1},{"key":"MENU","name":"MENU","code":"+4648-4538+614-492+610-1624EfEf+612-490EhEhEhEdEfEfEfEhEhEdEhEdEhEfEfGfEhEhEhEfEfEhEhEhEfEfEfE-48632+4652-4520GfG","mapping_code":"7_28_14_1886402759","state":1},{"key":"UP","name":"UP","code":"+4650-4532+610-490C-1622+612-1624CgCdCdCdC-492CdCgCgCgCdCdCdCdCgCdCdCdCgCdCdCdCdCgCgCgChCgCgCgC-48622+4652-4516+614-1626C","mapping_code":"7_17_14_1886423159","state":1},{"key":"DOWN","name":"DOWN","code":"+4648-4578+614-508+610-1624EfEfE-490EgEgEgEgEfEfEfEgEgEgEgEgEgEgEgEfEgEgEgE-1628+606fEfEfEgEfEfEfE-48556+4650-4518+612fE","mapping_code":"7_16_14_1886390519","state":1},{"key":"LEFT","name":"LEFT","code":"+4648-4540+610-492C-1624CeCeC-490CfCfCfCfCeCeCeCfCfCfCdCfCe+612fCfCeCfCfCdCeCfCeCeCfCeCeCeC-48618+4652-4520+614-1626C","mapping_code":"7_18_14_1886406839","state":1},{"key":"RIGHT","name":"RIGHT","code":"+4644-4514+612-492+610-1624EfEfC-490EgEgEgEgEfEfEfEgEgEdEgEfEfEgEdEfEgEgEdEgEgEfEfEdEfEfEfE-48610+4622-4528EfC","mapping_code":"7_19_14_1886439479","state":1},{"key":"ENTER","name":"ENTER","code":"+4648-4570+614-504+610-1624Ef+612-1622G-490EiEiEiEiEfEfEfEiEiEiE-492EfEfEfEfEfEfEfEfEiEiEiEjEiEjEiEjE-48548+4624-4538GfE","mapping_code":"7_255_14_1886453504","state":1}],"_id":"EY6ljbDeey8ngk8T"}
