{"category":"TV","brand":"HISENSE","model":"3213","type":1,"version":"1.0","create_date":1695173027910,"protocol":"HISENSE","map_code":[{"key":"0","name":"0","code":"+9210-4522+608-492+606-490EfEfEfEfE-1620EfEgEgEgEgEgEgEfEgEfEfEfEfEfEfEfEfEgEgEgEgC-1618+610-1634EgEgE-41584+9160-2214C","mapping_code":"3_0_64_50135295","state":1},{"key":"1","name":"1","code":"+9212-4532+608-492+606-490EfEfE-494+602fE-1618CfE-1620CiCiCiCjEjEfEjCiCfEfEfEfEfEfEfEfEjCiCjEjEjEjEjE-41546+9162-2226C","mapping_code":"3_1_64_50167935","state":1},{"key":"2","name":"2","code":"+9236-4522+610-492+606-490EfEfEfEfE-1620EfEgEgEgEgEg+608-1618HfEgEfEgEfEfEfEfEfEfEgEfEgEgHiHiHgEgE-41540+9186-2228H","mapping_code":"3_2_64_50151615","state":1},{"key":"3","name":"3","code":"+9186-4510+610-492+606-490EfEfEfEfE-1620EfE-1618+608hIgEgEgEgEfEhIgEgEfEfEfEfEfEfEfEfEgEgEgEgEgIhI-41574+9160-2212E","mapping_code":"3_3_64_50184255","state":1},{"key":"4","name":"4","code":"+9210-4510+610-492+606-490EfEfEfEfE-1620EfE-1618+608gEgEgEgEgEfEgEfEfEgEfEfEfEfEfEgIhIfEgEgEgEgIgE-41596+9188-2212C","mapping_code":"3_4_64_50143455","state":1},{"key":"5","name":"5","code":"+9228-4520+610-492+606-490EfEfEfEfE-1620EfE-1618+608hIgEgEgEgEfEgEgEfEhIfEfEfEfEfEfEhIfEgEgIhIhIgE-41540+9184-2218E","mapping_code":"3_5_64_50176095","state":1},{"key":"6","name":"6","code":"+9186-4568+610-512+602-490+606fGfGfGfG-1620GfGhGhGhGhGhGh+608fGhGfGhGhGfGfGfGfGfGhGfGfGhGhI-1618IhGhG-41558+9184-2212G","mapping_code":"3_6_64_50159775","state":1},{"key":"7","name":"7","code":"+9150-4520+610-492+606-490EfEfEfEfE-1620EfE-1618+608hIgEgEgEgEfEgEgEgEgEfEfEfEfEfEfEfEfEgEgEgEgIhI-41630+9188-2214I","mapping_code":"3_7_64_50192415","state":1},{"key":"8","name":"8","code":"+9186-4516+608-490+606dEdEdEdEdE-1620EdEfEfEfEfCfEfEdEfEdEdEdEfEdEdEdEdEfEfCfEdEfCfEfEfE-41600+9158-2222C","mapping_code":"3_8_64_50139375","state":1},{"key":"9","name":"9","code":"+9186-4518+610-492+606-490EfEfEfEfE-1618+608fE-1620EiHgHgHiEiEfEiHgHfEfEgHfEfEfEfEfEiEiEfEiEiEiHgE-41572+9160-2208H","mapping_code":"3_9_64_50172015","state":1},{"key":"MUTE","name":"MUTE","code":"+9156-4524+608-490+606dEdEdEdEdE-1620EdE-1618CgCfEfEfEfEdEfEdEdEdEdEfEdEdEdEgCgCfEfEdEgCfEfE-41588+9160-2212E","mapping_code":"3_16_64_50137335","state":1},{"key":"INPUT","name":"INPUT","code":"+9176-4518+610-492+606-490EfEfEfEfE-1618+608fE-1620HgHgHgHiEiEfEgHiEiEiEiEfEfEfEfEfEfEfEfEiEiEiEiE-41550+9186-2216H","mapping_code":"3_15_64_50196495","state":1},{"key":"PLAY","name":"PLAY","code":"+9258-4516+608-492+606-490EfEfEf+610-486E-1618CfEfE-1620EjEjEjEjEfEjEjEfEiCiCfEjEfEfEfEjEfEfEjEfEjCjE-42738+9188-2208C","mapping_code":"3_45_48704_41792587","state":1},{"key":"EXIT","name":"EXIT","code":"+9158-4524+610-492+606-490EfEfEfEfE-1622+604fE-1620EiEiEiEiEiEfEiEfEfEiEiEi+608fEiEfEiJiEfEfEfEiEfEiE-41622+9186-2212E","mapping_code":"3_92_64_50150085","state":1},{"key":"LAST","name":"LAST","code":"+9180-4500+608-490+606dEdEdEdEdE-1620EdE-1622+604fEfEfCfEfEdEfEfEfEdEfEdEdEdEdEdEdEfEdEfEfEfEfE-41604+9182-2204E","mapping_code":"3_11_64_50188335","state":1},{"key":"DISPLAY","name":"DISPLAY","code":"+9186-4534+610-492+606-490EfEfEfEfE-1620EfE-1618+608hIgEgEgEgEfEgEfEfEgEgEgEfEfEfEgEgEfEfEfEgEgIhI-41568A-2220E","mapping_code":"3_28_64_50149575","state":1},{"key":"PAUSE","name":"PAUSE","code":"+9212-4530+610-492+606-490+608fEfEfEfE-1620GfEhEhEhEhEhGhEfEhEfEfEfEfEhEfEhEfEhGhEhEhEfEhGfEhE-41554+9182-2212G","mapping_code":"3_80_64_50137845","state":1},{"key":"POWER","name":"POWER","code":"+9178-4516+608-492+606-490+610-486EfEfEfE-1618CfE-1620EjEjEjCiCiCfEjEfEjEfEfEjEfEfEfEiCfEjEjEfEjEjEjE-41618+9188-2212E","mapping_code":"3_18_64_50153655","state":1},{"key":"MENU","name":"MENU","code":"+9186-4584+610-504+608-498E-492+606-490HiHiH-1620HiHjHjHjHjHjE-1618EiHjHiHjHjHiHjHiHjHiHkEiHiHjHiHkEiHjH-41558+9184-2214H","mapping_code":"3_86_64_50162325","state":1},{"key":"UP","name":"UP","code":"+9186-4514+606-490CdCdCdCdCdC-1620CdCeCeCeCeCeCe+608dCeCdC-1618FdCeCeCdCeCdCeCdCeCdCdCeCdCeC-41606A-2210F","mapping_code":"3_90_64_50158245","state":1},{"key":"DOWN","name":"DOWN","code":"+9186-4512+610-492+606-490EfEfEfEfE-1618+608fE-1620EiEiHiEgHiEfEgHfEiEiEiEiEfEiEfEgHfEfEfEfEgHfEiE-41564+9160-2208H","mapping_code":"3_94_64_50166405","state":1},{"key":"LEFT","name":"LEFT","code":"+9204-4564+610-500+606-490EfEfEfEfE-1618+608fE-1620EiEiEiHiEiEfEiEiEiHiEiEiEfEgHfEfEfE-494+602fEfEiHfEiE-41540+9158-2240H","mapping_code":"3_95_64_50199045","state":1},{"key":"RIGHT","name":"RIGHT","code":"+9186-4516+608-492+606-490Ef+610-498EfEfE-1620EfEiEiEiEiEiC-1618CfEiEiEiEfEiEiEfEiEfEfEfEiEfEfEiCfEiE-41622A-2208G","mapping_code":"3_91_64_50190885","state":1},{"key":"VOLUME_UP","name":"VOLUME UP","code":"+9184-4526+610-492+606-490EfEfEfEfE-1620EfE-1618+608gEgEgEgEgEfEgEfEhEfEgEgEfEfEfEgEfEgEfEfEgIhIgE-41578+9188-2232I","mapping_code":"3_26_64_50157735","state":1},{"key":"CHANNEL_UP","name":"CHANNEL UP","code":"+9186-4518+608-492+606-490CfEfEfEfE-1618CfE-1620EhEhEhCgCgCfEhEhCgCfEhEhEfEfEfEfEfEhEfEfEhEhEhE-41628A-2212E","mapping_code":"3_27_64_50190375","state":1},{"key":"CHANNEL_DOWN","name":"CHANNEL DOWN","code":"+9186-4514+608-490+606dEdEdEdEdE-1620EdEfC-1618CgCfEfEfEdEgEfCfEfEfEfEdEdEdEdEdEdEdEdEfEfEfC-41626A-2214E","mapping_code":"3_31_64_50198535","state":1},{"key":"VOLUME_DOWN","name":"VOLUME DOWN","code":"+9234-4516+610-496+606-490Ef+612-486EfEfE-1620EfEi+608-1618JkJiEiEiEfEiJfEiEiEiEiJfEfEfEiEfEfEfEfEiEiEiE-41546+9184-2206J","mapping_code":"3_30_64_50165895","state":1}],"_id":"6V2VEr9Ia53s4QAC"}
