{"category":"TV","brand":"HISENSE","model":"3665","type":1,"version":"1.0","create_date":1695196336625,"protocol":"HISENSE","map_code":[{"key":"0","name":"0","code":"+8124-3996+558-436+556-1434CdEdEdEdEdEdE-3962E-1436CdEdEfEfEdEdEdE-23526+8134-4014+560-444EfCdEdEdEdEdEdE-3958CfEdEdC-1432CfEdEdEdE","mapping_code":"39_152_64_16536","state":1},{"key":"1","name":"1","code":"+8132-3992+560-438+556-1434+558-436EhEhEhEhEhE-3960E-442EhEhEhEfEhEhEhE-25512+8136-3984C-440E-1432GhEhEhEhEhEhEiEhEhEhEhEfEhEhEhE","mapping_code":"39_8_64_16392","state":1},{"key":"2","name":"2","code":"+8130-3998+560-438+556-1432+558-436EhEhEhEhEhE-3960E-1434GhEhEhEjEhEhEhE-24550+8136-3988CdEjGhEhEhEdEhEhEiGfG-452EhEhEfGhEhEhE","mapping_code":"39_136_64_16520","state":1},{"key":"3","name":"3","code":"+8146-3990+560-436+556-1434EdEdEdEdEdEdE-3960EdEf+558-440EdE-1432HdEdEdE-24548+8160-4042C-454EfEdEdEdEdEdEdE-3962H-442EjHdEdEjHdEdEdE","mapping_code":"39_72_64_16456","state":1},{"key":"4","name":"4","code":"+8124-3992+560-438+556-1432+558-436EhEhEhEhEhE-3960GfGfGhEhE-1434EhEhEhE-23522+8136-3972CdEjEdEhEhEhEhEhE-4026C-1452GfGhEhEjEhEhEhE","mapping_code":"39_200_64_16584","state":1},{"key":"5","name":"5","code":"+8132-3994+560-438+556-1432+558-436EhEhEhEhEhE-3960EhEhE-1434GhEjEhEhEhE-24538+8136-3982G-442EjEhEhEhEhEhEhEiGhEhEjGhEjEhEhEhE","mapping_code":"39_40_64_16424","state":1},{"key":"6","name":"6","code":"+8130-3992+560-438+556-1434E-436E-488EgEgEgEgE-3960+558-1438JgE-1432JgEfEgJ-434EgE-23512+8138-4052C-446ElJgEgEgEgEgEgEiJlJgEfEgElJgEgEgE","mapping_code":"39_168_64_16552","state":1},{"key":"7","name":"7","code":"+8120-4004+560-446+556-1434+558-436EhEhEhEhEhE-3960EhE-1432GjGhEjGhEhEhE-23512+8134-3972C-438EfEhEhEhEhEhEhE-3966EhEjGfEhEfEhEhEhE","mapping_code":"39_104_64_16488","state":1},{"key":"8","name":"8","code":"+8126-3992+560-438+556-1432+558-436EhEhEhEhEhE-3960E-1434GfGfGhEfGhEhEhE-22578+8164-3996CdEfGhEhEhEhEhEhE-3978EjGfGfGhEjEhEhEhE","mapping_code":"39_232_64_16616","state":1},{"key":"9","name":"9","code":"+8132-3996+556-436C-1434CdCdCdCdCdCdC-3958+558dCdCdCeG-1432GdCdCdC-24522+8134b+560-438ChGdCdK-450CdCdCdC-3960C-440CdCdChGhGdCdCdC","mapping_code":"39_24_64_16408","state":1},{"key":"MUTE","name":"MUTE","code":"+8130-3996+558-436+556-1434CdEdEdEdEdEdE-3964+560-1438CdEdEfEdEdEdEdE-24512+8136-3972H-440EfEdEdEdEdEdEdE-4758H-1454CdEdEfEdEdEdEdE","mapping_code":"39_144_64_16528","state":1},{"key":"INPUT","name":"INPUT","code":"+8176-4028+558-440+554-1432C-436+556gHgHgHgHgH-3960H-1434CgHjCfCgHgHgHgH-23522+8136-3982+560-438HfCgHgHgHgHgHgH-3958CfCgHjHjHgHgHgHgH","mapping_code":"39_176_64_16560","state":1},{"key":"EXIT","name":"EXIT","code":"+8158-3982+560-438+556-1432+558-436EhEhEhEhEhE-3960GhE-1434EhEjEjEhEhEdE-23520+8136-3974EhEjEhEhEhEhEhEhE-3980GdEjEhEfGfGhEhEhE","mapping_code":"39_88_64_16472","state":1},{"key":"LAST","name":"LAST","code":"+8132-3994+560-438+556-1432+558-436EhEhEhEhEhE-3960E-442E-1434GhEkEhEhEhEhE-24512+8134-3970CdEfGhEhEhEhEhEhE-3964EhEkEhEfGhEhEhEhE","mapping_code":"39_80_64_16464","state":1},{"key":"DISPLAY","name":"DISPLAY","code":"+8132-3996+558-442+556-1432C-436EgEgEgEgEgE-3960E-1434EiCgEiEiCgEiEgE-21560+8238-4064+560-438EiCgEgEgEgEgEgEhCfCfCgEiEiEnEiEgE","mapping_code":"39_218_64_16602","state":1},{"key":"POWER","name":"POWER","code":"+8154-3986+560-440+556-1432+558-436EhEhEhEhEhE-3958GhE-1434EjGfGhEhEhEhE-23532+8136-4004G-438EjEhEhEhEhEhEhE-3960EhEjGfGfGhEhEhEhE","mapping_code":"39_112_64_16496","state":1},{"key":"VOLUME_UP","name":"VOLUME UP","code":"+8156-3984+558-438+556-1434E-436EgEgEgEgEgE-3958C-1432CfEgEgEgEgEgEgE-24524+8136b+560dEiCgEgEgEgEgEgE-4026+586-1444CfEgEgEgEgEgEgE","mapping_code":"39_192_64_16576","state":1},{"key":"VOLUME_DOWN","name":"VOLUME DOWN","code":"+8130-3996+556-436C-1434CdCdCdCdCdCdC-3966C-444CdCeCdCdCdCdCdC-25512+8138-3970+558gCeCdCdCdCdCdCdC-3968KdCdCeKdCdCdCdCdC","mapping_code":"39_32_64_16416","state":1},{"key":"CHANNEL_UP","name":"CHANNEL UP","code":"+8132-3996+558-436+556-1434EdEdEdEdEdEdE-3958C-1436EdEdEdEdEdEdEdE-25512+8136-3984+560-450EfEdEdEdEdEdEdE-3968EfEdEdEdEdEdEdEdE","mapping_code":"39_128_64_16512","state":1},{"key":"CHANNEL_DOWN","name":"CHANNEL DOWN","code":"+8156-3984+560-438+556-1434+558-436EhEhEhEhEhE-3960EhE-1432GhEhEhEhEhEhE-25542+8136-3972GhEfGhEhEhEhEhEhE-3968EhEfEhEhEhEhEhEhE","mapping_code":"39_64_64_16448","state":1}],"_id":"SGzC57iV5zILBfxL"}
