{"category":"TV","brand":"HISENSE","model":"3691","type":1,"version":"1.0","create_date":1695178711091,"protocol":"HISENSE","map_code":[{"key":"0","name":"0","code":"+952-896+950-890+1842-832+948fGfGfG-834GfG-1726GfGfE-20478A-846GfEfGfGfGfGfGfG-1724GfGfE","mapping_code":"1_14_0_2062","state":1},{"key":"1","name":"1","code":"+952-898+1844-834+948-832EfEdEfEfEfEfEfE-1724EfE-19580+950-846+1842fEfEfEfEfEfEfEfEfE-1726EfE","mapping_code":"1_3_0_3","state":1},{"key":"2","name":"2","code":"+952-894+950-834+1842-832+948fGfGfG-1724GfGfEfGfG-20478C-844GfEfGfGfGfG-1726GfGfEfGfG","mapping_code":"1_56_0_2104","state":1},{"key":"3","name":"3","code":"+952-900+1844-834+948-832EfEfEfEfEfEfE-1726+1842fE-20492A-846HfEfEfEfEfEfEfEfE-1724H-830E","mapping_code":"1_4_0_4","state":1},{"key":"4","name":"4","code":"+972-840+948-832+1842dCdCdCdCdCdCdC-1726E-1724C-19588+950-846CdEdCdCdCdCdCdCdCfEgI","mapping_code":"1_5_0_2053","state":1},{"key":"5","name":"5","code":"+952-900+1844-834+948-832EfEfEfEfEdEfE-1724Ef+1842-20428+950dHfEfEfEdEfEfEfEdE-1726EfH","mapping_code":"1_6_0_6","state":1},{"key":"6","name":"6","code":"+952-892+950-834+1842-832+948fGfGfG-1726GfEfG-1724GfG-19622+976-838GfEfGfGfGfGhGfEfGiGfG","mapping_code":"1_51_0_2099","state":1},{"key":"7","name":"7","code":"+972-840+1842-832+948dEdEdE-834EdEdEdE-1724EdEdE-19600+952-842CdEdEdEdEdEdEdEdE-1726EdEdE","mapping_code":"1_7_0_7","state":1},{"key":"8","name":"8","code":"+952-906+950-834+1842-832+948fGfGfGfC-830G-1724EfGfG-20430CdGfEfGfGfGfGfGfG-1726EfGfG","mapping_code":"1_8_0_2056","state":1},{"key":"9","name":"9","code":"+952-892+1844-834+948-832EfEfEfEfEfE-1726+1842fEgE-19540+950-836HfEfEfEfEfEdEfE-1724HfEgE","mapping_code":"1_9_0_9","state":1},{"key":"POWER","name":"POWER","code":"+952-890+1844-832+948dEdEdEdEdEdE-1726EdEdEdE-19556+950-834+1842-830EdEdEdEdEdEdEfEdEdEdE","mapping_code":"1_15_0_15","state":1},{"key":"MENU","name":"MENU","code":"+952-898+950-834+1842-832+948fGfGfG-1724GfGfGfEfG-20434C-840GfE-830GfGfGfGhGfGfGfEfG","mapping_code":"1_60_0_2108","state":1},{"key":"UP","name":"UP","code":"+972-840+1842-830+948-832EfEfEfE-1726EfEfC-1724EfE-19580+950-846CfEfEfEfEfEhEfEfChEfE","mapping_code":"1_59_0_59","state":1},{"key":"DOWN","name":"DOWN","code":"+1014-900+1844-834+948-832EfEfEfE-1726Ef+1842-1724EfEfE-19600+950-852HfEfEfEfEfEgEfHiEfEfE","mapping_code":"1_55_0_55","state":1},{"key":"LEFT","name":"LEFT","code":"+972-930+950-834+1842-832+948fGfGfG-1726Gf+1846-1720GfE-20428CdGfEfGfGfGfGhGfE-1724GfE","mapping_code":"1_54_0_2102","state":1},{"key":"VOLUME_UP","name":"VOLUME UP","code":"+952-898+950-834+1842-832+948fGfGfG-1726EfGfGfG-1724G-19614+974-838GfEfGfGfGfGhEfGfGfGhG","mapping_code":"1_33_0_2081","state":1},{"key":"VOLUME_DOWN","name":"VOLUME DOWN","code":"+952-902+1844-834+948-832EfEfEfE-1726Ef+1842-1724EfH-20468A-846H-830EfEfEfEfEiEfHiEfH","mapping_code":"1_54_0_54","state":1},{"key":"CHANNEL_UP","name":"CHANNEL UP","code":"+952-888+950-834+1842-832+948fGfGfG-1724GfGfEhGfG-19586A-846GdEfGfGfGfGhGfGfEhGfG","mapping_code":"1_59_0_2107","state":1},{"key":"CHANNEL_DOWN","name":"CHANNEL DOWN","code":"+952-892+950-834+1842-832+948fGfGfG-1724GfEhGfGfG-19576A-846GfEfGfGfGfG-1726GfEhGfGfG","mapping_code":"1_55_0_2103","state":1},{"key":"MUTE","name":"MUTE","code":"+974-842+1842-830+948-832E-878EfEfEfEfEfEfEfE-1724E-19600A-834CfEfEfEfEfEfEfEfEfEfE-1726E","mapping_code":"1_1_0_1","state":1},{"key":"INPUT","name":"INPUT","code":"+952-904+950-834+1842-832+948-886GfGfGfGfG-1724GfEfG-20430CdGfEfGfGfGfGfGfG-1726GfE-830G","mapping_code":"1_12_0_2060","state":1},{"key":"LAST","name":"LAST","code":"+974-882+1844-830+948-832EfEfE-836+946fEfEfEfEfEfE-20490+952-842+1842dEfE-834EfEfEfEfEfEfEfEfE","mapping_code":"1_0_0_0","state":1},{"key":"DISPLAY","name":"DISPLAY","code":"+948-898+950-834+1842-830A-832AgAgAgA-1726EgAgAgA-20486+952-852AgEgAgAgAgAgA-1724EdAgAgA","mapping_code":"1_16_0_2064","state":1}],"_id":"L47K3nuinGu0I3ca"}
