{"category":"TV","brand":"HISENSE","model":"3693","type":1,"version":"1.0","create_date":1695179588971,"protocol":"HISENSE","map_code":[{"key":"0","name":"0","code":"+4694-4574+624-502+620-1650+622-500EfEhEhEhEhEhEfGhEfEhEhEhEhEfEhEhEfEhEhEhEhEhE-1654+618fEhEfEfEfGfE","mapping_code":"7_9_10_1347457135","state":1},{"key":"1","name":"1","code":"+4694-4576+620-500C-1650+622dCeFdCdCdCdCdCeCdCeFdCdCdC-516CdCdCdCdCdCdCdCdCeCeCeC-1656+616eCeCeFeC","mapping_code":"7_0_10_1347420415","state":1},{"key":"2","name":"2","code":"+4694-4572+622-502+620-1650C-500EfEgEgEgEgEgEfEgEfEdEgEgEgEfCgEgEgEgEgEgEgEgEfEfCfCfEfEfEfE","mapping_code":"7_1_10_1347453055","state":1},{"key":"3","name":"3","code":"+4744-4580+622-502+620-1650E-500EfCgEgEgEgEgEfEgEfCgEgEgEgEgEfEgEgEgEgEgEgEfEgEfEfEfEfEfEfE","mapping_code":"7_2_10_1347436735","state":1},{"key":"4","name":"4","code":"+4694-4576+622-504+620-1650C-500EfEgEgEgEgEgEfCgEfEgEgEgEgEfEfEgEgEgEgEgEgEgEgEfEf+626-1646EfEfCfE","mapping_code":"7_3_10_1347469375","state":1},{"key":"5","name":"5","code":"+4740-4606+622-502+620-1650C-500EfCgEgEgEgEgEfEgEfCgEgEgEgEgEgEfCgEgEgEgEgEfEfEgEfEfEfEfEfE","mapping_code":"7_4_10_1347428575","state":1},{"key":"6","name":"6","code":"+4686-4564+622-502+620-1650E-500EfCgEgEgEgEgEfEgEfCgEgEgEgEfCgEfEgEdEgEgEgEgEfEgEfCfEfEfEfE","mapping_code":"7_5_10_1347461215","state":1},{"key":"7","name":"7","code":"+4694-4612+624-514+620-1650+622-500EfEhEhEhEhEhEfGhEfEhEhEhEhEhEfEfEhEhEhEhEhEfEhEhEfEfEfGfEfE","mapping_code":"7_6_10_1347444895","state":1},{"key":"8","name":"8","code":"+4696-4578+620-500C-1650+622dCeCdCdCdCdCdCeFdCeCdCdCdCdCeCeCeCdCdCdCdCdCdCdCdCeCeCeFeCeC","mapping_code":"7_7_10_1347477535","state":1},{"key":"9","name":"9","code":"+4694-4572+622-500+620-1650EdEfCdEdEdEdEdEfEdEfEdEdEdEdEdEdEdEfEdEdEdEdEfEfEfEdEfEfEfEfE","mapping_code":"7_8_10_1347424495","state":1},{"key":"MUTE","name":"MUTE","code":"+4694-4574+622-502+620-1650C-500EfEgEgEgEgEgEfEgEfEgEgEgEgEgEgEfEdEfEgEgEgEfEfEgEfEgEfEfEfE","mapping_code":"7_20_10_1347430615","state":1},{"key":"INPUT","name":"INPUT","code":"+4696-4624+624-510+620-1650E-500Ef+622gEgEgEgEgEfEgEfHgEgEgEgEfEfHfEfEgEgEgEgEgEgEgEgEfEfEfEfE","mapping_code":"7_15_10_1347481615","state":1},{"key":"EXIT","name":"EXIT","code":"+4690-4562+624-502+620-1650+622-500EfEhEhEhEhEhEfGhEfEhEhEhEhEhEhEhEfGfGhEhEhEfEfEfEhEhEfGfGfE","mapping_code":"7_24_10_1347426535","state":1},{"key":"LAST","name":"LAST","code":"+4720-4596+624-504+620-1650+622-500EfC-496EhEhEhEhEfEhG-1648GhEhEhEhEfEfGhEfEfEfEhEhEhEhEf+626iEhEhEfEfE","mapping_code":"7_59_10_1347476515","state":1},{"key":"DISPLAY","name":"DISPLAY","code":"+4694-4572+624-502+620-1650+622-500EfEhEhEhEhEhEfGhEfEhEhEhEhEhEhEhEfGfEfEhEhEfEfEfEhEhEhEfGfE","mapping_code":"7_56_10_1347427555","state":1},{"key":"POWER","name":"POWER","code":"+4696-4584+624-502+620-1650E-500Ef+622gEgEgEgEgEfEgEfHgEgEgEgEfEfEgEfHgEgEgEgEgEgEfHgEfEfEfEfE","mapping_code":"7_11_10_1347473455","state":1},{"key":"MENU","name":"MENU","code":"+4694-4570+624-502+620-1650E-500Ef+622gEgEgEgEgEfEgEfEgEgEgEgEgEgEfE-1654+616fEgEgEgEfEfEgEgEgEfEfHfE","mapping_code":"7_28_10_1347434695","state":1},{"key":"UP","name":"UP","code":"+4690-4584+624-502+620-1650E-500EfEgEgEgEgEgEfEgEfEgEgEgEgEgEgEgEgEfEgEgEgEf+622fHfEfEgEfEfHfE","mapping_code":"7_16_10_1347422455","state":1},{"key":"DOWN","name":"DOWN","code":"+4688-4572+622-502+620-1650E-500EfCgEgEgEgEgEfEgEfEgEgEgEgEfEgEgEgEfCgEgEgEgEfCfEfEgEfCfCfE","mapping_code":"7_17_10_1347455095","state":1},{"key":"LEFT","name":"LEFT","code":"+4694-4624+624-514+620-1650+622-500EfEhEhEhEhEhEfGhEfEhEhEhEhEhEfGhEhEfGhEhEhEfEhEfGfEhEfG-1652+618fE","mapping_code":"7_18_10_1347438775","state":1},{"key":"RIGHT","name":"RIGHT","code":"+4694-4574+622-502+620-1650E-500EfCgEgEgEgEgEfEgEfCgEgEgEgEfCfEgEgEfCgEgEgEgEgEfEfEgEfEfEfE","mapping_code":"7_19_10_1347471415","state":1},{"key":"VOLUME_UP","name":"VOLUME UP","code":"+4746-4596+622-502+620-1650E-500EfCgEgEgEgEgEfEgEfEgEgEgEgEfEgEfEfEfEgEgEgEgEfCgEgEgEfEfEfE","mapping_code":"7_29_10_1347467335","state":1},{"key":"VOLUME_DOWN","name":"VOLUME DOWN","code":"+4686-4570+622-502+620-1650E-500EfCgEgEgEgEgEfEgEfEgEgEgEgEfEgEfEgEgEfEgEgEgEfEgEfCfEgEfEfC","mapping_code":"7_37_10_1347462235","state":1},{"key":"CHANNEL_UP","name":"CHANNEL UP","code":"+4716-4596+622-504+620-1650C-500EfEgEgEgEgEgEfEgEfEgEgEgEgEgEfEfC-502+618fEfEgCgEfEgEgEfCgEgEfCfE","mapping_code":"7_54_10_1347447955","state":1},{"key":"CHANNEL_DOWN","name":"CHANNEL DOWN","code":"+4710-4584+622-502+620-1650E-500EfCgEgEgEgEgEfEgEfCgEgEgEgEfCfEfEgEfEfCgEgEgEgEgEfEgEdEfEfE","mapping_code":"7_55_10_1347480595","state":1}],"_id":"6VGLJK0FRw9CwVGF"}
