{"category":"TV","brand":"HISENSE","model":"387","type":1,"version":"1.0","create_date":1695112685129,"protocol":"HISENSE","map_code":[{"key":"0","name":"0","code":"+966-842+950-836+1844-834CfCfCfCfCfCdCfCdCfC-21232+974bCf+1846fCdCfCdCfCfCfCfCfCdC","mapping_code":"1_0_0_2048","state":1},{"key":"1","name":"1","code":"+974-842+1846-834+950dE-836EdEfEdEdEdEdEdE-1730E-20326E-862+1844dEdEdEdEdEdEfEdEdEdEgE","mapping_code":"1_1_0_1","state":1},{"key":"2","name":"2","code":"+918-888+950-834+1846dCdCdCdC-836CdCfCdC-1730E-21250+980-852CdEdCdCfCdCfCdCfCdCgE","mapping_code":"1_2_0_2050","state":1},{"key":"3","name":"3","code":"+974-842+1846-834+950dEdEdEdEdEdEdEdE-1730E-836E-20324+952-856CdEdEdEdEgE-854EdEgEdEfEgE","mapping_code":"1_3_0_3","state":1},{"key":"4","name":"4","code":"+918-886+950-834+1846dC-836CdCfCdCfCdC-1730EfC-21240C-862Cd+1844dCdCdCdCdCdCdCgEdC","mapping_code":"1_4_0_2052","state":1},{"key":"5","name":"5","code":"+974-842+1846-834+950dEdEdEdEdEdEdE-1728CfE-20348+978-848+1844dEdEdEdEdEdEdEdE-1730JfE","mapping_code":"1_5_0_5","state":1},{"key":"6","name":"6","code":"+926-886+952-834+1844d+950dFdFdFdFdF-836F-1730Fd+1846-21228+974-840FgEdFdFgFdFgFdFgFhFgI","mapping_code":"1_6_0_2054","state":1},{"key":"7","name":"7","code":"+966-842+1846-834+950dEdEdEdEdEdEdE-1728EdEdE-20340E-862+1844dE-836EdEjEdEjEdEjE-1730EdEjE","mapping_code":"1_7_0_7","state":1},{"key":"8","name":"8","code":"+928-886+950-834+1846dCdCdCdCdCdC-1730EdC-836C-21172+952-846CdEdCgCdCgCdCgCf+1844dCdC","mapping_code":"1_8_0_2056","state":1},{"key":"9","name":"9","code":"+974-842+1846-834+950dEdE-836EdEfEdE-1728CdE-1730E-20360+980-860CdEdEdEdEdEdEdEgCdEhE","mapping_code":"1_9_0_9","state":1},{"key":"POWER","name":"POWER","code":"+926-888+1846-834+950dEdEdEdEdEdE-1730EdCdE-21242E-862CdE-836EdEiEdEiEdE-1728Ed+1844dE","mapping_code":"1_12_0_12","state":1},{"key":"INPUT","name":"INPUT","code":"+926-888+1846-834+950dE-836EdEfE-1730EdEd+1844dEdE-21250+980-852CdEdEfEdEfEgEdEfC-854Ed+952","mapping_code":"1_56_0_56","state":1},{"key":"PICTURE_MODE","name":"PICTURE MODE","code":"+926-886+950-834+1846dCdC-836CdCfCdC-1730CfCdE-21232+978-844CdEdCfCdCfCdCfCgCdCd+1844","mapping_code":"1_14_0_2062","state":1},{"key":"LAST","name":"LAST","code":"+974-842+1846-834+950dE-836EdEfE-1730+1844dEdEgH-21226E-862CdEdEdEdEfEgHdEdEgC","mapping_code":"1_34_0_34","state":1},{"key":"UP","name":"UP","code":"+986-886+1846-834+950-836EdEdEdE-1730CdEdEdEfE-21224E-862+1844dEfEdEfEdEgJdEdEdEfE","mapping_code":"1_32_0_32","state":1},{"key":"DOWN","name":"DOWN","code":"+918-888+950-834+1844dC-836+978-838CfC-1730EdCfCdCiC-20268+952-840CfEdCdCfCdCi+1846hCdCdCiC","mapping_code":"1_33_0_2081","state":1},{"key":"LEFT","name":"LEFT","code":"+976-842+1846-834+950dEdEdEdEdE-1728CdEdE-1730E-20326+974-840CdEdEdEdEdEdEg+1844dEdEfE","mapping_code":"1_17_0_17","state":1},{"key":"RIGHT","name":"RIGHT","code":"+974-842+950-834+1846dCdCdCdCdC-1728EdCdC-836C-21172+952-844CdEdCdCgCdCdC-1730+1844-838CdCdC","mapping_code":"1_16_0_2064","state":1},{"key":"ENTER","name":"ENTER","code":"+974-842+1846-876+950-834EfEfEfEfEfE-1730EfC-1728E-20268+952-840CfEfEfEfEfEfEfEgEfChE","mapping_code":"1_13_0_13","state":1}],"_id":"u4CFC0iaIGrQSEam"}
