{"category":"TV","brand":"HISENSE","model":"4070","type":1,"version":"1.0","create_date":1695199065343,"protocol":"HISENSE","map_code":[{"key":"1","name":"1","code":"+926-884+948-1724C-832CeCeCeCeCeCeCeCeCe+1842-25656+952-844C-1726CeCeCeCeCeCeCeCeCeCe+1840","mapping_code":"-1_0_0_3329534557","state":1},{"key":"2","name":"2","code":"+960-840+948-832C-1724CdCdCdCdCdCdCdCd+1842e+950-24762+952-846CdC-1726CdCdCdCdCdCdCdCdFeC","mapping_code":"-1_0_0_3573764204","state":1},{"key":"POWER","name":"POWER","code":"+9168-4502+614-488+606-490E-1620Eg+608gEfEfEfEgHfEfEfEfEgEgEfEfEfEgEgHgEfEgHgEgEgEfEgEfEfEgEfEfEfEgEfEgEgEfEgEgEgE-24872+9184-4600H","mapping_code":"22_72_1808_971080943799","state":1},{"key":"MENU","name":"MENU","code":"+972-840+950-832C-1724Cd+948dFdCdFd+1842eCdGeF-24724+952-842CdFeFdFdCdFdCdGeFd+1844-1722C","mapping_code":"-1_0_0_3833183136","state":1},{"key":"UP","name":"UP","code":"+962-840+952-838+948-1724E-832+950gEgHgEg+1842fEgEgE-836+946-24742C-846EgHfHgEgEgHgEgIfHgEgEgE","mapping_code":"-1_0_0_1575864332","state":1},{"key":"MUTE","name":"MUTE","code":"+924-884+952-1722+948-832EfEfEf+950fEfEf+1842-830E-1724H-25616C-840EjEfEfGfEfEfEfEfHiGjH","mapping_code":"-1_0_0_441011845","state":1},{"key":"LAST","name":"LAST","code":"+974-898+950-1724+948-832EfCfEfCfEf+1844-1722+1842-830CfE-25662+952-854CdCfCfEfCfEfCfIdIjCfE","mapping_code":"-1_0_0_3326406744","state":1},{"key":"0","name":"0","code":"+4606-4522+608-490+606-1620EdEfEdEdEdEdCdEfEdEfEdEdEdEdEdEdEdEdEdEdEdEdEfEfEfC-1618CfEfEfEfC","mapping_code":"7_0_10_1347420415","state":1}],"_id":"CfbQUYzBu83pWkCD"}
