{"category":"TV","brand":"HISENSE","model":"512","type":1,"version":"1.0","create_date":1695183646843,"protocol":"HISENSE","map_code":[{"key":"0","name":"0","code":"+9212-4542+612-506+610-1622EfEfEfE-490Eg+608gEfEgHgHgHgEfEgHgEgH-488EfEfEfEgEfEfEfEfEgEgHgEgHfEgEgHgHfEfEfEfEgEfEfEfE-26922+9174-4526C","mapping_code":"22_8_3856_2070458337527","state":1},{"key":"1","name":"1","code":"+9198-4536+612-492+608-1622+610fG-1620GfG-490EiGiEfGiC-486EiGiEfGiGiEiGiEfGfGfGiEfGfGfGfGfEiEiGiEfGiEiEiEiEfGfGfG-494+606fGfGfG-26940+9174-4560+614","mapping_code":"22_136_3856_2070458370167","state":1},{"key":"2","name":"2","code":"+9196-4534+610-490+608-1622CfC-1620CfCdEdCdEfCdCdEdC-492+606fCdCdEdCdEfCfCfCdCfCfCfCfCdCfCdEdEfCdCdEdEfCdEfCfCdEfCfCfC-26996+9200-4510+612","mapping_code":"22_72_3856_2070458353847","state":1},{"key":"3","name":"3","code":"+9198-4512+612-492+608-1622+610fGfGfG-490EhEhGfGhEhGhEhGfGhEhGhEhGfGfGfGhGfGfGfGfGfGfGhGhEfGhGhEhEhEhEfGfGhEfEfGfG-26986+9226-4510C","mapping_code":"22_200_3856_2070458386487","state":1},{"key":"4","name":"4","code":"+9252-4542+614-492+610-1620EfEfEfE-490+608gEgH-1622EgHgHgEgHiEgHgHgEgHiEiEiEgHiEiEiEiEgHgHiEgHiEgEgHgEiEiEgHiEgHiEiEiE-26922+9176-4520+612","mapping_code":"22_40_3856_2070458345687","state":1},{"key":"5","name":"5","code":"+9222-4510+612-490+608-1622+610-1620GhGfGdEdGdEfGdGdEdGdEfGdGdEdC-502GfGfGfGdEfGfGfGfGfGdEfGdEfGdEdEdGdEfGdEfGdE-1626+606fGfG-26986+9202-4516G","mapping_code":"22_168_3856_2070458378327","state":1},{"key":"6","name":"6","code":"+9198-4512+612-492+608-1622+610fGfGfG-490EhEhGfGhEhEhEhGfGhGhEhGhEfGfGfEhGfGfGfGfGhG-1620GfGhEfGhEhEhEfGhEhEfGhGfGfGfG-26984+9202-4516C","mapping_code":"22_104_3856_2070458362007","state":1},{"key":"7","name":"7","code":"+9198-4534+612-490+610-1620E-1622EgEgEdEd+608dEfEdHdE-488EdHgEdHdHdHdHgEgEgEdHgEgEgEgEgEgEgEdHgEdHdEdHdEdHdEgEdHgEgEgE-26988+9202-4516E","mapping_code":"22_232_3856_2070458394647","state":1},{"key":"8","name":"8","code":"+9196-4574+612-500+610-1620EfE-1622EgE-490Eh+608hEfEhIhIhIhIgEhIhIhE-492+606gEgEgEhIgEgEgEgEhIhEhIgEgEhEhIhEgEgEgEhIhIgEgEgE-26926+9200-4520E","mapping_code":"22_24_3856_2070458341607","state":1},{"key":"9","name":"9","code":"+9200-4532+612-490+608-1622+610-1620GfGfGdEdGdEfG-488GdEdGdEfGdGdEdGdEfGfGfGdEfGfGfGfGfGdEd+614-1618GfGdEdGdEdGfGfGdEdEfGfGfG-26942+9174-4512C","mapping_code":"22_152_3856_2070458374247","state":1},{"key":"MUTE","name":"MUTE","code":"+9198-4560+612-512+610-1626E-1622EgEgE-490Eh+608hE-1620EhIhEhIhEgEhIhEhIhEgEgEgEhIgEgEgEgEhIgEhIgEhIhIhIhIgEhIgEhIgEgEgEgE-26934+9172-4524C","mapping_code":"22_80_3856_2070458355887","state":1},{"key":"INPUT","name":"INPUT","code":"+9196-4562+612-500+610-1622EfEfEfE-490Eg+608gEfEgE-488EgHgEfEgHgEgHgEfEfEfEgHfEfEfEfEgHfEfEfEgHgEgHgEfEgHgHgHfEfEfHfE-26952+9198-4516C","mapping_code":"22_112_3856_2070458364047","state":1},{"key":"LAST","name":"LAST","code":"+9198-4534+612-492+608-1622+610fGfGfG-490GhEhGfGhEhGhEhGfGhEhGhEhGfGfGfGhGfG-1626+606fGfGhEhEfGfGhGhEhGfGfGfGhEhEfGfGfGhG-26994+9202-4512G","mapping_code":"22_49_3856_2070458347982","state":1},{"key":"POWER","name":"POWER","code":"+9250-4532+612-490+608-1622+610fGfGfGdGdEdEfGdEdEdEdEfGdEdEdEdEfGfGfGdEfGfGfGfGfGdEdGdEdGdEdGdEdGfGfGfGfGfGfGfG-26928+9176-4522G","mapping_code":"22_128_3856_2070458368127","state":1},{"key":"MENU","name":"MENU","code":"+9228-4538+612-492+608-1622+610fGfGfG-490GhG-488GfGhEhGhEhGfGhEhGhEhGfGfGfGhGfGfGfGfGfGhGfGfGfGhEhEhEhEfGhGhEhGfEfGfE-26924+9198-4514G","mapping_code":"22_184_3856_2070458382407","state":1},{"key":"UP","name":"UP","code":"+9198-4534+612-492+608-1622+610fGfGfG-488G-490EiGfGiEiGiEiGfGiEiGiEiGfGfGfGiEfGfGfGfGiGfGiEiGiEiGiEiEfGiEfGfGfGfGfGfG-26992+9276-4586C","mapping_code":"22_64_3856_2070458351807","state":1},{"key":"DOWN","name":"DOWN","code":"+9218-4508+612-492+608-1622+610-1620GfGfG-490EiGiEfGiGiEiGiEfGiGiEiGiEfGfGfGiEfGfGfGfGfGfGiEiGiEiGiEiGiEiChGfGfGfGfGfG-26994+9198-4520C","mapping_code":"22_192_3856_2070458384447","state":1},{"key":"LEFT","name":"LEFT","code":"+9216-4510+612-490+610-1620EfE-1622EgEd+608dEdHgEdHdHdEdHgEdHdHdEdHgEgEgEdHgEgE-1634EgEdHdHgEdHdHdHdHdHgEgEdEgEgEgEgEgE-27000+9202-4516E","mapping_code":"22_32_3856_2070458343647","state":1},{"key":"ENTER","name":"ENTER","code":"+9200-4514+610-490C-1622CeCeCeCdCd+608dCeCdFdCdFdCeCdFdCdFdCeCeCeCdFeCeCeCeCeCeCeC-1620CeCeCeCeCdCdFdCdFdCdFdCdF-26946+9172-4564+612","mapping_code":"22_255_3856_2070458400512","state":1},{"key":"RIGHT","name":"RIGHT","code":"+4642-4526+612-492+610-488E-490E-1620Eg+608gIgEgIgEgIgE-1622EgIgIgIgEjEjEgEjEgIgEgIgEgIgEjEgIjEjEjEjE","mapping_code":"7_11_8_269537327","state":1}],"_id":"2Q0xWxXPxdKUAf1O"}
