{"category":"TV","brand":"HISENSE","model":"87","type":1,"version":"1.0","create_date":1695093294844,"protocol":"HISENSE","map_code":[{"key":"0","name":"0","code":"+9174-4522+610-490Cd+608dEdEdEdEdEdE-1620CfCfCfCfCfEdEfCdE-492EdEdEdEdEdEdEfEfEfEfEfEfCfCfC-42752+9176-2222+612","mapping_code":"3_0_48896_16580863","state":1},{"key":"1","name":"1","code":"+9194-4506+610-492+608dE-490EfEfEfEfEfE-1620CgCgCgCgCgCfEgCgCfEfEfEfEfEfEfEfEgEgEgEgEgCgCgC-42832+9202-2220+612","mapping_code":"3_1_48896_16613503","state":1},{"key":"2","name":"2","code":"+9200-4540+612-492+608-490EfEfEfEfEfEfE-1620+610gEgEgHgHgHfEgEfEgEdEfEfEfEfEfEgHfEgHgHgHgEgEgE-42804+9176-2224C","mapping_code":"3_2_48896_16597183","state":1},{"key":"3","name":"3","code":"+9170-4526+612-492+608-490EfEfE-488+610fEfEfE-1620HiHiHiHiHiHfEiHiHiHfEfEfHfEfEfEfEfEiHiHiHiEiEiE-42806+9198-2264H","mapping_code":"3_3_48896_16629823","state":1},{"key":"4","name":"4","code":"+9170-4528+612-496+608-490Ef+610fEfEfEfEfE-1620GhGhGhEhEhEfEhGfEfEhEfEfEfEfEfEhGhGfEhEhEhGhGhG-42830+9198-2226G","mapping_code":"3_4_48896_16589023","state":1},{"key":"5","name":"5","code":"+9198-4516+612-492+608-490EfEfEfEfEfEfE-1620+610gHgHgEgEgHfEgEgEfEgHfEfEfEfEfEfEgHfEgEgHgHgHgH-42764+9176-2230H","mapping_code":"3_5_48896_16621663","state":1},{"key":"6","name":"6","code":"+9170-4528+610-490+608dEdEdEdEdEdEdC-1618C-1620CgCgEgEgEdEgEdEgCgCdEdEdEdEdEgE-492EdEgEgEgEgCgC-42804+9174-2220+612","mapping_code":"3_6_48896_16605343","state":1},{"key":"7","name":"7","code":"+9176-4518+610-490+608dEdEdEdEdEdEdE-1620CfCfCfEfEfCdEfCfEfEfCdEdEdEdEdEdEdEdEfEfEfCfCfC-42808A-2230+612","mapping_code":"3_7_48896_16637983","state":1},{"key":"8","name":"8","code":"+9174-4530+612-494+608-490EfEfEfEfEfEfE-1620+610gHgHgHgHgEfEgHfEfEfEgEfEfEfEfEgEgEgHfEgEgEgEgH-42784+9176-2226C","mapping_code":"3_8_48896_16584943","state":1},{"key":"9","name":"9","code":"+9196-4502+612-492+608-490EfEfEfEfEfEfE-1620+610gHgHgHgEgHfEgHgEfEfEgHfEfEfEfEfEgHgHfEgEgHgHgH-42786+9174-2220H","mapping_code":"3_9_48896_16617583","state":1},{"key":"MUTE","name":"MUTE","code":"+9198-4516+612-492+608-490EfEfEfEfEfEfE-1620Eg+610gHgHgHgHfEgEfEgHgEgEfEfEfEfEgHfEfEfEgHgEgEgE-42836+9202-2260C","mapping_code":"3_14_48896_16609423","state":1},{"key":"INPUT","name":"INPUT","code":"+9172-4522+610-490+608dEdEdEdEdCdEdC-1620EfCfCfCfCfCdEfCdEfEdEdEfEdEdEdEfCdEfCfCdEfEfEfC-42828+9202-2218+612","mapping_code":"3_18_48896_16599223","state":1},{"key":"REWIND","name":"REWIND","code":"+9170-4528+610-490+608dEdEdEdEdEdEdE-1620CfCfCfCfCfEdEfCfCfCfEdEfCdEfEdEdEdEdEfEdEfCdEfC-42818+9202-2220+612","mapping_code":"3_87_48896_16640533","state":1},{"key":"PLAY","name":"PLAY","code":"+9200-4524+612-492+608-490EfEfEfEf+610fEfE-1620GhGhGhGhGhEfEhGfEhEhGhGfEfEhGfEhEfG-488EfEhGhGfEhG-42778+9232-2268C","mapping_code":"3_78_48896_16609933","state":1},{"key":"FAST_FORWARD","name":"FAST FORWARD","code":"+9170-4574+612-508+608-490EfEf+610fEfGfEfE-1620GhGhGhGhGhEfEhGfEhEhGfEhGfEhGfEhEfEfEhEfEhGfEhE-42758+9202-2240C","mapping_code":"3_86_48896_16607893","state":1},{"key":"STOP","name":"STOP","code":"+9170-4530+612-492+610-490+608fEfGfEfGfGfG-1620EhEhGhGhEhEfGhGfGhEfGhGhGfGhEfGhEfGhGfGfGhGfGhG-42834+9202-2228E","mapping_code":"3_90_48896_16603813","state":1},{"key":"SLEEP","name":"SLEEP","code":"+9172-4528+612-492+608-490Ef+610fEfGfEfEfE-1620GhGhGhEhEhEfEhGfEhGfEhEhEfEfEfEhGfEhEfEfEhGhGhG-42828+9254-2234C","mapping_code":"3_26_48896_16603303","state":1},{"key":"EXIT","name":"EXIT","code":"+9162-4524+612-492+608-490+610fEfEfEfGfEfE-1620EhGhGhGhGhGfEhGfEfEhGhGhGfEhGfEhEhEfEfEfEhGfEhE-42780+9228-2230C","mapping_code":"3_92_48896_16595653","state":1},{"key":"LAST","name":"LAST","code":"+9164-4526+610-490+608dEdEdEdEdEdEdE-1620CfCfCfCfCfCdEfCfCfCdEfCdEdEdEdEdEdEfCdEfEfEfEfC-42774+9228-2244+612","mapping_code":"3_11_48896_16633903","state":1},{"key":"DISPLAY","name":"DISPLAY","code":"+9174-4550+612-508+608-490EfEfEfEfEfE-492E-1620EhE-1622EiEiEiEfEiEgEfEiEiEfEg+606gEgEhEhEfEgEhEhEiEiE-42822+9196-2214+610","mapping_code":"3_12_48896_16593103","state":1},{"key":"RECORD","name":"RECORD","code":"+9172-4522+610-492+608-490EfEfEdEfEdEfE-1622E-1620EgEhEhEhEdEhEfEgEgEgEgE-494+604gEdEhEfEfEfEdEgEd+606gE-42788+9174-2226C","mapping_code":"3_94_48896_16611973","state":1},{"key":"PREVIOUS","name":"PREVIOUS","code":"+9200-4552+610-492+608-490EfEfEfEfEfEfE-1622EgE-1620EhEhEhEd+606gEfEdEfEgEgEdEhEdIgEhE-1624IfEdEhEfEgE-42820A-2234+612","mapping_code":"3_88_48896_16587493","state":1},{"key":"NEXT","name":"NEXT","code":"+9196-4506+612-494+608-490EfEfE-492EfEfEgE-1622EhEhEhEhE-1620EfEhEhEgEfEhEhEfEhEgEfEhEhEgEgEiEfEhE-42828+9226-2246+610","mapping_code":"3_89_48896_16620133","state":1},{"key":"RED","name":"RED","code":"+9200-4524+610-492+608-490EfEfEfEfEfEfE-1620EgE-1622EhEgEgEfEhEdEgEfEdEhEdEgEfEhEdEgEhEfEgEfEhE-42762A-2238+612","mapping_code":"3_82_48896_16599733","state":1},{"key":"GREEN","name":"GREEN","code":"+9170-4526+612-492+608dE-490EdEfEdEfEdE-1620EgE-1622EhEhE-1624+606fEgEhEhEdEfEhEdEgEdJdEfEhEgE-494+604hEdEhE-42778+9174-2226+610","mapping_code":"3_83_48896_16632373","state":1},{"key":"BLUE","name":"BLUE","code":"+9196-4510+610-494+608-490EfEfEfE-492EfEgE-1620EhEhEhEhE-1622EgEhEhEg+606iEgEiEgJiEfEgEhEgJiEgEiEgEhE-42784+9228-2260C","mapping_code":"3_85_48896_16624213","state":1},{"key":"YELLOW","name":"YELLOW","code":"+9170-4526+612-492+608-490EfEfEfEfEfEfE-1620E-1622EhEhEgEgEfEhEdEfEhEdEgEd+606hEfEhEhEdEgEfEhEdEhE-42822+9200-2216+610","mapping_code":"3_84_48896_16591573","state":1},{"key":"GUIDE","name":"GUIDE","code":"+9264-4536+610-500+608-490E-492EfEfEfEgEfE-1620EhEhEhEhE-1622EgEhEhEfEhEiEhEfEgEfEgEhEfEgEfEiEhEhE-42806+9198-2242C","mapping_code":"3_29_48896_16627783","state":1},{"key":"POWER","name":"POWER","code":"+9188-4514+610-500+608-490EfEfE-492EfEgEfE-1622E-1620EiEiEiEiEg+606hEiEfEhEhEfEgJgEgJgEhEgEfEhEhEhEhE-42742+9200-2228C","mapping_code":"3_13_48896_16625743","state":1},{"key":"MENU","name":"MENU","code":"+9200-4530+610-492+608-490EdEfEdEfEdEfE-1622EgE-1620EhEhEhEfEgEfEfEgEfEgEdEfEdEhEhEfEgEdEgEgEgE-42754A-2224C","mapping_code":"3_20_48896_16591063","state":1},{"key":"UP","name":"UP","code":"+9170-4526+612-492+608-490EfEfEfEfEfEfE-1620EgE-1622EhEgEgEfEhEdEgEgEfEhEfEdEfEhEdEfEhEdEhEhEhE-42840+9202-2226E","mapping_code":"3_22_48896_16607383","state":1},{"key":"DOWN","name":"DOWN","code":"+9170-4556+614-490+608dE-492EdEfEdEfEdE-1622EgEgE-1620EhEhEdEhEgEhEhEf+606gEfEfIfEfIfEfIgEdEgEgEgE-42836+9200-2230E","mapping_code":"3_23_48896_16640023","state":1},{"key":"LEFT","name":"LEFT","code":"+9174-4522+612-492+608-514E-490EdEgEdEgEdE-1620EhEhEhE-1622EiEdEhEhEdEgEiEiEdEgEdEgEiEiEdEgC-1616EhEhE-42832+9200-2228E","mapping_code":"3_25_48896_16619623","state":1},{"key":"RIGHT","name":"RIGHT","code":"+9226-4562+610-492+608-490EfEfEdEfEfEdE-1620EgE-1622EhEhEhE-494+604hEdEfEdEgEgEfEdEfEhEhEhEdEd+606hEgEgE-42790+9172-2234C","mapping_code":"3_24_48896_16586983","state":1},{"key":"ENTER","name":"ENTER","code":"+9198-4514+612-492+608-490EfEfEfEfEfEdE-1620EgE-1622EhEhEhEfEgEhEdEgEfEhEfEfEdEdEgEfEhEdEgEgEhE-42782+9200-2230+610","mapping_code":"3_21_48896_16623703","state":1},{"key":"VOLUME_UP","name":"VOLUME UP","code":"+9172-4522+612-492C-488+608-490FgFgFgFgFdF-1620FhF-1622FiFhFhFgFiFdFgFiFdFgFdFiFd+606iFhFgFiFiFiFdFiF-42816+9200-2230+610","mapping_code":"3_68_48896_16589533","state":1},{"key":"VOLUME_DOWN","name":"VOLUME DOWN","code":"+9162-4530+610-494+608-490E-492EfEgEfEgEfE-1622EhEhEhE-1620EiEfEhEiEiEfEgEfEgEiEfEgEfEiEhEiEiEfEhE-42814+9200-2220C","mapping_code":"3_67_48896_16630333","state":1},{"key":"CHANNEL_UP","name":"CHANNEL UP","code":"+9158-4528+608-490C-492CdCeCdCeCdCeC-1620CfCfC-1622CgCgCeCfCe+606gCdCgCeCdCgCeCfCeHgCeCgCgCeCfC-42838+9202-2222C","mapping_code":"3_74_48896_16601773","state":1},{"key":"CHANNEL_DOWN","name":"CHANNEL DOWN","code":"+9170-4526+612-494+608-490E-492EfEgEfEgEfE-1622EhEhEhEhE-1620EfEhEhEhEfEhEgEfEhEgEfEgEiEg+606hEiEfEhE-42830+9202-2226E","mapping_code":"3_75_48896_16634413","state":1}],"_id":"PmBM5IjUR4oz7eOl"}
