{"category":"STB","brand":"SONY","model":"62","type":1,"version":"1.0","create_date":1685588199675,"protocol":"SONY","map_code":[{"key":"POWER","name":"POWER","code":"+2450-600+1200-550BbCbBbCbBbBbCbCbCbBbCbCbBbC","mapping_code":"4_21_183_21741","state":1},{"key":"MENU","name":"MENU","code":"+2400-600BbBbBb+1200-550CdCdBbCbCdCbBbCdCbBbC","mapping_code":"4_56_183_3821","state":1},{"key":"CHANNEL_UP","name":"CHANNEL UP","code":"+2400-600BbBbBbBb+1200-550BbBbCbCbCdBbCd+1250d+650dE","mapping_code":"4_16_183_1261","state":1},{"key":"CHANNEL_DOWN","name":"CHANNEL DOWN","code":"+2400-650+1200-550C-600EeCdEeEeEeCdCdCdBd+1250dFdBdF","mapping_code":"4_11_183_26861","state":1},{"key":"ENTER","name":"ENTER","code":"+2400-650+600c+1200cDcCcDcDcDcDcD-550DeCe+1250eFeBeF","mapping_code":"4_118_183_14317","state":1},{"key":"UP","name":"UP","code":"+2450-600Bb+1200-550BbBbCbCbCbCdCdCdBd+1250dEd+650dE","mapping_code":"4_114_183_10221","state":1},{"key":"DOWN","name":"DOWN","code":"+2400-600+1200bC-550BbBbCbCdCdCdCdCd+650d+1250dFdEdF","mapping_code":"4_115_183_26605","state":1},{"key":"LEFT","name":"LEFT","code":"+2450-600+1200bBbCbBbCbC-550CbCbCbCbBbCbCbBbC","mapping_code":"4_117_183_22509","state":1},{"key":"RIGHT","name":"RIGHT","code":"+2400-650+600cCc+1200-550CcDcDeDeDeDeDcBe+1250eFeBeF","mapping_code":"4_116_183_6125","state":1},{"key":"REWIND","name":"REWIND","code":"+2400-650+1200-550C-600EeCeCeEeEeCdCeCeEeCeCeEeC","mapping_code":"4_27_183_27885","state":1},{"key":"PLAY","name":"PLAY","code":"+2400-650+600c+1200-550CcDcDeCcCcDcDeDcCcDcDcCcD","mapping_code":"4_26_183_11501","state":1},{"key":"FAST_FORWARD","name":"FAST FORWARD","code":"+2400-650+600cCc+1200cD-550DeCcCcDeDeDeCe+1250eFeBeF","mapping_code":"4_28_183_7405","state":1},{"key":"STOP","name":"STOP","code":"+2400-650+600cC-550Bc+1200cEdCcCcEcEcEcCcEcEdCcE","mapping_code":"4_24_183_3309","state":1},{"key":"DISPLAY","name":"DISPLAY","code":"+2400-650+600c+1200-550CcDcDcDeCcDcDcDcCcDcDcCcD","mapping_code":"4_58_183_12013","state":1},{"key":"RECORD","name":"RECORD","code":"+2400-600+1200bBbCbC-550CbBbBbCbCbCdBbCd+1250d+650dE","mapping_code":"4_29_183_23789","state":1},{"key":"PAUSE","name":"PAUSE","code":"+2400-650+1200-600DdD-550CdCdDdDdCdCdCdDdCdCdDdC","mapping_code":"4_25_183_19693","state":1}],"_id":"P82VA5Ahjejoix5p"}
