{"category":"TV","brand":"DAEWOO","model":"6468","type":1,"version":"1.0","create_date":1695285217034,"protocol":"DAEWOO","map_code":[{"key":"POWER","name":"POWER","code":"+4632-4414+558-574+530-1652C-1678C-550Hh+532-572IdE-548EjI-1654+554-1680CjEh+528dIjIhOdIjIf+556dPfPhEdIjIfCgChMfCjEfCgCfC","mapping_code":"7_20_6_1616914647","state":1},{"key":"0","name":"0","code":"+4578-4472+578-524+582-1652E-1626+584-520HiE-498EiHiHj+580fH-1630CiHiHi+558-522EiHlKiHiHgHiHiE-500EiEiH-1628EfHiMfHfEpHfM","mapping_code":"7_9_6_1616941167","state":1},{"key":"1","name":"1","code":"+4554-4496+582-520+584-1652C-1626EdEd+556-522CdEd+580-500CfEgCiEdCiHiEdEdHiCdEdJkCdEdC-502+576fE-1628JfEnJfE-1630JfEoJ","mapping_code":"7_0_6_1616904447","state":1},{"key":"2","name":"2","code":"+4554-4494+584-520+556-1652Cf+580-526E-546+558i+554-528+552-548E-522+582-1626CfCn+530oCnEoE-550KfCdJnEdCdPhKiJdPhKfC-1628GfCtPfCtGfC","mapping_code":"7_1_6_1616937087","state":1},{"key":"3","name":"3","code":"+4576-4494+582-500C-1652+584-1626F-520FhCd+580hFhCd+578eFe+558-522ChFhCdIhFhCgFhFhIdChFhC-498IeFhC-1628F-1656JnFeCnFeC","mapping_code":"7_2_6_1616920767","state":1},{"key":"4","name":"4","code":"+4660-4418+554-574+530-1678+558-1652G-572+532iE-550EiJiEk+528fG-1654CdEdJiLkEdEm+556fGdEkLdEdE-552+526dEdEd+504fGfEfG-1656+578hGfN","mapping_code":"7_3_6_1616953407","state":1},{"key":"5","name":"5","code":"+4554-4496+582-546+558-1652Ef+584d+556-548+532dEdEi+530-550HfG-1628CdEdH-526+554dEdHiJdEfG-524OdEiC-522KiHfCmGdEmCfGmCfGm+580","mapping_code":"7_4_6_1616912607","state":1},{"key":"6","name":"6","code":"+4554-4494+584-546+558-1628+580-1652C-520+582-498JiCiJ-522+556-548MhJfCiCn+530nMdEnM-1626CdEpCiCiJlElJiCd+532hClJpChCfJhCp+610","mapping_code":"7_5_6_1616945247","state":1},{"key":"7","name":"7","code":"+4576-4472+600-528+556-1652+582-1628G-548+584-520E-526+554i+558kJkNfJh+580iEkJkN-522G-546NkG-1626JfGlMqNqNi+530iEfGlMiEfEfJfGhJfG","mapping_code":"7_6_6_1616928927","state":1},{"key":"8","name":"8","code":"+4576-4474+602-498+582-1652+584-1626E-520G-522E-500+580iGiGk+578fG-1630L-548+556iGiLkEiGnLfGf+558iGiGiQ-524LiGjEkMjEfM-1632GfE-1628GfE","mapping_code":"7_7_6_1616961567","state":1},{"key":"9","name":"9","code":"+4554-4494+584-520+556-1652Cf+558-522+582dCd+580-500IdCdI-1626CfChEhCdCdEhIdCdI-498JfCdE-524IdCdI-1628CfJ-1630C-548GoIfCoIfC","mapping_code":"7_8_6_1616908527","state":1}],"_id":"rzILbX8ayFPq9eDF"}
