{"category":"TV","brand":"HISENSE","model":"10742","type":1,"version":"1.0","create_date":1695094662547,"protocol":"HISENSE","map_code":[{"key":"0","name":"0","code":"+9252-4582+612-494+610-492EdEfEd+608dEdEfE-1628EhEhEhEhEhEdGhEdEdGdEdGdEfEdEdGhEhEhEhEhEhEhEhE-43136+9228-2234C","mapping_code":"3_0_48896_16580863","state":1},{"key":"1","name":"1","code":"+9222-4524+612-496+610-492E-494EfEg+608gEgEfE-1628EiEiEiEiEiEfEiEiEgEgHgEgHgEgHgHgHiEiEiEiEiEiEiE-43216+9226-2242E","mapping_code":"3_1_48896_16613503","state":1},{"key":"2","name":"2","code":"+9252-4552+612-494+610dE-492EdEd+608dEdGdE-1628EhEhEhEhEhEdEhEdGhEfEdEdGdGdGdEhEdGhEhEhEhGhEhE-43170+9278-2256C","mapping_code":"3_2_48896_16597183","state":1},{"key":"3","name":"3","code":"+9224-4526+612-496+610-492E-494EfEgEfEgEfE-1628EhEhEhEhEhEg+608hEhEhEgIgEgIgEgIgEgIgIhIhEhEhEhEhE-43206A-2246E","mapping_code":"3_3_48896_16629823","state":1},{"key":"4","name":"4","code":"+9212-4524+612-496+610-494+608fEfGfEfGfEfG-1628EhEhEhEhEhEfEhEfGfEhEfGfEfGfEfGhEhGfGhEhEhEhEhE-43200+9226-2230E","mapping_code":"3_4_48896_16589023","state":1},{"key":"5","name":"5","code":"+9226-4530+612-496+610-492E-494EfEgEfEg+608gE-1628EiEiEiEiEiEgHiEiEgEiEgHgHgHgEgHgEiEgEiEiEiEiC-1626E-43112+9228-2246C","mapping_code":"3_5_48896_16621663","state":1},{"key":"6","name":"6","code":"+9224-4532+612-498+610-494E-492EfEgEf+608fEfH-1628E-1626EiEiEiEiEfEiEfHiEiEfEfHfEfHfEiEfHfEiEiEiEiEiE-43152A-2226C","mapping_code":"3_6_48896_16605343","state":1},{"key":"7","name":"7","code":"+9226-4534+612-494+610dE-492EdEfEd+608dEdG-1628EhEhEhEhEhEdEhEhEhEhEdEdGdEdGdEdGdEdGhEhEhEhEhE-43202+9224-2244E","mapping_code":"3_7_48896_16637983","state":1},{"key":"8","name":"8","code":"+9240-4562+612-494+610-492EdEd+608dEdGdEdG-1628EhE-1626EhEhGhEdGhGdEdGdEhEdEfEdGdEhEhEhEdEhEhEhEhE-43134+9228-2268C","mapping_code":"3_8_48896_16584943","state":1},{"key":"9","name":"9","code":"+9240-4540+612-496+610-494E-492EfEgEfEgEf+608-1628EiEiEiEiEiEfEiEiEd+606fHiEfHfHfEfHfHiEiEfHiEiEiEiE-43192+9246-2228C","mapping_code":"3_9_48896_16617583","state":1},{"key":"POWER","name":"POWER","code":"+9222-4552+612-496+608-494+610d+606fG-492GfGiGfG-1628GjGjGjGjGjGfGjGjGfGjGjGfEfGfEfGfEjGfGfEjGjGjEjG-43178+9250-2258C","mapping_code":"3_13_48896_16625743","state":1},{"key":"PLAY","name":"PLAY","code":"+9216-4526+612-496+608-494+610fEfGfEfGfEfG-1628GhGhGhGhEhGfEhGhGfGhGfEhGfGfEfGfEhEfGhGfGhGhGhG-43152+9228-2236C","mapping_code":"3_21_48896_16623703","state":1},{"key":"INPUT","name":"INPUT","code":"+9224-4522+612-496+610-494E-492EfEgEf+608fEfH-1628E-1626CjEiEiEiEfEiEfHiEfEfHiEfHfEfHiEfEiEiEfHiEjEiE-43220+9228-2240C","mapping_code":"3_18_48896_16599223","state":1},{"key":"MENU","name":"MENU","code":"+9224-4532+612-500+610-492E-494+608gEfEgEfEgE-1628EiEiEiEiEiEgEiEgEfEiEgEiEgHgEgHiEiEgEiEgHiHiEiE-43192+9228-2234C","mapping_code":"3_20_48896_16591063","state":1},{"key":"UP","name":"UP","code":"+9224-4544+612-508+608-494+610fEfGfEfGfEfG-1628GhGhGhG-1630E-1626G-492GhGfGhGhGfEhGfGfEfGhGfEfGhGfEhEhGhG-43180+9250-2230C","mapping_code":"3_22_48896_16607383","state":1},{"key":"DOWN","name":"DOWN","code":"+9224-4532+612-508+610-492E-494EfEgEfEgEfE-1628EhEhE-1626Eh+608hEgEiEhEhEhEgJhEfEgJgEgJgEgJhEfEhEhEhE-43168A-2254C","mapping_code":"3_23_48896_16640023","state":1},{"key":"LEFT","name":"LEFT","code":"+9224-4522+612-496+610-494+608fEfGfEfGfEfG-1628E-1626EiEhEhEhEfEhEhEfGfEhEhEfGfEfE-492EhEhEfEfGhEhEhE-43212+9228-2236E","mapping_code":"3_25_48896_16619623","state":1},{"key":"RIGHT","name":"RIGHT","code":"+9224-4526+612-498+610-492E-494EfEgEfEg+608gE-1628EiEiEiE-1626EiHgHiEgEgHgEiHiEgHgEgHiEiEiEgHgHiEiEiE-43138+9222-2220C","mapping_code":"3_24_48896_16586983","state":1},{"key":"VOLUME_UP","name":"VOLUME UP","code":"+9278-4576+612-494+610dE-492EdEfEdEfEdE-1626EgE-1628EhEhEhEdEhE-510Ed+608hEdEdJdEhEdJhEhJdJhEhEhEdEhE-43126+9408-2236C","mapping_code":"3_68_48896_16589533","state":1},{"key":"VOLUME_DOWN","name":"VOLUME DOWN","code":"+9252-4532+612-494+610dE-492EdEfEd+608dEdG-1628E-1626EhEhEhEhEdGhEhEhEdGdEdGdGhEdGdEdGhEhEhEhEdGhE-43190+9254-2234C","mapping_code":"3_67_48896_16630333","state":1}],"_id":"3qV92tzhUhYGsg29"}
