{"category":"TV","brand":"HISENSE","model":"132","type":1,"version":"1.0","create_date":1695093957325,"protocol":"HISENSE","map_code":[{"key":"MUTE","name":"MUTE","code":"+9226-4542+610-492+608dE-490EfEfEdEfEdE-1622EgEgE-1624EhEhEdEgEfEgEgEgEfEdEfEfEhEfEdEfEhEhEgEgE-44858+9198-2252C","mapping_code":"3_14_48896_16609423","state":1},{"key":"INPUT","name":"INPUT","code":"+9196-4522+612-492+608-490EfEfEfEdEfEfE-1622E-1624EhEhEhEgEfEhEdEgEfEdEgEd+606dEfEhEdEgEhEdIhEg+610gE-44868+9200-2234J","mapping_code":"3_18_48896_16599223","state":1},{"key":"REWIND","name":"REWIND","code":"+9198-4518+610-492+608-490EfEfEdEfEdEfE-1624EgE-1622EhEhEhEd+606gEhEhEgEdIgEfEgEdEfEdEfEgEdEhEfEgE-44884+9200-2222E","mapping_code":"3_87_48896_16640533","state":1},{"key":"PLAY","name":"PLAY","code":"+9186-4566+610-504+608-490EfE-492EfEgEfEfE-1622E-1624EiEiEiEiEgEiEgEhEhEiEg+606gEhEgJiEfEgEfEiEiEgEiE-44882+9198-2218E","mapping_code":"3_78_48896_16609933","state":1},{"key":"FAST_FORWARD","name":"FAST FORWARD","code":"+9200-4522+612-492+608-490EfEfEdEfEdEfE-1624EgE-1622EhEhEhEdEhEfEgEgEdEhEfEgEdEgEdEfEgEdEhEfEgE-44876+9196-2216+610","mapping_code":"3_86_48896_16607893","state":1},{"key":"SLEEP","name":"SLEEP","code":"+9186-4512+610-494+608-490EfEfEfE-492EfEfE-1624E-1622EiEiEhEhEgEiEfEhEfEiEhEgEfEgEiEfEhEgEfEhEhEhE-44878+9226-2260C","mapping_code":"3_26_48896_16603303","state":1},{"key":"EXIT","name":"EXIT","code":"+9196-4540+612-492+608-490EfEdEfEfEfEdE-1622EgE-1624EhEhEhEfEhEdEfEhEhEhEdEhEdEgEgEfEdEfEhEdEgE-44838+9202-2242+610","mapping_code":"3_92_48896_16595653","state":1},{"key":"LAST","name":"LAST","code":"+9184-4512+612-492+608-490EfEfE-494+604dEfEdE-1622EiE-1624EjEjEiEfEjEjEjEdEiEfEdEd+606dEfEdEiEfEjEjEiEiE-44910+9202-2226E","mapping_code":"3_11_48896_16633903","state":1},{"key":"DISPLAY","name":"DISPLAY","code":"+9198-4532+612-504+608-490EfEfEfEfEfEfE-1622E-1624EgEgEhEhE-492EgEfEiEgEhEi+606iEiEfEhEhEiEfEhEhEhEgE-44884+9202-2246+610","mapping_code":"3_12_48896_16593103","state":1},{"key":"NEXT","name":"NEXT","code":"+9190-4590+608-520+606-492CfC-490CgCfCgCfC-1624ChChChChChCgChChCgCgChChCfChCfCgChChCfCgChCfChC-44826+9200-2242+610","mapping_code":"3_89_48896_16620133","state":1},{"key":"RED","name":"RED","code":"+9198-4512+612-492+608-490EfEdEfEdEfEdE-1622EgE-1624EhEhEhEdEhEdEgEfEdEhEfEhEdEhEdEgEgEdEgEfEhE-44902+9200-2222E","mapping_code":"3_82_48896_16599733","state":1},{"key":"GREEN","name":"GREEN","code":"+9196-4512+610-494+608-492E-490EfEgEfEgEfE-1622EhE-1624EiEiEiEfEhEiEiEfEgEiEfEiEf+606fEfJiEhEgEiEfEiE-44884+9198-2218E","mapping_code":"3_83_48896_16632373","state":1},{"key":"BLUE","name":"BLUE","code":"+9186-4530+612-492+608-490EfEdEfEdEfEdE-1622E-1624EhEhEhEhEfEhEhEdEhEd+606hEdEhEdIdEhEdEgEfEhEdEgE-44868+9224-2274+610","mapping_code":"3_85_48896_16624213","state":1},{"key":"YELLOW","name":"YELLOW","code":"+9196-4514+610-494+606-492+608-490GfGhGfGhGfG-1622G-1624GjGjGjGjGfGjGfEfGjGfEjGhGjEfGiGjGfGiGfGjGfGiG-44860+9228-2266C","mapping_code":"3_84_48896_16591573","state":1},{"key":"POWER","name":"POWER","code":"+9198-4528+610-494+608-490E-492EfEgEfEgEfE-1624EhEhE-1622EiEhEfEhEhEfEhEhEgEg+606gEfEgEhEgJgEhEhEhEhE-44900+9226-2234C","mapping_code":"3_13_48896_16625743","state":1},{"key":"MENU","name":"MENU","code":"+9190-4512+610-494+608-490E-492EfEfEgEfEgE-1622EhEhE-1624EiEiEgEiEfEgEhEg+606iEgEgEfEiEiEgEiEgJiEiEhE-45012+9228-2252C","mapping_code":"3_20_48896_16591063","state":1},{"key":"UP","name":"UP","code":"+9224-4534+610-494+608-490E-492EfEgEfEgEfE-1624EhEhEhE-1622EiEfEhEgEhEhEg+606hEfEgEfEiEgEgJhEgEhEhEhE-44824+9198-2242C","mapping_code":"3_22_48896_16607383","state":1},{"key":"DOWN","name":"DOWN","code":"+9226-4564+610-496+608-490E-492EfEgEfEgEg+606-1624EiE-1622EjEjEiEfHiEjEjEiEgHiEfEgEfEgEgHgEjEgHiEiEiH-44844+9200-2238C","mapping_code":"3_23_48896_16640023","state":1},{"key":"LEFT","name":"LEFT","code":"+9214-4538+610-494+608-490E-492EfEgEfEgEfE-1624EhE-1622EiEiEiEg+606hEiEfEgEiEhEgJgEgJgEhEhEgEfEhEhEhE-44852+9200-2240C","mapping_code":"3_25_48896_16619623","state":1},{"key":"ENTER","name":"ENTER","code":"+9190-4512+610-494+608-490E-492EfEgEfEgEfE-1624EhEhEhE-1622EiEfEhEiEfEhEgEiEg+606gEgJgEhEgJhEfEhEhEhE-44904+9198-2240E","mapping_code":"3_21_48896_16623703","state":1},{"key":"VOLUME_UP","name":"VOLUME UP","code":"+9198-4518+610-494+608-492E-490EfEgEfEf+606fE-1624EiEiEiEiE-1622EgEiEfEgEiEfEgEfEjEfHiEiEfEiEiEiEfEiE-44898A-2242C","mapping_code":"3_68_48896_16589533","state":1},{"key":"VOLUME_DOWN","name":"VOLUME DOWN","code":"+9220-4516+610-494+608-490EfE-492EfEgEfEgE-1622EhE-1624EiEiEiEgEiEiEiEgEfEgEd+604iEgEg+606gEiEiEiEiEgEiE-44820+9200-2250C","mapping_code":"3_67_48896_16630333","state":1},{"key":"CHANNEL_UP","name":"CHANNEL UP","code":"+9220-4518+610-492+608dE-490EdEfEdEfEdE-1622EgE-1624EhEhEhEdEhEd+606hEfEhEdEdIhEdEhEdIhEdEhEhEdEhE-44846+9200-2238C","mapping_code":"3_74_48896_16601773","state":1},{"key":"CHANNEL_DOWN","name":"CHANNEL DOWN","code":"+9198-4574+610-508+608-490EfE-492EfEgEfEgE-1622EhEhE-1624EiEiEgEiEiEiEg+606iEfEgEhEgJgEfEiEgEiEiEgEhE-44860+9200-2246C","mapping_code":"3_75_48896_16634413","state":1}],"_id":"oxWPbn95QjR8q6jU"}
