{"category":"TV","brand":"HISENSE","model":"232","type":1,"version":"1.0","create_date":1695181759731,"protocol":"HISENSE","map_code":[{"key":"0","name":"0","code":"+9224-4514+612-490+608d+610-1622FgFgFdF-488FdEgFdEdEdEdEgF-1620FdEdFdEgFgFgFdFgFgFgFgFdFdEdEdEdEdEdFdEgFgFgFgFgFgFgFgF-26988+9202-4532C","mapping_code":"22_0_1808_971080925439","state":1},{"key":"1","name":"1","code":"+9224-4554+612-490+608d+610-1622FgFgFdF-488FdEgFdEdEdFdEgFgFdEdFdEgFgFgFdFgFgFgFgFgFdEdFdEdEdEdEdEdEgFgFgFgFgFgFgF-26924+9202-4520F","mapping_code":"22_128_1808_971080958079","state":1},{"key":"2","name":"2","code":"+9254-4532+612-490+610d+608-1622EgEgEdEdFdEgEdEdFdFdFgEgEdEdFdFgEgEgEdFgEgEgEgEdFgEdFdFdFdFdFdFgEdFgEgEgEgEgFgE-26922+9202-4518C","mapping_code":"22_64_1808_971080941759","state":1},{"key":"3","name":"3","code":"+9222-4508+614-490+610d+608-1622E-1620EgEdFdEdFgEdEdFdEdFgEgEdEdFdEgEgEgEdFgEgEgEgEgE-1626+604dFdFdEdFdEdFdFdFgEgEgEgEgEgE-26984+9202-4510+612","mapping_code":"22_192_1808_971080974399","state":1},{"key":"4","name":"4","code":"+9222-4550+612-508+608-490+610-1620GhG-1622GfEfGfEiGfEfEfGfEiGiGfEfEfEiGiGiGfGiGiGiGiGfGfEiGfGfEfGfEfGiGiGfEiGiEiGiGiG-26924+9172-4534C","mapping_code":"22_32_1808_971080933599","state":1},{"key":"5","name":"5","code":"+9278-4584+612-490+610d+608-1622EgEgEdEdFdEgEdFdEdFdEgEgEdFdEdF-1624FgFgEdFgEgEgEgEgEdFgEdFdFdEdFdEdFgEdEgEgEgEgEgE-26996+9200-4518E","mapping_code":"22_160_1808_971080966239","state":1},{"key":"6","name":"6","code":"+9198-4518+610-490Cd+608-1622CfCfCdEdEdEfCdCdEdCdEfCfCdCdEdCfCfCfCdEfCfCfCfCdEfCfCdEdCdEdCdEfCdCdEfCfCfCfEfC-26942+9172-4516+612","mapping_code":"22_96_1808_971080949919","state":1},{"key":"7","name":"7","code":"+9222-4508+612-492+608-490+610-1622GhGhGfEfGfEhGfEfEfEfEhGhGfEfGfEhGhGhGfGhGhGhGhGhGhEhGfEfGfEfGfEfGfEfEhGhGhGhGhG-26982+9202bC","mapping_code":"22_224_1808_971080982559","state":1},{"key":"8","name":"8","code":"+9198-4514+610-490Cd+608-1622CfCfCdEdCdEfCdCdEdCdEfCfCdCdEdCfCfCfCdCfCfEfCfCdCdEdEfCdEdEdEdEfCfCfCdEfEfCfCfC-26996+9200-4520C","mapping_code":"22_16_1808_971080929519","state":1},{"key":"9","name":"9","code":"+9222-4514+612-490+608d+610-1622FgFgFdFdEdF-1620FdEdFdEdFgFgFdEdEdEgFgFgFdEgFgFgFgFgFdEdFgFdEdEdEdEdEgEgFdEgF-1624+606gFgE-26988+9202-4516+614","mapping_code":"22_144_1808_971080962159","state":1},{"key":"MUTE","name":"MUTE","code":"+9250-4530+612-490+610d+608-1622E-1620EgEdFdEdFgEdEdFdEdFgEgEdFdFdFgEgEgEdEgEgEgEgEdFgEgEdFgEdFdC-486FgEdFdFgEdFgEgEgE-26984+9202-4520C","mapping_code":"22_104_1808_971080951959","state":1},{"key":"INPUT","name":"INPUT","code":"+9224-4512+614-492+608-490E-1622+610gHgHfEfHfEgH-488HfEfHfEgHgHfEfHfEgHgHgHfHgHgHgHgHgHgEfEgHfHfEfHfEfEfEgHfHgHgHgHgH-26964+9172-4516+612","mapping_code":"22_208_1808_971080978479","state":1},{"key":"EXIT","name":"EXIT","code":"+9222-4566+610-490Cd+608-1622C-1620CfCdEdCdEfCdCdEdCdEfCfCdCdEdCgCfCfCdCfCfCfCfCdCfCdEfCfCdCdEdCfCdEfCdEdEfCfCfC-26948+9202-4562+612","mapping_code":"22_88_1808_971080947879","state":1},{"key":"POWER","name":"POWER","code":"+9198-4534+610-490C-488C-1622CfCfCdCd+608dCfCdGdCdGdGfCfCdGdCdGfCfCfCdGfCfCfCfCdGfCdCdGfCdCdGdCfCdGfCfCdGfCfCfC-26946+9176-4514C","mapping_code":"22_72_1808_971080943799","state":1},{"key":"MENU","name":"MENU","code":"+9220-4552+612-498+610-490+608-1622EhEhEfEfGfEhEfGfGfGfEhEhEfGfGfGhEhEhEfGhEhGhEhGfGhEhEhEfGfGfGfGhGfGfGfGhEhEhGhE-26964+9200-4512C","mapping_code":"22_112_1808_971080953999","state":1},{"key":"UP","name":"UP","code":"+9222-4512+612-490+608d+610-1622FgFgFdFdEdEgFdEdFdEdF-1620FgFdEdFdEgFhFgFdEgFgFgFgFgFgFdEdEgFdEdF-488EdFdEgFgFdEgFgFgF-26982+9202bC","mapping_code":"22_200_1808_971080976439","state":1},{"key":"DOWN","name":"DOWN","code":"+9216-4508+612-492+610-490+608-1622EhEhEfGfGfEhEfGfEfGfEhEhEfEfGfGhEhEhEfGhE-1620EhEhEhEhEhEfGhEfGfEfGfGfGfGhEfEhEhEhE-26938+9176-4528C","mapping_code":"22_232_1808_971080984599","state":1},{"key":"LEFT","name":"LEFT","code":"+9200-4510+614-490+610d+608-1622E-1620EgEdFdEdFgE-492FdFdEdFgEgEdEdFdEgEgEgEdEgEgEgEgEdEdFgEdEgEdFdEdFgEgEdFgEdF-1626+606gEgE-27044+9226-4512E","mapping_code":"22_40_1808_971080935639","state":1},{"key":"RIGHT","name":"RIGHT","code":"+9200-4516+610-490+608dC-1622CfEfCdCdEdCfCdEdCdEdEfC-1620CdEdCdEfCf+614-1618CdEfCfCfCfCdEdEdEdCgCdEdCdEfCfCfCfCdEfCfCfC-26988A-4510+612","mapping_code":"22_8_1808_971080927479","state":1},{"key":"ENTER","name":"ENTER","code":"+9200-4526+612-526+638-502C-1640C-1624+610-1622I-490I-488Ik+608jIkMkMkMkMjI-1620IkMkIkMjIjIjIkIjIjIjIjIkIjIjIkMkIkMjIkMjIkIkMjIjIjIkMjI-26918+9174-4542C","mapping_code":"22_98_1808_971080950429","state":1}],"_id":"MjqIknJFEVwEWKk7"}
