{"category":"TV","brand":"HISENSE","model":"2678","type":1,"version":"1.0","create_date":1695177207240,"protocol":"HISENSE","map_code":[{"key":"0","name":"0","code":"+970-840+1844-828+952-830+950fEfGfGfGfGfGfGfGfG-20470+954-842CdGfGfGfGfGfGfGfGfGfGfG","mapping_code":"1_0_0_0","state":1},{"key":"1","name":"1","code":"+1030-890+954-832+1844-828+950-830GhGhGhGhGhGhGhG-1722+952-19578C-844GhEhGhGhGhGhGhGhGhGhG-1724G","mapping_code":"1_1_0_2049","state":1},{"key":"2","name":"2","code":"+1050-874+1848-832+950-830EfEfEfEfEfEfEfE-1722+1844-20426+952fHfEfEfEfEfEfEfEfEfE-1724H","mapping_code":"1_2_0_2","state":1},{"key":"3","name":"3","code":"+1030-912+954-834+1844-830+950fGfGfGfGf+952fGfG-1722GfG-19594C-846HfEfGfGfGfGfGfGfGfG-1724GfG","mapping_code":"1_3_0_2051","state":1},{"key":"4","name":"4","code":"+938-864+1846-828+950-830EfEfEfEfEfEfE-1722+1844fE-20430+952-832HfEfEfEfEfEfEfEfEgHkE","mapping_code":"1_4_0_4","state":1},{"key":"5","name":"5","code":"+1108-874+954-834+1844-828+950-830GhGhGhGhGhG-1722E-1724G-19588C-846GhEhGhGhGhGhGhGhGjEiG","mapping_code":"1_5_0_2053","state":1},{"key":"6","name":"6","code":"+1082-908+1848-832+950-830EfEfEfEfEfEfE-1722Ef+1844-20476+954-850HfEfEfEfEfEfEfEfEgEfH","mapping_code":"1_6_0_6","state":1},{"key":"7","name":"7","code":"+1030-880+954-834+1844-828+950-830GhGhGhGhGhG-1724GhGhG-19532+952-832GhEhGhGhGhGhGhGhG-1722GhGhG","mapping_code":"1_7_0_2055","state":1},{"key":"8","name":"8","code":"+1032-916+1848-832+950-830+952fEfGfEfEfE-1722+1844dEfE-20428GfI-828EfEfEfEfEfEfEhIfEfE","mapping_code":"1_8_0_8","state":1},{"key":"9","name":"9","code":"+974-840+952-830+1844d+950dFdFdFdFdF-1722E-828FgF-19532C-832FdEdFdFdFdFdFdFgEhFgF","mapping_code":"1_9_0_2057","state":1},{"key":"POWER","name":"POWER","code":"+978-916+1848-832+950-830EfEfEfEfEfE-1722Ef+1844fE-20490+954-842HfEfEfEfEfEfEfE-1724EfHfE","mapping_code":"1_12_0_12","state":1},{"key":"MUTE","name":"MUTE","code":"+954-838+1844-830+950dEdEdEdEdEdE-1722EdCfE-19594+978-834CdEdEdEdEdE-832+948dE-1724EdCfE","mapping_code":"1_13_0_13","state":1},{"key":"REWIND","name":"REWIND","code":"+1074-888+958-830+1844d+950dFdFdF-1722FdEgFdFdF-19588+954-848FdE-828FdFdFdFgFdEg+952-832FdF","mapping_code":"1_55_0_2103","state":1},{"key":"PLAY","name":"PLAY","code":"+1000-900+1848-832+950-830EfEfEfEfE-1722+1844-828EgH-20430+952-834HfEfEfEfEfEfE-1724HfEgH","mapping_code":"1_18_0_18","state":1},{"key":"FAST_FORWARD","name":"FAST FORWARD","code":"+1056-878+954-834+1844-828+950-830GhGhG-1722GhEiGhE-20426+952-832GhEfGhGhGhGiGhEiGhE","mapping_code":"1_54_0_2102","state":1},{"key":"STOP","name":"STOP","code":"+952-910+1846-830+950dEdEdEdEdE-1722Ed+1844dEdE-20480+954-846G-828EdI-826EdEdEdAfEdGkEdE","mapping_code":"1_24_0_24","state":1},{"key":"INFO","name":"INFO","code":"+904a+952-830+1844c+950cEcBcE-1722EcEcEcDcE-20476+954-846EcDcEcEcEcEfEcEcEcDcE","mapping_code":"1_60_0_2108","state":1},{"key":"EXIT","name":"EXIT","code":"+1110-900+1848-832+950-830EfEfEfEfE-1722EfEfEfEfE-19610+980-844+1844fEfEfEfEfEfE-1724EfEfEfEfE","mapping_code":"1_31_0_31","state":1},{"key":"LAST","name":"LAST","code":"+952-906+1006-832+1844-830+950fGf+954-826G-1724EfGfG-1722E-20478H-848GfE-828GfGfGfGkEfGfGjE","mapping_code":"1_34_0_2082","state":1},{"key":"DISPLAY","name":"DISPLAY","code":"+1006-908+1848-832+950-830EfEfEfEfEfE-1722EfEfEfE-19600+980-836+1844fEfEfEfEfEfEfEgEfEfEfE","mapping_code":"1_15_0_15","state":1},{"key":"PAUSE","name":"PAUSE","code":"+998-910+954-832+1844-830+950fGfGfGfG-1724EfG-1722E-20426+952dGfEfGfGfGfGfGiEfGiE","mapping_code":"1_18_0_2066","state":1},{"key":"PREVIOUS","name":"PREVIOUS","code":"+1034-888+1848-832+950-830EfEfEfE-1722+1844fEfE-1724H-20430+952dHfEfEfEfEfEgHfEfEgH","mapping_code":"1_34_0_34","state":1},{"key":"GREEN","name":"GREEN","code":"+904a+1844-830+950cDcDcDcD-1722DcBeDcB-20486+954-846B-828DcDcDcDcDeDcBeDcB","mapping_code":"1_54_0_54","state":1},{"key":"BLUE","name":"BLUE","code":"+1056-874+954-834+1844-828+950-830GhGhG-1722GhEi+1846hG-20428+952hGhEhGhGhGhGiGhEiE-832G","mapping_code":"1_52_0_2100","state":1},{"key":"YELLOW","name":"YELLOW","code":"+952-898+1848-830Ad+950dEdEdE-1722Ed+1844-828EfG-20468+954-844GdEdEdEdEdEfEdGdEfG","mapping_code":"1_50_0_50","state":1},{"key":"VGA","name":"VGA","code":"+1056-866+954-834+1844-828+952-830+950hGhIhI-1722EjE-832I-20432GhIhEhIhIhIhIhIjEj+1846hI","mapping_code":"1_20_0_2068","state":1},{"key":"MENU","name":"MENU","code":"+1032-904+954-834+1844-828+950-830GhGhG-1722EiGhGhE-20426+952-832GhEfKhGhGhGiEiGhGhE","mapping_code":"1_46_0_2094","state":1},{"key":"UP","name":"UP","code":"+1058-886+1848-832+952-830+950fGfGfG-1722+1844hGfGfGfG-19532EfIfGfGfGfGfGhIhGfGfGd+948","mapping_code":"1_47_0_47","state":1},{"key":"DOWN","name":"DOWN","code":"+980-910+954-834+1844-830+950fGfGfG-1724GfE-828GfGfG-20424+952fGfEfGfGfGfG-1722GfEfGfGfG","mapping_code":"1_48_0_2096","state":1},{"key":"LEFT","name":"LEFT","code":"+922-906+1844-830+950dEdEdEdE-1722EdCdEdEfE-19582+954-848CdEdEdEdEdEfEdCdEdEfE","mapping_code":"1_49_0_49","state":1},{"key":"RIGHT","name":"RIGHT","code":"+1032-918+954-834+1844-830+950f+952fGfG-1722GfEfGiGfG-19580G-854GfEfGfGfGfGiGfEfGiGfG","mapping_code":"1_51_0_2099","state":1},{"key":"ENTER","name":"ENTER","code":"+1054-868+1848-832+950-830EfEfEfEfE-1722Ef+1844gEfE-19592+954-848HfEfEfEfEfEfE-1724EfHgEd+948","mapping_code":"1_27_0_27","state":1},{"key":"VOLUME_UP","name":"VOLUME UP","code":"+946-864+952-830+1844d+950dFdFdFdF-1722E-828FdFdF-20478+954-846FdEdFdFdFdFdF-1724EdFdFdF","mapping_code":"1_16_0_2064","state":1},{"key":"VOLUME_DOWN","name":"VOLUME DOWN","code":"+978-922+1848-832+952-830+950fGfGfGfG-1722+1844-828GfGhG-19578+954-844IfGfGfGfGfGfGhIjGfGhG","mapping_code":"1_17_0_17","state":1},{"key":"CHANNEL_UP","name":"CHANNEL UP","code":"+1100-884+954-834+1844-830+950fGfGfG-1722EfGfGfGfG-20492C-846GfEfGfGfGfGhE-828GfGfGfG","mapping_code":"1_32_0_2080","state":1},{"key":"CHANNEL_DOWN","name":"CHANNEL DOWN","code":"+1070-880+1848-832+950-830+952fEfGfE-1722+1844fEfEfEhE-19532GdIfEfEfEfEfEhIdEfEfEhE","mapping_code":"1_33_0_33","state":1}],"_id":"FEXcPrshkLtdhZTf"}
