{"category":"TV","brand":"HISENSE","model":"2683","type":1,"version":"1.0","create_date":1695177602912,"protocol":"HISENSE","map_code":[{"key":"0","name":"0","code":"+4658-4504+610-490+608-1618EfEfEdE-488EdEdEgEfEfEfEgEdEgEgEfEdEgEfEgEdEgEdEgEfEfEdEfEfEfEfE-48468+4636-4498C-1620E","mapping_code":"7_9_14_1886425199","state":1},{"key":"1","name":"1","code":"+4682-4528+612-492+608-1618EfEfE-488EgEgE-490EgEfEfEfEgEhEgEhEgEhEgEgEgEgEgEgEfEfEfEfEfEfEfEfE-48392+4610-4496+610fE","mapping_code":"7_0_14_1886388479","state":1},{"key":"2","name":"2","code":"+4636-4512+608-488C-1618CeCeC-490CdCdCdCfCeCeCeCdCdCdCdCeCdCdCdCdCdCfCdCfCeCeCeCeCeCeCeC-48440+4638-4496+612-1620C","mapping_code":"7_1_14_1886421119","state":1},{"key":"3","name":"3","code":"+4630-4500+608-490C-1618CeCeCdC-488CdCfCfCeCeCeCfCdCfCdCfCeCfCd+606dCfCdCfCeCdCeCeCeCeCeCeC-48440+4638-4496+610-1620C","mapping_code":"7_2_14_1886404799","state":1},{"key":"4","name":"4","code":"+4624-4558+612-496+608-1618Ef+610fE-488EhEhEhE-490EfEfEfEiEhEiEhEfEfEiEhEiEhEiEhEiEhEfEfEfEfEfEfE-48390+4638-4504G-1620E","mapping_code":"7_3_14_1886437439","state":1},{"key":"5","name":"5","code":"+4652-4540+610-490+608-1618EfEfE-488EgEgEgEgEfEfEfEdEgEdEgEdEgEfEdEgEdEgEdEfEfEgEfEfEfEfEfE-48364+4612-4500EfC","mapping_code":"7_4_14_1886396639","state":1},{"key":"6","name":"6","code":"+4624-4508+610-490+608-1618EfEfE-488EgEdEgEdEfEfEfEdEgEgEgEfEdEfEgEdEgEdEgEgEfEgEfEfEfEfEfE-48446+4638-4496CfE","mapping_code":"7_5_14_1886429279","state":1},{"key":"7","name":"7","code":"+4630-4496+612-492+608-1618EfEfE-488EgEgEgEgEfEfEfEgE-490EgEhEgEfEfEgEgEgEh+606hEfEhIhEfEfEfEfEfE-48430+4638-4492+610fE","mapping_code":"7_6_14_1886412959","state":1},{"key":"8","name":"8","code":"+4658-4504+610-490+608-1618EfEfEdE-488EdEgEdEfEfEfEdEgEgEgEfEfEfEdEgEdEgEdEgEdEgEfEfEfEfEfE-48424+4638-4556+612-1770+634","mapping_code":"7_7_14_1886445599","state":1},{"key":"9","name":"9","code":"+4662-4526+610-490+608-1618EfEfE-488EgEgEdEgEfEfEfEgEdEgEgEgEgEgEfEdEgEdEgEfEfEfEdEfEfEfEfE-48358+4612-4518CfE","mapping_code":"7_8_14_1886392559","state":1},{"key":"MUTE","name":"MUTE","code":"+4636-4512+608-488C-1618CeCeCdCdCdC-490CdCeCe+610eCdCdCfCdCfCdCeCfCeCf+606fCdCeCeCdCeCfCeCeCeC-48428+4638-4494GeC","mapping_code":"7_20_14_1886398679","state":1},{"key":"INPUT","name":"INPUT","code":"+4630-4814+638-498+608-1618EfEf+610-488E-490EhEiEhEfEfEfEhEi+606iEhEhEhEfEfEhEiEhEiJfEfEhEiEfEfEfEfE-48442+4638-4498GfE","mapping_code":"7_12_14_1886400719","state":1},{"key":"EXIT","name":"EXIT","code":"+4624-4516+610-490+608-1618EfEfE-488EdEgEdEgEfEfEfEgEgEgEd+606dEfEgEfEgEdHdEdEfEgEfEdEfC-1616EfEfE-48430+4636-4490CfE","mapping_code":"7_10_14_1886408879","state":1},{"key":"LAST","name":"LAST","code":"+4636-4506+610-490+608-1618EfEfC-488EgEdEgEdEfEfEfEgEgEgEdEfEgEfEfEfEgEdEd+606dEfEdEgEdHfEfEfE-48432A-4496EfE","mapping_code":"7_29_14_1886435399","state":1},{"key":"DISPLAY","name":"DISPLAY","code":"+4632-4540+610-490+608-1618CfEfE-488EdEgEdEgEfEfCfEgEgEgEgEfEfEfEgEfEdEgEdEgEdE-506EfEgEfEfEfE-48358+4612-4524CfE","mapping_code":"7_23_14_1886447639","state":1},{"key":"POWER","name":"POWER","code":"+4636-4508+612-490+608-1618EfEfE-488EgEgEgEgEfEfEfEgEdEgC-486EfEfEgEfEgEdEgEdEgEdEfEgEfEfEfEfE-48382+4612-4490EfE","mapping_code":"7_11_14_1886441519","state":1},{"key":"MENU","name":"MENU","code":"+4636-4510+608-490C-1618CeCeC-488CfCfCfCfCeCeCeCfCdCfCdCfCdCeCeCeCd+606dCfCeCeCfCdCfC-1622+604eCeC-48434+4638-4496+612-1620C","mapping_code":"7_28_14_1886402759","state":1},{"key":"UP","name":"UP","code":"+4636-4510+612-490+608-1618EfEfE-488EgEgEgEgEfEfEfEdEgEdEgEdEgEgEfEfEgEdEgEfEfEf+610gEdEfEfEfE-48382+4664-4542CfE","mapping_code":"7_24_14_1886394599","state":1},{"key":"DOWN","name":"DOWN","code":"+4608-4522+610-490+608-1618EfEfEdE-488EdEgEdEfEfEfEgEgEgEdEfEgEgEfEfEdEgEdEgEfEfEdEgEfEfEfE-48434+4638-4496+612-1620E","mapping_code":"7_25_14_1886427239","state":1},{"key":"LEFT","name":"LEFT","code":"+4636-4512+612-490+608-1616+610fG-1618E-488EdEiEiEiEhEhEhEdEiEdEiEdEhEiEhEhEiEiEiEhEdEhEiEdEhEhEhE-48430+4638-4492C-1620E","mapping_code":"7_26_14_1886410919","state":1},{"key":"RIGHT","name":"RIGHT","code":"+4608-4578+612-502+608-1618+610-1616GhG-488EiEiEiE-490EfEfEfEjEiEjEiEfGfEjEfEfEjEiEjEiEj+606fEiEjEfEfC-1614E-48364+4612-4496EfE","mapping_code":"7_27_14_1886443559","state":1},{"key":"VOLUME_UP","name":"VOLUME UP","code":"+4634-4544+612-502+608-1618EfEfE-490E-488EgEhEgEfEfEfEgEhEgEhEg+606fEhEgEfEhEgEhEfEgEfEfEhEfEfEfE-48398A-4504+610-1620E","mapping_code":"7_18_14_1886406839","state":1},{"key":"VOLUME_DOWN","name":"VOLUME DOWN","code":"+4714-4528+612-490+608-1618EfEfE-488EdEgEdEgEfEfEfEgEdEgEdEfEfEgEdEfEgEdEgEdEgEfEfEdEfEfEfE-48366+4610-4490EfE","mapping_code":"7_19_14_1886439479","state":1},{"key":"CHANNEL_UP","name":"CHANNEL UP","code":"+4606-4522+610-490+608-1618CfEfE-488EdEgEgEgEfEfEfEdEgEdEgEdEgEdEgEfEdEgEdEfEfEfEfEdEfEfEfE-48378+4664-4546+612-1620E","mapping_code":"7_16_14_1886390519","state":1},{"key":"CHANNEL_DOWN","name":"CHANNEL DOWN","code":"+4634-4514+610-490+608-1618EfEfEdE-488EdEgEdEfEfEfEgEgEgEdEfEgEdEgEfEdEgEgEgEfEfEfEgEfEfEfE-48396+4610-4488CfE","mapping_code":"7_17_14_1886423159","state":1}],"_id":"pWGS44KgHRS46fmz"}
