{"category":"TV","brand":"HISENSE","model":"3050","type":1,"version":"1.0","create_date":1695179073196,"protocol":"HISENSE","map_code":[{"key":"0","name":"0","code":"+954-894+1848-830+952d+950dEdFdEdFdEdFdFdFdF-20428E-832+1844-828FdEdFdEdFdFdFdFdFdFdF","mapping_code":"1_0_0_0","state":1},{"key":"1","name":"1","code":"+952-898+954-830+1844d+950dFdFdFdFdFdFdFdF-1722F-19532CdFdEdFdFdFdFdFdFdFdFdFgF","mapping_code":"1_1_0_2049","state":1},{"key":"2","name":"2","code":"+944-902+954-830+1844-828+950d+952dGdHdGdHdGdG-1722E-20472C-840HdEdGdHdGdGdGdGdGdGiE","mapping_code":"1_2_0_2050","state":1},{"key":"3","name":"3","code":"+952-892+1848-830Ad+950dAdEdAdEdEdEdA-1722AdE-19530Ad+1844dEdEdEdAdEdEdEdEdAfAdE","mapping_code":"1_3_0_3","state":1},{"key":"4","name":"4","code":"+976-838+952-830+1844d+950dFdFdFdFdFdF-1722EdF-20472+954-846CdE-828FdCdFdCdFdCdFgE-832F","mapping_code":"1_4_0_2052","state":1},{"key":"5","name":"5","code":"+954-894+1848-830+952d+950dEdFdEdFdEdF-1722+1844gF-19578A-844H-828EkEdFdFdFdFdFdEgHgE","mapping_code":"1_5_0_5","state":1},{"key":"6","name":"6","code":"+952-896+954-830+1844-828Ad+950dAdGdGdGdG-1722GdE-20490+980-838GdEdGdAdGdGdGdGdGhGdE","mapping_code":"1_6_0_2054","state":1},{"key":"7","name":"7","code":"+946-864+1844-830+950dEdEd+952dEdEdEdF-1722FdEdE-19540+954-836C-828EdF-832+948dEdEdEdEdEgEdEdE","mapping_code":"1_7_0_7","state":1},{"key":"8","name":"8","code":"+952-900+954-830+1844-828Ad+950dGdGdAdG-1722EdGdG-20506+980-842GdEdGdGdGdGdGdGhEfAdG","mapping_code":"1_8_0_2056","state":1},{"key":"9","name":"9","code":"+2346-870+1848-846+952-830+950fGfGfEfGfE-1722+1844-832GhG-19568+954-834I-828EnGfGfGfGfGfGhInGhE","mapping_code":"-1_0_0_2848486026","state":1},{"key":"MENU","name":"MENU","code":"+1864-854+952-830+950dCdEdCdEdC-1722+1844dEfG-20484+1848-840CdEdCdEdCdEdCfG-828CfG","mapping_code":"23_82_0_4114","state":1},{"key":"UP","name":"UP","code":"+996-860+954-830+1844-828+950dGdGdGdG-1722E-832GhE-20426CdGdEdGd+952dGdKdGhEdGhE","mapping_code":"1_18_0_2066","state":1},{"key":"DOWN","name":"DOWN","code":"+952-898+1846-830+950dAdEdAdEdE-1722+1844dEfEdA-19532A-832GdEdEdEdEdEdEfGdEfEdE","mapping_code":"1_19_0_19","state":1},{"key":"LEFT","name":"LEFT","code":"+946-894+954-830+1844-828+950d+952dGdHdG-1722EiEdG-20430H-834GdEfHdGdGdGdGiEiEfG","mapping_code":"1_20_0_2068","state":1},{"key":"RIGHT","name":"RIGHT","code":"+940-864+1844-830+950d+952-828FdEdEdE-1722ChChE-19532+954dCgFdEdFdEdFdEhChChF","mapping_code":"1_21_0_21","state":1},{"key":"ENTER","name":"ENTER","code":"+1864-1738+1844-832+952-830+950fGfG-1722GfGfChC-20428+1846-1726JfGfGfEfGhGfEfChC","mapping_code":"23_122_0_6202","state":1},{"key":"VOLUME_UP","name":"VOLUME UP","code":"+940-864+952-830+1844-828+950dCdGdCdG-1722EfGdGdG-20506+980-844GdEdGdCdGdGdGhE-832GdCdG","mapping_code":"1_16_0_2064","state":1},{"key":"VOLUME_DOWN","name":"VOLUME DOWN","code":"+946-902+1844-828+952-830+950fEfGfEfG-1722CdGfGhG-19574+954-842CfGfGfGfGfGfGhCdGfGhG","mapping_code":"1_17_0_17","state":1},{"key":"CHANNEL_UP","name":"CHANNEL UP","code":"+954-890+948-832+1844-830+950fGfGfG-1722EfGfGf+952fG-20428IdGfEfGfGfGfGhEfGfIfGfI","mapping_code":"1_32_0_2080","state":1},{"key":"CHANNEL_DOWN","name":"CHANNEL DOWN","code":"+952-900+1846-830+950dAdEdAdE-1722+1844-828EdAdEfE-19532A-832GdEdEdEdEdEfGdEdEdEfE","mapping_code":"1_33_0_33","state":1},{"key":"MUTE","name":"MUTE","code":"+954-896+1848-830+952d+950dEdFdEdFdE-1722Ed+1844gE-19588A-850HdFdEdFdFdFdEjFgFdHgF","mapping_code":"1_13_0_13","state":1},{"key":"INPUT","name":"INPUT","code":"+954-884A-832+1844-828+950-830+952gFgH-1722FgFgDeHgF-20424HgHgDgFgHgFgFiFgFgDgFgF","mapping_code":"1_56_0_2104","state":1},{"key":"EXIT","name":"EXIT","code":"+1874-852+952-830+950dCdEdCdE-1722EdCd+1844fG-20454+1848-836CdEdCdEdEdEfEdEdGf+1846","mapping_code":"23_122_0_4154","state":1},{"key":"LAST","name":"LAST","code":"+946-894+1846-830+952d+950dEdFdE-1722+1844dFdFgH-20472+954-846HdFdEdFdEdFgH-828FdFgH","mapping_code":"1_34_0_34","state":1},{"key":"DISPLAY","name":"DISPLAY","code":"+952-896+954-832+1844-830+950fAfGfGfGfG-1722GfGfAfG-19536AdGfE-828AfGfAfGfGfGhGfAfGfG","mapping_code":"1_15_0_2063","state":1}],"_id":"3WCggVZqRiBuTq31"}
