{"category":"TV","brand":"HISENSE","model":"3054","type":1,"version":"1.0","create_date":1695181082579,"protocol":"HISENSE","map_code":[{"key":"0","name":"0","code":"+946-864+1844-828+952-830+950fEfGfEfGfEfGfEfGfG-20474+954-840CdEfGfEfGfEfGfGfGfGfG-832+948","mapping_code":"1_0_0_0","state":1},{"key":"1","name":"1","code":"+1006-908+954-832+1844-828+952-830+950hGhIhGhIhGhId+948-1722G-19594+980-838IhEfGhIhGhIhGhIhIhIhGkG","mapping_code":"1_1_0_2049","state":1},{"key":"2","name":"2","code":"+1002-854+1846-830+950d+952dEdFdEdFdEdEdE-1722+1844-20518+980-856H-828FdEdFdEdEdEdFdEdFgH","mapping_code":"1_2_0_2","state":1},{"key":"3","name":"3","code":"+952-894+954-832+1844-830+950fAfGfAfGfAfGfG-1722GfG-19642+980-846GfEfGfAfGfGfGfGfGd+948hGfG","mapping_code":"1_3_0_2051","state":1},{"key":"4","name":"4","code":"+968-840+1844-828+952-830+950-850EfGfEfGfEfG-1722C-832E-20488+954-846CfGfGfGfGfGfGfEfGiCdG","mapping_code":"1_4_0_4","state":1},{"key":"5","name":"5","code":"+980-924+954-834+1844-828+950-830Gh+952hGhIfIhG-1722E-1724G-19620A-842GhEfIhGhIhGhIhGhIjEjI","mapping_code":"1_5_0_2053","state":1},{"key":"6","name":"6","code":"+946-864+1846-828+950-830+952fEfGfEfGfEfG-1722Gf+1844-20470+954-846IfEfGfEfEfEfK-826EfEhGfI","mapping_code":"1_6_0_6","state":1},{"key":"7","name":"7","code":"+1056-886+954-834+1844-830+950f+952fGfHfGfHfG-1722GfGfG-19536H-838GfE-828HfGfGfGfGfGfGiGfGfH","mapping_code":"1_7_0_2055","state":1},{"key":"8","name":"8","code":"+1058-886+1848-832+950-830+952-828GfGhGfEfG-1722+1844fEfE-20428GdJfEfGfEfGfEfGfEiJhEfE","mapping_code":"1_8_0_8","state":1},{"key":"9","name":"9","code":"+1030-868+954-832+1844-830+950fGf+952fH-828HfG-1722EiHjH-19578C-842HfEiGfGfGfGfG-834+946jEiGjG","mapping_code":"1_9_0_2057","state":1},{"key":"MUTE","name":"MUTE","code":"+950-890+1846-830Ad+952dAdEdAdAdA-1722AdC-1720E-19596+954-846+1844-828AdAdEdAdAdEdAfAdKfE","mapping_code":"1_13_0_13","state":1},{"key":"INPUT","name":"INPUT","code":"+1026-866+954-832+1844-828+952-830+950hGhI-1722IhIhEfIhI-20424GdIhEfGhIhGhIjIhGhEfIhG","mapping_code":"1_56_0_2104","state":1},{"key":"EXIT","name":"EXIT","code":"+1874-862+952-830+950dCdEdCdE-1722+1844fEdEdEdE-19594+1848-848CdEdCdEdCdEfGfEdCdEdE","mapping_code":"23_111_0_4143","state":1},{"key":"LAST","name":"LAST","code":"+1024-898+954-832+1844-830+950fGf+956-826G-1722E-828+952fGjE-20484L-852LfEkGfLfGfLjEfGfGjE","mapping_code":"1_34_0_2082","state":1},{"key":"DISPLAY","name":"DISPLAY","code":"+1130-890+1848-832+952-828E-830+950gEgHgHdH-1722HgHgHgE-19592+954-846+1844fHgEgHgEgHgEgHiHgHgHgE","mapping_code":"1_15_0_15","state":1},{"key":"RED","name":"RED","code":"+1896-1746+1846-834+950-830+952fEfG-1722+1844hIhEfG-19638+1874-1732I-832GfEfGfEhIhChEfG","mapping_code":"23_107_0_6187","state":1},{"key":"GREEN","name":"GREEN","code":"+1874-848+950-830+952dCdEdCdE-1722+1844fE-832G-828C-20480+1848-840EdCdEdCdEdCfGf+954dGiE","mapping_code":"23_108_0_4140","state":1},{"key":"BLUE","name":"BLUE","code":"+1874-1744+1844-832+952-830+950fGfG-1722C-1726GfEfC-20424+1848i+1846dEfGfGfGhChEfGfC","mapping_code":"23_110_0_6190","state":1},{"key":"YELLOW","name":"YELLOW","code":"+1874-858+950-830+952dCdEdCdE-1722+1844fEdG-1720E-19582+1848-846CdCdCdCdEdCfGfE-828GhE","mapping_code":"23_109_0_4141","state":1},{"key":"POWER","name":"POWER","code":"+1080-906+1848-832+950-830+952fEfEfGfEfG-1722Gf+1844-828E-20466+954-842IfEfEfGfEfGfEfGhGfIjE","mapping_code":"1_12_0_12","state":1},{"key":"MENU","name":"MENU","code":"+1868-1734+1846-834+950-830EfEfEf+952-1722+1844fEhI-20478+1848-1754I-832GfEfGfEfEhI-828GhI","mapping_code":"23_82_0_6162","state":1},{"key":"UP","name":"UP","code":"+1896-852+954-826+952-830E-828Ef+950fHfH-1722+1844gEfHfE-20514+1876-842EfHfEfHfEfHfEiJfHfHfE","mapping_code":"23_80_0_4112","state":1},{"key":"DOWN","name":"DOWN","code":"+1874-1736+1844-832+952-830+950fEfGfG-1722CdEfGhG-19598+1876-1732CdGfEfGfEfGhCd+954-826GhG","mapping_code":"23_81_0_6161","state":1},{"key":"LEFT","name":"LEFT","code":"+1844-864+950-830+952dCdEdCdEdC-1722AfAfE-19528+1850-826EdCdEdCdCdCdCfAfA-1724C","mapping_code":"23_85_0_4117","state":1},{"key":"RIGHT","name":"RIGHT","code":"+1864-1738+1844-832+952-830+950fEfGfE-1722C-1724EfC-20472+1848bCd+954-826GfEfGfEhChGfC","mapping_code":"23_86_0_6166","state":1},{"key":"ENTER","name":"ENTER","code":"+1838-862+950-830+952dCdEdCdEdC-1722+1844fCdCdC-19576+1848-846EdCdEdCdCdCdCfGfCdEdC","mapping_code":"23_87_0_4119","state":1}],"_id":"14kexrHtHIvrvVcT"}
