{"category":"TV","brand":"HISENSE","model":"3188","type":1,"version":"1.0","create_date":1695199299466,"protocol":"HISENSE","map_code":[{"key":"0","name":"0","code":"+4606-4522+608-490+606-1620EdEfEdEdEdEdCdEfEdEfEdEdEdEdEdEdEdEdEdEdEdEdEfEfEfC-1618CfEfEfEfC","mapping_code":"7_0_10_1347420415","state":1},{"key":"1","name":"1","code":"+4598-4520+610-492+606-1618+608-490E-1620GhEhEhGhEhEiEhEiGhEhEhEhEiEh+628hEhEhEhEhEhEhEiEiEiEiGfGiEiE","mapping_code":"7_1_10_1347453055","state":1},{"key":"2","name":"2","code":"+4606-4526+610-494+606-1620E-490EfEgEgEgEgEgEfEgEfEgEgEgEgEgEfEgEgEgEgEgEgE-1618+608gEfEfEfEfEfEfI","mapping_code":"7_2_10_1347436735","state":1},{"key":"3","name":"3","code":"+4604-4520+610-492+606-1620+608-490EfEhEhC-488EhEhEfEhEfEhEhEhEhEfGfEhEhEhEhEhEhEhEhEfG-1618GfEfE-1624+602fG","mapping_code":"7_3_10_1347469375","state":1},{"key":"4","name":"4","code":"+4606-4516+606-490C-1618+608dFeFdCdCdFdCdCeFdFeFdCdCdCdCdCdC-1620+636-500CdCdCdCdCgCgCdCgCgCgFeFeF","mapping_code":"7_4_10_1347428575","state":1},{"key":"5","name":"5","code":"+4608-4516+608-490+606-1620CdEfEdEdCdEdEdEfEdEfEdEdEdEdEfCdEfEdEdEdEdEdEdEfEdE-1618CfEfEfEfC","mapping_code":"7_5_10_1347461215","state":1},{"key":"6","name":"6","code":"+4606-4522+608-494C-1618C-490+606-1620CfGfGfGfGfGhCfGhGfGfGfGfGfGhGhCfGfGfGfGfGhCfGfGhGhGhCeChG","mapping_code":"7_6_10_1347444895","state":1},{"key":"7","name":"7","code":"+4604-4522+606-490C-1620CdCeCdCdCdCdCdCeCdCeCdCdCdCdCeCe+608-1618FdCdCdCdCdCdCdCdCeFeCeCeCeC","mapping_code":"7_7_10_1347477535","state":1},{"key":"8","name":"8","code":"+4606-4520+610-492+608-1618E-490EfEg+606gHgHgHgH-1620EgHiHgHgHgHgHgHgHgHiEgHgC-486HgHiHiHiEgHiHiEfEfE","mapping_code":"7_8_10_1347424495","state":1},{"key":"9","name":"9","code":"+4608-4516+606-490C-1620CdCeCdCdCdCdCdCe+630dCeCdCdCdCdCe+608dCdCeCdCdCdCdCdCeCeCdCeCeCeCeG","mapping_code":"7_9_10_1347457135","state":1},{"key":"MUTE","name":"MUTE","code":"+4608-4516+606-490C-1618+608dFeFdCdCdFdCdCeFdC-1620FdCdCdCdCgCgCdCgCdCdCdCdCdCdCgFdCgCgFgCgC","mapping_code":"7_11_10_1347473455","state":1},{"key":"INPUT","name":"INPUT","code":"+4604-4520+610-492+606-1620E-490+608-1618HgEgEgEgEgEfEgEiHgEgEgEgEiHgEfEgEfEgEgEgEgEfEgEfEgEfEfEfE","mapping_code":"7_21_10_1347463255","state":1},{"key":"DISPLAY","name":"DISPLAY","code":"+4606-4516+606-490C-1620CdC-1618+608dGdCdCdCdCeCdCfGdCdCdCdCdCfGeCdCeCdCdCdCeGdCdCeCdCfGeCeC","mapping_code":"7_22_10_1347446935","state":1},{"key":"POWER","name":"POWER","code":"+4606-4522+606-490C-1620CdC-1618+608dCdCdCdCdCfGdCeGdCdCdCdCeCeCdCdCeGdCdCdCdCdCeGfGdCeGeCeC","mapping_code":"7_19_10_1347471415","state":1},{"key":"MENU","name":"MENU","code":"+4608-4516+606-490C-1618+608dC-1620CdCdCdCdCdCgCdCeFdCdCdCdCgCdCdCdCgCdCdCdCdCgCgCgCdCgCgCgF","mapping_code":"7_17_10_1347455095","state":1},{"key":"UP","name":"UP","code":"+4632-4516+610-492+606-1620E-490E-1618+608gEgEgEgEgEfEgEfIgEgEgEgEfEfEgEgEgEfEgEgEgEgEfIfEfEgEhIfE","mapping_code":"7_35_10_1347470395","state":1},{"key":"DOWN","name":"DOWN","code":"+4606-4528+610-492+606-1620E-490EfEgEgEgEgEgEfEgEfEgEgEgEgEgEgE-1618+608gEgEfEgEgEfIhIgEfEfIgEfEfI","mapping_code":"7_36_10_1347429595","state":1},{"key":"LEFT","name":"LEFT","code":"+4608-4514+610-492+606-1620E-490EfEgEgEgEgEgEfEgEfEgEgEgEgEgEfEfEgEgEfEgEgEfEgEgEfEf+608gEfEfH","mapping_code":"7_38_10_1347445915","state":1},{"key":"RIGHT","name":"RIGHT","code":"+4608-4516+610-492+606-1620E-490EfEgEgEgEgEgEfEgEfEgEgEgEgEfEgEfEgEgEf+608gEgEgEfEgEfEfEgEfEfE","mapping_code":"7_37_10_1347462235","state":1},{"key":"VOLUME_UP","name":"VOLUME UP","code":"+4608-4516+606-490C-1618+608dC-1620CdCdCdCdCdCgFdCgCdCdCdCdCgCdCgCgCdCdCdCdCdCgCdCdCgCgCgCgC","mapping_code":"7_13_10_1347465295","state":1},{"key":"VOLUME_DOWN","name":"VOLUME DOWN","code":"+4608-4516+606-490C-1620CdCeCdCdCdCdCdCeCdCeCdCdCdCdCdCeCeCeCdCdCdCdCeCdCdCdCeCeCeCeC","mapping_code":"7_14_10_1347448975","state":1},{"key":"CHANNEL_UP","name":"CHANNEL UP","code":"+4606-4528+608-492+606-1620E-490EfEgEgEgEgEgEfEgEfEgEgEgEgEfEfEfEfEgEgEdEgEgEgEgEgEfEfEfEfE","mapping_code":"7_15_10_1347481615","state":1},{"key":"CHANNEL_DOWN","name":"CHANNEL DOWN","code":"+4608-4516+606-490C-1620CdCeCdCdCdCdCdCeCdCeCdCdCdCdCdCdCdCdCeCdCdCdCeCeCeCeCdCeCeCeC","mapping_code":"7_16_10_1347422455","state":1}],"_id":"L4ornHBsTpeWRBsG"}
