{"category":"TV","brand":"HISENSE","model":"3225","type":1,"version":"1.0","create_date":1695178307876,"protocol":"HISENSE","map_code":[{"key":"1","name":"1","code":"+4634-4518+608-1622+606-1620EfE-490E-492EgEhEgEfEfEfEgEhEgEgEgEgEgEfEgEgEhEgEhEfEfEgEfEfEfEfEfE-48402+4608-4530C-504E","mapping_code":"7_4_7_3772784863","state":1},{"key":"2","name":"2","code":"+4656-4512+608-1622+606-1620EfE-490E-492EgEgEgEfEfEfEhEgEhEgEgEfEhEfEhEgEhEgEgEhEfEgEfEfEfEfEfE-48426+4608-4504ChE","mapping_code":"7_5_7_3772817503","state":1},{"key":"3","name":"3","code":"+4630-4502+608-1622+606-1620EfE-490EgEgE-492EgEfEfEfEgEhEgEhEgEhEfEfEgEhEgEgEgEfEgEgEfEfEfEfEfE-48432+4634-4494C-494E","mapping_code":"7_6_7_3772801183","state":1},{"key":"0","name":"0","code":"+4604-4568+608-1634+606-1620EfE-492E-490EgEhEgEfEfEfEgEhEgEhEgEhEgEhEfEgEhEgEhEfEfEfEhEfEfEfEfE-48366+4608-4504EhE","mapping_code":"7_8_7_3772780783","state":1},{"key":"5","name":"5","code":"+4634-4512+610-1622+606-1620EfE-492E-490EgEhEhEfEfEfEhEgEhEgEhEfEgEhEfEhEhEhEhEhEfEfEgEfEfEfEfE-48424+4630-4494EgE","mapping_code":"7_9_7_3772813423","state":1},{"key":"6","name":"6","code":"+4634-4518+608-1622+606-1620EfE-490EgEgEgE-492EfEfEfEhEgEhEgEgEgEfEgEfEgEhEgEgEfEgEfEhEfEfEfEfE-48446A-4502C-494E","mapping_code":"7_10_7_3772797103","state":1},{"key":"7","name":"7","code":"+4634-4516+608-1622+606-1620EfE-490E-492EgEgEgEfEfEfEhEgEhEgEhEgEhEfEfEgEgEgEhEfEfEgEgEfEfEfEfE-48434A-4528+610-1626EfEfEgEgEgEgEgEfEfEfEhEgEhEgEhEgEgEfEfEgEhEgEhEfEfEgEhEfEfEfEfE","mapping_code":"7_12_7_3772788943","state":1},{"key":"8","name":"8","code":"+4608-4520+608-1620+606dEdE-490EfEfEfEfEdEdEdEfE-492EfEgEfEdEfEdEdEg+604gEfEgEgEdEfEfEdEdEdEdE-48438+4634-4500C-494E","mapping_code":"7_13_7_3772821583","state":1},{"key":"9","name":"9","code":"+4634-4508+610-1622+606-1620EfE-490EgEgEgEgEfEfEfE-494+602-492EgEgEgEjEfEfEfEjEgEgEgEfEjEgEgEfEfEfEfE-48436A-4500EjE","mapping_code":"7_14_7_3772805263","state":1},{"key":"POWER","name":"POWER","code":"+4604-4576+610-1634+606-1620EfE-490EgE-492EgEgEfEfEfEhEgEhEgEhEgEfEhEg+608-488EgEhEgEfEhEfEfEfEfEfEfE-48360+4608-4550C-1626EfEfEgEgEgEgEgEfEfEfEgEhEgEhEgEgEfEgEgEgEhEgEhEfEgEfEfEfEfEfEfE","mapping_code":"7_2_7_3772793023","state":1},{"key":"MENU","name":"MENU","code":"+4634-4516+608-1622+606-1620EfE-492E-490EgEhEgEfEfEfEhEhEgEhEhEhEfEgE-1624+602fEhEgEhEfEgEfEhEhEfEfEfE-48450+4632l+634-1644CdEfEhEhEhEgEhEfEfEfEhEgEhEhEhEhEfEhEfEfEgEhEgEfEhEfEgEhEfEfEfE","mapping_code":"7_26_7_3772799143","state":1},{"key":"UP","name":"UP","code":"+4634-4516+608-1622+606-1620EfE-492E-490EgEhEgEfEfEfEhEhEhEhEhEhEhEhEgEhEfEfEgEfEfEfEfEfEhEhEfE-48436+4632-4512+610-1626EfEfEhEhEhEhEgEfEfEfEgEhEgEhEgEhEgEhEgEhEfEfEgEfEfEfEfEfEgEhEfE","mapping_code":"7_96_7_3772778233","state":1},{"key":"DOWN","name":"DOWN","code":"+4634-4506+608-1622+606-1620Ed+604-490EhEhEhG-492EfEfEfEhEiEhEhEhEfEhEhEhEhEfEfEhEiEfEfEfEfEiEhEfE-48430+4636-4496CdEfEfEhEiEhEiEhEfEfEfEhEhEhEhEiEfEhEhEhEhEfEfEiEhEfEfEfEfEhEiEfE","mapping_code":"7_97_7_3772810873","state":1},{"key":"LEFT","name":"LEFT","code":"+4658-4544+608-1622+606-1620EfE-490EgE-492EgEgEfEfEfEgEgEgEgEhEfEgEfEhEgEfEfEgEgEfEgEfEfEhEgEfE-48364+4608-4498EfEfEfEhEgEhEgEhEfEfEfEgEgEhEgEhEfEgEfEhEgEfEfEgEgEfEgEfEfEhEgEfE","mapping_code":"7_101_7_3772819033","state":1},{"key":"RIGHT","name":"RIGHT","code":"+4634-4560+608-1634+606-1620EfE-492E-490EgEhEgEfEfEfEhEhEhEhEhEhEfEhEhEhEfEfEhEfEgEfEfEfEhEgEfE-48370+4608-4516EfEfEfEgEhEgEhEgEfEfEfEgEhEgEhEgEhEfEgEhEgEfEfEhEfEhEfEfEfEgEhEfE","mapping_code":"7_98_7_3772794553","state":1},{"key":"VOLUME_UP","name":"VOLUME UP","code":"+4634-4512+608-1622+606-1620EfE-490EgEgEgEgEfEfEfE-492EgEhEgEhEfEfEfEhEgEgEgEgEgEhEgEfEfEfEfEfE-48442A-4500EfEfEfEgEgEgEgEgEfEfEfEgEhEgEhEgEfEfEfEgEgEgEgEgEgEhEgEfEfEfEfEfE","mapping_code":"7_7_7_3772833823","state":1},{"key":"VOLUME_DOWN","name":"VOLUME DOWN","code":"+4660-4558+608-1630+606-1620EfC-490EgEgEgC-500EfEfEfE-492EgEiEgEiEfEfEiEfEgEiEgEiEgEiEfEgEfEfEfEfE-48358+4606-4488EfEfEfEgEgEgEgEgEfEfEfEgEiEgEiEgEfEfEgEfEiEgEiEgEiEgEfEiEfEfEfEfE","mapping_code":"7_11_7_3772829743","state":1},{"key":"CHANNEL_UP","name":"CHANNEL UP","code":"+4604-4520+608-1622+606-1620EfE-490EgEgEgEgEfEfEfEgEgEgE-492EgEhEfEgEhEfEgEgEgEfEhEfEfEhEfEfEfE-48418+4682-4516ChE","mapping_code":"7_18_7_3772795063","state":1},{"key":"CHANNEL_DOWN","name":"CHANNEL DOWN","code":"+4660-4536+608-1622+606-1620EfE-492E-490EgEhEgEfEfEfEgEhEgEhEgEhEhEhEgEfEhEg+604hEfEfEfEfEhEfEfEfE-48360+4608-4496EfEfEfEhEgEhEgEhEfEfEfEhEgEgIgEhEhEh+610-486EhEfEgEhEhEfEfEfEfEgEfEfEfE","mapping_code":"7_16_7_3772778743","state":1},{"key":"MUTE","name":"MUTE","code":"+4634-4520+608-1626+606-1620EfE-490EgEgEgE-492EfEfEfEhEgEhEgEhEf+610-1616EfEfEhEgEhEgEgEgEgEgEfEfEfEfE-48446A-4504EhE","mapping_code":"7_15_7_3772837903","state":1},{"key":"INPUT","name":"INPUT","code":"+4630-4512+608-1622+606-1620EfE-490EgE-492EgEhEfEfEfEhEgEgEgEgEfEgEgEgEgEgEgEgEgEfEfEfEfEfEfEfE-48434+4634-4498EfEfEfEgEgEhEgEhEfEfEfEhEgEhEgEhEfEgEhEgEhEgEgEgEhEfEfEfEfEfEfEfE","mapping_code":"7_1_7_3772809343","state":1},{"key":"LAST","name":"LAST","code":"+4634-4510+608-1622C-1618+606-1620F-492F-490FhFiFiFgFgFgFiFhFiFiFiFgFgFiFhFgFiFhFiFhFiFgFgFiFgFgFgF-48432A-4496C-494F","mapping_code":"7_19_7_3772827703","state":1},{"key":"DISPLAY","name":"DISPLAY","code":"+4632-4516+608-1622+606-1620EfE-490EgEgE-492EgEfEfEfEgEhEgEhEgEfEfEfEfEfE-494+602hEgEgEgEgEgEgEfEfEfE-48440+4634-4500ChE","mapping_code":"7_31_7_3772839943","state":1}],"_id":"GI9RfF9gOw9TTDJH"}
