{"category":"TV","brand":"HISENSE","model":"3632","type":1,"version":"1.0","create_date":1695182847313,"protocol":"HISENSE","map_code":[{"key":"0","name":"0","code":"+8726-4274+586-466+582-1542+584-464EhEhEhEhEhG-4232GfGhGhEfGfGhGhEhG-25388+8648-4244GhEfGhGhEhEhC-460EhE-4236+612-1552CdEhEfGfGhEhEhE","mapping_code":"39_152_64_16536","state":1},{"key":"1","name":"1","code":"+8698-4290+586-464+584-1542Ed+582dEdGdEdGdG-4258C-468GdGdGdGfEdGdGdG-27576+8648-4264C-470GfEdEdGdGdGdEdG-4232EdEdGdEdGfEdEdGdE","mapping_code":"39_8_64_16392","state":1},{"key":"2","name":"2","code":"+8688-4246+584-464C-1542Cd+582dCdFdCdFdF-4234CeCdFdFdFeCdFdFdC-26470+8648-4244CdFeCdCdFdCdFdCdF-4524C-1560+586-470FdFdF-1544CdFdFdC","mapping_code":"39_136_64_16520","state":1},{"key":"3","name":"3","code":"+8696-4248+584-464C-1542Cd+582dFdFdFdFdF-4232+586-466FeCdFdC-1540CdCdFdC-26506+8648-4250HdCeCdFdF-468+578dFdFdF-4234CdFeCdCdFeCdCdFdC","mapping_code":"39_72_64_16456","state":1},{"key":"4","name":"4","code":"+8694-4248+584-464C-1542Cd+582dCdFdCdFdC-4232CeCeCdFdFeCdFdFdF-25390+8648-4244CdFeCdCdFdFdFdFdF-4508C-1566+586-1548CdFdFeCdFdFdF","mapping_code":"39_200_64_16584","state":1},{"key":"5","name":"5","code":"+8670-4266+586-466+584-1542E-464+582gHgHgHgEgH-4232Ed+580gEfEgHfEgHgEgH-26470+8674-4258EgEfEgHgEgHgHgHgHiEgHgHfEgHfEgHgHgH","mapping_code":"39_40_64_16424","state":1},{"key":"6","name":"6","code":"+8670-4370+610-468+584-1550+586-466E-464+582iJiJiJiJ-4232E-1542EiElEiJlEiEiJiE-25388+8648-4240GhJlEiJh+580iJiJiEiJ-4234G-1554EiJlEiJlEiJiJiJ","mapping_code":"39_168_64_16552","state":1},{"key":"7","name":"7","code":"+8696-4288+586-466+582-1542+584-464EhGhEhEhEhE-4234GhEfGfGhGfGhEhEhE-25396+8650-4240ChG-1546+580hEhEhEhEhEhE-4232GhEfGfGhGfGhEhG-480G","mapping_code":"39_104_64_16488","state":1},{"key":"8","name":"8","code":"+8674-4252+586-466+582-1542+584-464GhEhGhEhGhE-4232GfGfGfGhEfGhEhEhE-24308+8648-4240CdEfGhEhEhEhEhEhEiGfGfGfGhEfGhEhEhE","mapping_code":"39_232_64_16616","state":1},{"key":"9","name":"9","code":"+8670-4270+584-464+582-1542CdEdEdCdEdCdE-4232CdCdEdCfCfCdEdEdE-26470+8698-4302+586dCfCdEdEdEdEdEdE-4234EdEdCdEfCfCdEdEdC","mapping_code":"39_24_64_16408","state":1},{"key":"MUTE","name":"MUTE","code":"+8700-4270+586-466+582-1542+584-464GhEhEhGhEhE-4232C-1544GhEhEfGhEhEhEhE-26470+8648-4254CdEfGhGhEhGhEhEhEiGfGhEhEfGhEhEhEhE","mapping_code":"39_144_64_16528","state":1},{"key":"LAST","name":"LAST","code":"+8720-4264+586-464+584-1542Ed+582dEdGdGdGdG-4248C-470GfEdGfEdEdGdGdG-26470+8648-4242CdEfEdGdGdGdEdGdE-4232EdGfC-462GfEdGdG-484GdE","mapping_code":"39_80_64_16464","state":1},{"key":"VIDEO_SYSTEM","name":"VIDEO SYSTEM","code":"+8670-4270+584-464C-1542Cd+582dFdFdFdFdF-4234F-1544CdFeCeCdCdFdFdF-25418+8702-4264+586-466CeCdFdCdFdCdFdFgCeCdFeCeCdFdFdFdF","mapping_code":"39_176_64_16560","state":1},{"key":"POWER","name":"POWER","code":"+8696-4250+586-466+582-1542+584-464EhEhEhEhEhG-4232ChGfGfGfGhEhEhEhE-25388+8648-4242GdEfGhEhEhEhEhEhE-4234GhEfGfGfGhEhEhGhE","mapping_code":"39_112_64_16496","state":1},{"key":"MENU","name":"MENU","code":"+8700-4262+586-464+584-1542Ed+582dGdGdGdGdG-4522+612-478CjC-484C-1600C-1554EdGfEdG-25392+8648-4240C-466GfEdGdGdGdGdGdE-4232EdGdGdGfEfEdGfEdE","mapping_code":"39_26_64_16410","state":1},{"key":"UP","name":"UP","code":"+8724-4270+586-466+582-1542+584-464GhEhEhEhEhE-4232GfGhGhEhEhEhEhEhG-27568+8650-4246CdEfGhGhEhEhEhEhEiGfGhGhEhEhEhGhEhG","mapping_code":"39_128_64_16512","state":1},{"key":"DOWN","name":"DOWN","code":"+8694-4290+586-478+582-1542+584-464EhEhEhEhEhE-4232GhEfGhEhEhEhEhEhE-27552+8648-4242ChE-1544GhEhGhEhGhEhGiGhEfGhEhE-480EhEhEhE","mapping_code":"39_64_64_16448","state":1},{"key":"LEFT","name":"LEFT","code":"+8696-4246+584-464+582-1544EdCdEdEdEdCdE-4234+586-502H-482H-1550CdEdEdEdEdE-27552+8648-4244CdE-1542CdEdEdCdEdCdE-4232CdEdEoCdEdEdCdEdC","mapping_code":"39_32_64_16416","state":1},{"key":"RIGHT","name":"RIGHT","code":"+8700-4286+586-470+582-1542+584-464GhEhGhEhEhE-4232GfGfGhEhEhGhEhGhE-26470+8672-4242GhEfGhEhEhEhGhEhGiGfGfGhEhEhEhEhEhE","mapping_code":"39_192_64_16576","state":1}],"_id":"5waZOp0amqVIRDJj"}
