{"category":"TV","brand":"HISENSE","model":"3967","type":1,"version":"1.0","create_date":1695105914242,"protocol":"HISENSE","map_code":[{"key":"0","name":"0","code":"+9078-4480+604-484C-482C-1602CdCeCeCeCeCfCfCeCfCfCfCfCfCeCdCeCdCfCeCdCeCfCfCfCfCeCfCfCfC-41222+9084-2200+608","mapping_code":"3_16_4_551487735","state":1},{"key":"1","name":"1","code":"+9076-4480+608-484+604-482E-1602EfEfEdEfEdEgEgEfEgEgEgEgEgEgEfEfEfEgEfEfEfEfEgEgEgEfEgEgEgE-41186+9110-2216+606","mapping_code":"3_17_4_551520375","state":1},{"key":"2","name":"2","code":"+9104-4478+608-484+604-482E-1602EfEfEfEfEfEgEgEfEgEgEgEgEgEfEgEdEfEgEfEfEfEg+610-478EgEgEfEgEg+606-1600E-41206+9084-2206E","mapping_code":"3_18_4_551504055","state":1},{"key":"3","name":"3","code":"+9102-4466+608-484+604-482E-1602EdEfEfEfEfEgEgEfEgEgEgEgEgEgEgEfEfEgEdEfEfEfEfEgEgEfEgEgEgE-41236+9080-2212+606","mapping_code":"3_19_4_551536695","state":1},{"key":"4","name":"4","code":"+9078-4504+608-488+604-484E-1602E-482EfEhEfEhEgEgEhEgEgEgEgEgEhEhEgEhEgEhEhEfEgEgEhEgEhEgEgEgE-41198+9104-2196+606","mapping_code":"3_20_4_551495895","state":1},{"key":"5","name":"5","code":"+9106-4462+608-484+604-482E-1602EfEfEdEfEdEgEgEfEgEgEgEgEgEgEdEgEfEgEfE-488+598dEfEgEdEgEd+602gEgEgE-41182+9082-2208+606","mapping_code":"3_21_4_551528535","state":1},{"key":"6","name":"6","code":"+9076-4480+604-484C-482C-1602CdCeCdCeCdCfCfCeCfCfCfCfCfCeCfCfCeCfCdCeCeCfCeCdCfCeCf+606-1600CfC-41202+9084-2200+608","mapping_code":"3_22_4_551512215","state":1},{"key":"7","name":"7","code":"+9092-4502+606-484+604-482E-1602EfEfEfEfEfEgEgEfEgEgEgEgEgEgEgEgEdEgEfEdEfEdEfEdEgEfEgEgEgE-41218+9082-2204E","mapping_code":"3_23_4_551544855","state":1},{"key":"8","name":"8","code":"+9094-4470+606-484+604-482E-1602EfEfEfEdEfEgEgEfEgEgEgEgEgEfEdEfEgEgEfEfEdEgEgEgEdEfEgEgE-1604+602-41230+9082-2200C","mapping_code":"3_24_4_551491815","state":1},{"key":"9","name":"9","code":"+9088-4480+608-484+604dE-1602E-482EgEgEgEgEfEfEdEfEfEfEfEfEfEgEgEfEfEgEgEgEgEfEfEgEdEfEfEfE-41250+9082-2206E","mapping_code":"3_25_4_551524455","state":1},{"key":"POWER","name":"POWER","code":"+9096-4462+606-484+604dE-1602E-482EgEgEgEgEfEfEgEfE-1604+602fEfEfEgEgEgEfEdEgEgEgEfEfEfEgEfEfEfEfE-41202+9084-2204E","mapping_code":"3_8_4_551489775","state":1},{"key":"MUTE","name":"MUTE","code":"+9102-4460+604-482CdC-1602CdCdCdC-484CdCeC-1606+600fCeCeCeCeCeCeCfCdCeCdCdCfCdCfCeCeCdCeCeCeCeC-41218+9084-2204C","mapping_code":"3_9_4_551522415","state":1},{"key":"INPUT","name":"INPUT","code":"+9078-4488+606-484+604-482E-1602EfEdEfEdEfEgEgEfEgEgEgEgEgEgEgEfEgEdEfEdEfEfEfEgEdEgEgEgEgE-41246+9080-2208+608","mapping_code":"3_11_4_551538735","state":1},{"key":"SLEEP","name":"SLEEP","code":"+9106-4464+608-484+604-482E-1602EdEfEfEfEfEgEgEfEgEgEgEgEgEgEgEfEgEgEfEdEfEfEfEgEfEfEgEgEgE-41246+9080-2212E","mapping_code":"3_27_4_551540775","state":1},{"key":"EXIT","name":"EXIT","code":"+9078-4486+608-484+604-482E-1602EfEfEd+602dEfEgEgEfEg+606gEgEgEgEgEfEgEgEfEfEgEfEdEgEfEfEgEgEfEgE-41206+9084-2210C","mapping_code":"3_77_4_551531085","state":1},{"key":"LAST","name":"LAST","code":"+9078-4480+608-484+604dE-1602E-482EdEgEdEgEf+606fEgEfEfEfEfEfEdEfEgEfEfEgEdEgEfEgEfEgEdEfEfEfE-41198+9082-2184C","mapping_code":"3_26_4_551508135","state":1},{"key":"DISPLAY","name":"DISPLAY","code":"+9102-4460+608-484+604-482E-1602EdEfEdEfEdEgEgEfEgEgEgEgEgEfEfEgEg+606fEfEdEfEgEgEdEfEgEgEgEgE-41282+9108-2198E","mapping_code":"3_12_4_551497935","state":1},{"key":"RED","name":"RED","code":"+9102-4460+604-482C-484C-1602CdCeCdCeCdCfCfCdC-1604+602fCfCfCfCdCfCeCdCfCdCfCdCfCeCfCfCdCfCdCfC-41212+9078-2204C","mapping_code":"3_82_4_551504565","state":1},{"key":"GREEN","name":"GREEN","code":"+9134-4486+608-484+604dE-1602E-482EgEgEdEgEfEfEgEfEfEfEfEfEfEfEgEgEfEgEfE-486+600gEdEfEfEgEfEgEfE-41186+9084-2198+606","mapping_code":"3_83_4_551537205","state":1},{"key":"BLUE","name":"BLUE","code":"+9078-4480+604-482C-484C-1602CdCdCdCeCdCfCfCdCfCfCfCfCfCfCdCfCeCfCdCfCdCdCfCdCfCdCfCdCfC-41274+9110-2204C","mapping_code":"3_85_4_551529045","state":1},{"key":"YELLOW","name":"YELLOW","code":"+9068-4474+604-482CdC-1602CdCdCdCdCdCeCeC-484CeCeCeCeCeCdCdCeCdCeCdCeCdCeCeCfCeCdCeCfCeC-41244+9080-2206+606","mapping_code":"3_84_4_551496405","state":1},{"key":"PICTURE_MODE","name":"PICTURE MODE","code":"+9076-4482+608-484+604-482E-1602EdEfEfEfEfEgEgEfEgEgEgEgEgEgEfEgEfEfEfEfEfEfEgEfEgEgEgEgEgE-41182+9082-2190+606","mapping_code":"3_5_4_551526495","state":1},{"key":"GUIDE","name":"GUIDE","code":"+9104-4458+608-484+604-482E-1602EfEfEfEfEfEgEgEf+606-1600EgEgEgEgEfEfEfEdEfEfEgEfEgEgEgEgEgEgEfEgE-41218+9084-2200H","mapping_code":"3_64_4_551486205","state":1},{"key":"ENTER","name":"ENTER","code":"+9078-4480+606-484+604-482EfEfEfEdEfEfE-1602EgEgEgEgEgEfEgEgEfEgEfEgEfEfEfEfEgEfEgEdEgEgEgE-42392+9108-2202C","mapping_code":"3_21_48896_16623703","state":1},{"key":"MENU","name":"MENU","code":"+9104-4506+608-484+604-482E-1602EfEfEfEfEfEgEgEdEgEgEgEgEgEgEgEfEfEdEfEgEfEfEfEgEgEgEgEfEgE-41206+9082-2204E","mapping_code":"3_67_4_551535165","state":1},{"key":"UP","name":"UP","code":"+9078-4482+608-484+604-482E-1602EfEfEdEfEdEgEgEfEgEgEgEgEgEfEgEgEfEgEfEgEfEgEfEfEgEfEgEdEgE-41258+9106-2192E","mapping_code":"3_86_4_551512725","state":1},{"key":"DOWN","name":"DOWN","code":"+9104-4464+606-484+604-482E-1602EdEfEdEfEfEgEgEfEgEgEgEgEgEgEgEgEfEgEfEgEfEfEdEfEgEfEgEfEgE-41202+9082-2206C","mapping_code":"3_87_4_551545365","state":1},{"key":"LEFT","name":"LEFT","code":"+9078-4476+608-484+604dE-1602E-482EgEgEgEgEfEfEgEfEfEfEfEfEgEdEgEfEfEgEfEgEfEfE-1600+606gEdEfEgEfE-41274+9110-2210C","mapping_code":"3_88_4_551492325","state":1},{"key":"RIGHT","name":"RIGHT","code":"+9076-4482+604-484C-482C-1602CeCeCeCeCeCfCfCdCfCfCfCfCfCfCeCeCfCfCeCfCdCeCfCfCdCeCfCeCfC-41282+9110-2206+608","mapping_code":"3_89_4_551524965","state":1},{"key":"VOLUME_UP","name":"VOLUME UP","code":"+9078-4488+606-484+604-482E-1602EfEfEfEfEfEgEgEdEgEgEgEgEgEdEgEfEdEfEfEfEfEgEfEgEgEgEgEgEgE-41272+9108-2200+608","mapping_code":"3_2_4_551502015","state":1},{"key":"VOLUME_DOWN","name":"VOLUME DOWN","code":"+9096-4472+608-484+604-482E-1602EfEfEdEfEdEgEgEfEgEgEgEgEgEgEgEfEfEfEfEfEfEdEfEgEgEgEgEgEgE-41188+9082-2206C","mapping_code":"3_3_4_551534655","state":1},{"key":"CHANNEL_UP","name":"CHANNEL UP","code":"+9078-4532+608-492+604-482E-1602EfEfEfE-484EfEgEgEfEgEgEgEgEgEfEfEfEfEhEfEhEfEgEgEgEgEgEgEgEgE-41244+9082-2206+606","mapping_code":"3_0_4_551485695","state":1},{"key":"CHANNEL_DOWN","name":"CHANNEL DOWN","code":"+9078-4476+608-484+604dE-1602E-482EgEgEdEgEfEfEgEfEfEfEfEfEfEgEdEgEdEgEdEgEdEfEfEfEfEfEfEfE-41280+9110-2204E","mapping_code":"3_1_4_551518335","state":1}],"_id":"Xj3jQmQW9JdIJxlV"}
