{"category":"TV","brand":"HISENSE","model":"517","type":1,"version":"1.0","create_date":1695178086761,"protocol":"HISENSE","map_code":[{"key":"0","name":"0","code":"+9200-4528+610-490+608dEdE-1622CdEdEdEdE-1626+606fCfCdEfCfCfCfEfCdEfCfCfEdEdEdEdEfEdEdEdEfCfCfC-41212+9202-2236+612","mapping_code":"3_29_8_284145735","state":1},{"key":"1","name":"1","code":"+9328-4570+612-500+608-490EfE-1622+610fEfEfEfEgHgHgEfEgHgHgHgEfEgHfEfEgHfEfEfEgE-492+606gHgEfEgHgHgH-41178+9202-2222H","mapping_code":"3_18_8_284117175","state":1},{"key":"2","name":"2","code":"+9200-4512+610-490+608dEdE-1622CdC-488EdEdEfCfCfEdEfCfCfEfCfEdEdEdEfCdEdEdEdEfCfCfEdEfCfCfC-41222+9202-2226C","mapping_code":"3_17_8_284133495","state":1},{"key":"3","name":"3","code":"+9222-4508+612-492+608-490Ef+610-1622GfEfGfEfEhGhGhGfEhGhGhGhGfEfEfEfEhGfEfEfEhEhEhEhGfEhEhEhG-41206+9202-2222G","mapping_code":"3_16_8_284100855","state":1},{"key":"4","name":"4","code":"+9222-4546+612-504+608-490EfE-1622+610fEfEfEfEgHgEgHfEgEgEgEgHfEgEgEfEgHfEfEfEgEfEfEgEfEgEgEgE-41210+9200-2212H","mapping_code":"3_22_8_284125335","state":1},{"key":"5","name":"5","code":"+9198-4514+612-490+608dEdE-1622+610dEdEdEdEfGfGfGdEfGfEfEfGfGdEfEdEfGdEdEdEdEfGdEfGdEfEfEfE-41202+9202-2226E","mapping_code":"3_21_8_284141655","state":1},{"key":"6","name":"6","code":"+9226-4516+612-492+608-490EfE-1622EfEfEfEfEgEg+610gHfEgEgEgEgHfEfEgHfEgEfEfEfEgHgHfEgEfEgHgEgE-41188+9202-2226C","mapping_code":"3_20_8_284109015","state":1},{"key":"7","name":"7","code":"+9252-4534+612-492+608-490EfE-1622+610fEfEfEfEgEgEgHfEgEgEgEgHfEgHfEgHgHfEfEfEgEfEgHfEfEgHgEgE-41150+9358-2236C","mapping_code":"3_26_8_284121255","state":1},{"key":"8","name":"8","code":"+9196-4534+608-490Cd+610dC-1622EdEdCdCdCfEfEfEdCfEfEfEfEfCdCdC-1624+606fCdCdCdCdCfEfEdCdCfEfEfE-41222+9202-2224E","mapping_code":"3_25_8_284137575","state":1},{"key":"9","name":"9","code":"+9198-4534+612-492+608-490EfE-1622+610fEfEfEfEgEgEgEfEgHgHgEgEfEfEfEgHgHfEfEfEgHgHgHfEfEgHgEgE-41206+9202-2216H","mapping_code":"3_24_8_284104935","state":1},{"key":"POWER","name":"POWER","code":"+9222-4510+610-490Cd+608dE-1622CdEdEdEdEfEfCfCdEfEfEfCfE-1628+604fCdEdEdEdEdEdEdEdEfCfCfCfEfEfE-41178+9176-2216+612","mapping_code":"3_3_8_284147775","state":1},{"key":"MENU","name":"MENU","code":"+9222-4512+610-490+608dEdE-1622CdEdEdEdEfCfCfCdEfCfCfCfCdEdEfCdEdEdEdEdEfEfCdEfEfEfEfCfC-41164+9228-2228+612","mapping_code":"3_4_8_284106975","state":1},{"key":"UP","name":"UP","code":"+9200-4514+612-492+608-490EfE-1622+610fEfEfEfEgEgHgHfEgEgEgHgHfEgEfEfEfEfEfEfEgEfEgHgHgEgEgEgE-41178+9222-2226C","mapping_code":"3_2_8_284115135","state":1},{"key":"DOWN","name":"DOWN","code":"+9210-4512+612-494+608-490EfE-1622+610fEfEfEfEgEgEgHfEgHgHgEgEgHfEgEfEfEfEfEfEfEgEfEgHgHgHgEgE-41226+9202-2228H","mapping_code":"3_5_8_284139615","state":1},{"key":"LEFT","name":"LEFT","code":"+9252-4532+610-492+608-490EfE-1622EfEfEfEfEgEgEgCfEgCgCgEgEfEgCgCfEfEfEfEfEgCfEfEgCgCgEgEgE-41144+9464-2220C","mapping_code":"3_6_8_284123295","state":1},{"key":"RIGHT","name":"RIGHT","code":"+9212-4512+612-492+608-490EfE-1622EfEfEfEfEgEg+610gHfEgEgEgEgHgHfEfEfEfEfEfEfEfEgHgHgHgHgEgEgE-41140+9334-2226C","mapping_code":"3_1_8_284131455","state":1},{"key":"ENTER","name":"ENTER","code":"+9224-4514+608-490CdCdC-1622+610dCdCdCdCeFeFeFdCeFeFeFeFeCeCeCeFeFeFeFeCdCdCdCdCdCdCdCdC-41140+9200-2216F","mapping_code":"3_255_8_284163840","state":1},{"key":"MUTE","name":"MUTE","code":"+9188-4518+612-492+608-490EfE-1622+610fEfEfEfEgHgHgHfEgHgHgHgHfEfEfEfEfEfEfEfEgHgHgEgEgEgEgEgH-41188+9198-2212C","mapping_code":"3_0_8_284098815","state":1},{"key":"INPUT","name":"INPUT","code":"+9250-4530+610-492+608-490EfC-1620CfEfEfEfE-1622ChEhEfEhChEhEhEfEfEfEhCfEfEfEfEhChChEfEhChChChC-41142+9198-2214C","mapping_code":"3_8_8_284102895","state":1}],"_id":"S7Y80dg4jxoUXGRC"}
