{"category":"TV","brand":"HISENSE","model":"522","type":1,"version":"1.0","create_date":1695176676921,"protocol":"HISENSE","map_code":[{"key":"0","name":"0","code":"+9222-4516+610-492+608dE-490EfEfE-1622EfEfEgEgCgCgCgCfEgCgCfEfEgCgCgCfEfEfEgEgEfEfEfEgCgCgE-41216+9202-2222C","mapping_code":"3_28_32_83572935","state":1},{"key":"1","name":"1","code":"+9200-4530+612-492+608-490EfEfEfE-1622+610fEfEgHgHgEgEgHfEgEgHfEfEfEfEfEfEfEfEgEgEgHgHgHgHgHgE-41178+9202-2234C","mapping_code":"3_0_32_83558655","state":1},{"key":"2","name":"2","code":"+9224-4518+612-492+608-490EfEf+610fE-1622EfEfGhGhGhGhEhGfEhEhEfEfEfEfEhGfEfEfEhGhGhEhGfEhEhGhG-41194+9198-2200G","mapping_code":"3_16_32_83560695","state":1},{"key":"3","name":"3","code":"+9196-4590+612-500+608-490EfEfEf+610-1622GfEfEhGhGhGhGhGfEhGhGhGfGfEfEhGfEfEfEfEhEhGhGfEhEhGhG-41142+9200-2218G","mapping_code":"3_17_32_83593335","state":1},{"key":"4","name":"4","code":"+9198-4574+638-518+612-496+610-490+608hIhI-1622GhIhIjIjIjIjGjGhIjIjIjIjGhIhIjGhIhIhIhIhIjGjIhIjGjGjI-41152A-2214G","mapping_code":"3_19_32_83609655","state":1},{"key":"5","name":"5","code":"+9222-4554+612-492+608-490EfEfEfE-1622+610fHfEgHgEgEgHgHfEgEgEfEfEgHfEgHfEfEfEgHgHfEgEfEgHgHgH-41148+9200-2238H","mapping_code":"3_20_32_83568855","state":1},{"key":"6","name":"6","code":"+9198-4510+612-492+608-490EfEfEfE-1622+610fEfEgHgHgHgHgEfEgHgHgEfEgHfEgHfEfEfHfEgHfEgEfEgHgHgH-41202+9202-2218H","mapping_code":"3_21_32_83601495","state":1},{"key":"7","name":"7","code":"+9198-4574+612-506+610-490+608fEfGfG-1622EfGfEhEhEhEhEhEfGhEhEhEhEhEfGhEfGfGfGfGfGfGhEfGhGhGhG-41180+9176-2224E","mapping_code":"3_23_32_83617815","state":1},{"key":"8","name":"8","code":"+9226-4538+612-492+608-490Ef+610fEfE-1622GfEfEhGhGhGhGhGfEhGhGfGfEfEhGhGfEfEfEhGhEhEfEfEhEhGhG-41204+9202-2218G","mapping_code":"3_24_32_83564775","state":1},{"key":"9","name":"9","code":"+9222-4566+612-510+608-490EfEfEfE-1622+610fEfEgHgHgHgHgEfEgHgHgHfEfE-1626+606gHfEfEfEfHgHgHfEfEgHgHgH-41156+9198-2216H","mapping_code":"3_25_32_83597415","state":1},{"key":"POWER","name":"POWER","code":"+9200-4516+610-490+608dEdCdEdE-1622CdCdEfCfCfCfCfCdEfCfCfEfCdEfEdEdEdEdEdEdEfCdEfCfCfEfE-41180+9228-2228+612","mapping_code":"3_11_32_83611695","state":1},{"key":"MUTE","name":"MUTE","code":"+9254-4534+612-492+608-490EfEfEfE-1622+610fHfEgHgHgEgEgEfEgHgEfEgHfEgEfEfEfEfEgHfEgEfEgHgHgHgE-41144+9172-2222H","mapping_code":"3_10_32_83579055","state":1},{"key":"INPUT","name":"INPUT","code":"+9198-4514+610-490+608dEdEdEdE-1622CdEdEfEfCfEfCfCdEfEfCfCdEfEfEfEdEdEdEdEfEdEdEdEfCfEfE-41168+9200-2212C","mapping_code":"3_29_32_83605575","state":1},{"key":"LAST","name":"LAST","code":"+9226-4540+612-500+608-490EfEfEfE-1622+610fEfEgHgHgH-1620HgHfEgHgHfEgHgHgHfEfEfEfEgHfEfEfEgEgHgHgH-41188+9172-2226H","mapping_code":"3_14_32_83587215","state":1},{"key":"MENU","name":"MENU","code":"+9222-4510+610-490+608dEdEdEdE-1622CdEdEfCfCfEfEfEdEfCfEdEfCdEfEdEdEfEdEfCdEfEdEfEfEdEfC-41220+9202-2222+614","mapping_code":"3_74_32_83579565","state":1},{"key":"UP","name":"UP","code":"+9226-4542+612-490+610d+608dFdFdF-1622EdFdEgFgEgEgEgEdFgEgEgEgEgEdFdFdFgEdFdFdE-488FgEgEgEdFgF-41144+9196-2214E","mapping_code":"3_71_32_83616285","state":1},{"key":"DOWN","name":"DOWN","code":"+9252-4534+612-490+608dEdEdEd+610-1622FdEdEgFgFgFgFgFdEgFgFgFdEgFgFdEdEgFdEdEgFdFdEgFgFdEgF-41142+9176-2232E","mapping_code":"3_77_32_83604045","state":1},{"key":"LEFT","name":"LEFT","code":"+9224-4512+612-492+608-490EfEfC-486E-1622+610fEfEhIhIhIhIhEfEhIhIhIfEfEhEfEfEhEfEfEhEhIfEhIhEfEhI-41140+9196-2214I","mapping_code":"3_73_32_83595885","state":1},{"key":"RIGHT","name":"RIGHT","code":"+9228-4542+612-492+608-490+610fEfGfE-1622GfEfEhG-1626+604hEhEhGfEhEhEhGhGfEhEfEfEhEfEfGfEhGfEhGhGfEhE-41142+9198-2214G","mapping_code":"3_75_32_83612205","state":1},{"key":"ENTER","name":"ENTER","code":"+9200-4518+610-490+608dEdEdEdE-1622EdEdEfEfEfCfCfCdEfCfCdEfEdEdEfCdEdEdEfCdEfEfCdEfEfEfE-41144+9202-2228C","mapping_code":"3_18_32_83577015","state":1}],"_id":"baZI7kuPghfI8L1W"}
