{"category":"TV","brand":"HISENSE","model":"547","type":1,"version":"1.0","create_date":1695112002413,"protocol":"HISENSE","map_code":[{"key":"0","name":"0","code":"+9198-4516+608-494+606-492C-1624CfEfEfEfEfEgEgCfEgEgEgEgEgCfEfEfEfEgEfEfEfEgEgEgEgEfEgEgEgE-42758+9200-2232C","mapping_code":"3_16_4_551487735","state":1},{"key":"1","name":"1","code":"+9198-4526+610-494+606-492E-1624+608fEfEfEfEfEgEgEfEgEgEgEgEgEgHfEfHfEgEfEfEfHfEgEgEgEfEgEgEgE-42720A-2220H","mapping_code":"3_17_4_551520375","state":1},{"key":"2","name":"2","code":"+9198-4516+608-494+606-492E-1624CfEfCfEfEfEgEgEfEgCgCgEgEgEfEgCfEfEgCfEfEfEgCfEgCgEfEgCgEgE-42766+9222-2214C","mapping_code":"3_18_4_551504055","state":1},{"key":"3","name":"3","code":"+9198-4524+610-496+608-492+606-1624GfEfGfEfGfGhEhEfGhEhEhEhEhGhGhGfGfGhGfGfGfGfGfGhEhEfGhGhEhE-42762A-2234C","mapping_code":"3_19_4_551536695","state":1},{"key":"4","name":"4","code":"+9198-4514+610-492+608d+606-1624FdFdFdFdFdEgEgEdFgEgEgEgFgEdFdFgFdEgFdFdEdFgFgFdFgFdEgEgEgE-42758A-2228C","mapping_code":"3_20_4_551495895","state":1},{"key":"5","name":"5","code":"+9198-4532+608-498C-492+606-1624FeCeFeCeFeCgCgCeFgFgCgCgCgFgFeFgCeFgFeFeFeFeFgF-496+604gFeFgCgCgC-42768+9200-2230+610","mapping_code":"3_21_4_551528535","state":1},{"key":"6","name":"6","code":"+9190-4516+606-492CdC-1624CdCdCdCdCdCeCeCd+608eFeFeFeCeCdCeFeFdCeCdCdCdCeCdFdCeC-496+602eFeFeF-42734+9200-2220+610","mapping_code":"3_22_4_551512215","state":1},{"key":"7","name":"7","code":"+9198-4512+610-494+606-492+608-1624GfEfEfEfC-488EhEhEfEhEhEhEhEhGhGhGhEfEhEfEfEfEfGfEfEhGfEhEhEhE-42768+9200-2232C","mapping_code":"3_23_4_551544855","state":1},{"key":"8","name":"8","code":"+9196-4530+610-500+606-492E-1624EfEfEfEfEfEg+608gHfEgHgHgHgHgHfEfEfEgHgEfEfHfEgEgEgEfEfEgEgHgH-42756A-2234C","mapping_code":"3_24_4_551491815","state":1},{"key":"9","name":"9","code":"+9186-4580+610-506+606-492+608-1624GfEfEfEfEfEhEhC-488EhGhGhGhEhEhE-512+604fEhGhGfGfEfEfEhGhEfEfEhEhEhE-42696+9198-2232G","mapping_code":"3_25_4_551524455","state":1},{"key":"MUTE","name":"MUTE","code":"+9198-4512+610-494+606-492E-1624+608fEfHfEfEfEgEgEfEgHgHgEgEgEgEfEfEgEfEfEfEfEfEgEgEfEgHgHgHgH-42684A-2230C","mapping_code":"3_9_4_551522415","state":1},{"key":"INPUT","name":"INPUT","code":"+9198-4558+610-502+606-492+608-1624GfEfEfEfEfEhEhGfEhEhEhEhGhGhGhGfEhGfEfEfEfEfEfEhEfEhEhEhEhE-42698+9196-2216C","mapping_code":"3_11_4_551538735","state":1},{"key":"REWIND","name":"REWIND","code":"+9218-4560+608-494+606-492E-1624CfEfEfEfEfEgCgCfEgEgEgEgCgCgCgEgEgEfEfEgEfEfEfEfEfEgCgCfEgC-42748+9200-2230C","mapping_code":"3_79_4_551547405","state":1},{"key":"PLAY","name":"PLAY","code":"+9198-4526+610-500+608-492+606-1624GfGfGfGfGfEhEhEfGhGhEhEhEhEfEhEfGfGfGfGhEfGhGfGhGhGhGhGfGhE-42682+9196-2214E","mapping_code":"3_66_4_551502525","state":1},{"key":"STOP","name":"STOP","code":"+9198-4560+610-502+606-492E-1624EfEfEfEfEfEg+608gEfHgHgHgHgEgEfEgHgHgEfHfEgEfEgHfEfEfEgEgEfEgH-42738+9220-2230C","mapping_code":"3_78_4_551514765","state":1},{"key":"INFO","name":"INFO","code":"+9196-4518+610-494+606-492+608-1624GfEfGfEfEfEhEhEfEhGhGhEhEhEfEfEhEhGfEfEfEfEhGhGfEfEhGhGhGhE-42768+9200-2230C","mapping_code":"3_12_4_551497935","state":1},{"key":"SLEEP","name":"SLEEP","code":"+9198-4570+610-502+606-492+608-1624GfEfEfEfEfEhEhGfEhEhEhEhGhEhEhGfEhEhGfEfGfEfGfEhEfEfEhEhEhE-42708+9196-2220E","mapping_code":"3_27_4_551540775","state":1},{"key":"EXIT","name":"EXIT","code":"+9198-4518+608-492+606dC-1624CdEdEdEdEdEfEfEdEfCfEfEfEfEfEdEfEfEdEdEfEdEdEfCdEdCfEfCdEfE-42774+9222-2216+610","mapping_code":"3_77_4_551531085","state":1},{"key":"LAST","name":"LAST","code":"+9224-4566+610-494+606-492E-1624+608fEfEfEfEfEgHgHfEgEgEgEgEgHfEgEfEgHgHfHfEfEgEfEgEfEfEgEgEgE-42694+9196-2218H","mapping_code":"3_26_4_551508135","state":1},{"key":"POWER","name":"POWER","code":"+9198-4548+610-498+608-492+606-1624GfGfGfEfG-494GhEhGfGhEhEhEhEhGfEfGfEhGfGfGfGfGhGhEhEfGhGhGhEhE-42726+9200-2222E","mapping_code":"3_8_4_551489775","state":1},{"key":"MENU","name":"MENU","code":"+9198-4532+608-494+606-492E-1624CfEfEfEfEfEgEgEfEgCgEgEgEgEgCgCfEfEfEfEgCfEfEfEgEgEgEgCfEgE-42760+9200-2226+610","mapping_code":"3_67_4_551535165","state":1},{"key":"UP","name":"UP","code":"+9216-4536+608-494+606-492E-1624CfEfEfEfEd+604gEgEfEgCgEgEgEgEfEgCgEfCgCfEgEfEgCfEfEgCfEgCfEgE-42688+9172-2228C","mapping_code":"3_86_4_551512725","state":1},{"key":"DOWN","name":"DOWN","code":"+9222-4552+610-508+606-492+608-1624GfEfEfEfEfEhEhEfEhEhEhEhEhGhGhGhGfEhEfEhGfEfEfEfEhEfEhGfEhE-42698+9196-2216G","mapping_code":"3_87_4_551545365","state":1},{"key":"LEFT","name":"LEFT","code":"+9190-4516+606-492Cd+608-1624EdCdEdCdEdCfCfCdCfEfEfCfCfCdCdCdCfEfEdCfCdCfCfCfCdCdCfCdCfC-42698+9196-2216+610","mapping_code":"3_88_4_551492325","state":1},{"key":"RIGHT","name":"RIGHT","code":"+9198-4520+608-494+606-492E-1624CfCfEfEfEfEgCgCfEgEgEgEgC-1640EgEfEfEgEgCfEgEfEfEgEgEfEfEgEfEgC-42700+9196-2204C","mapping_code":"3_89_4_551524965","state":1},{"key":"ENTER","name":"ENTER","code":"+9214-4514+610-494+608-492+606-1624GfEfGfGfGfGhEh+632-490GhGhEhEhEhEfGhEfGhGhGfGhEfEhEfGhGfGfGhGfGhE-42686+9196-2224E","mapping_code":"3_90_4_551508645","state":1},{"key":"VOLUME_UP","name":"VOLUME UP","code":"+9198-4518+608-492+606dE-1624CdEdCdEdEdEfEfEdE-1644CfCfCfCfEdEfCdEdEdEdEdEdEfCdEfEfEfCfCfCfE-42762+9200-2230+610","mapping_code":"3_2_4_551502015","state":1},{"key":"VOLUME_DOWN","name":"VOLUME DOWN","code":"+9222-4530+610-494+608-492+606-1624EfC-488GfGfGfGhGhGfEhEhGhEhGhGhGhEfGfEfGfEfGfEfGfGhEhEhEhEhGhG-42756+9200-2224G","mapping_code":"3_3_4_551534655","state":1},{"key":"CHANNEL_UP","name":"CHANNEL UP","code":"+9198-4514+610-494+608-492+606-1624GfGfGfEfGfG-1644GhEfGhGhGhEhEhGfGfEfGfEfGfGfGfEhEhEhEhEhGhGhGhG-42766+9200-2232E","mapping_code":"3_0_4_551485695","state":1},{"key":"CHANNEL_DOWN","name":"CHANNEL DOWN","code":"+9198-4518+610-498+606-492E-1624+608fHfEfHfEfHgHgHfEgEgEgHgHgHgHfEfEfEfEfEfEfEfEgHgEgEgEgEgHgH-42694+9196-2216H","mapping_code":"3_1_4_551518335","state":1}],"_id":"6c36SUBzWUbpvv7E"}
