{"category":"TV","brand":"HISENSE","model":"567","type":1,"version":"1.0","create_date":1695174087055,"protocol":"HISENSE","map_code":[{"key":"VOLUME_DOWN","name":"VOLUME DOWN","code":"+9214-4552+610-502+608-492E-490EfE-1624Ef+606hEgEhEhEhEhEgEhEfEhEhEfIhEfEhEfEgEfIfEhEfEhEfIhEhEhE-41702+9200-2218E","mapping_code":"3_21_80_183871575","state":1},{"key":"VOLUME_UP","name":"VOLUME UP","code":"+9222-4512+610-494+608-492+612-486E-490E-1624EiEjEfEjEjEjEjEfEjEiEjEfEjEf+606fEjEfKfEfKjEfEjEjEfEjEjEjE-41712+9198-2230E","mapping_code":"3_18_80_183847095","state":1},{"key":"ENTER","name":"ENTER","code":"+9252-4556+610-498+608-490E-492EfE-1624EgEhEg+606hE-1622EhEhEgIhEgEhEhEhEgEgEjEfEhEgEfEgEhEhEgEjEgIhE-41688+9198-2212E","mapping_code":"3_83_80_183880245","state":1},{"key":"RIGHT","name":"RIGHT","code":"+9224-4510+610-494+608-492E-490Ef+606-1624EgEiEfE-1622EiEiEiEfEjEfHiEfEiEfHfEiEiE-1626+604fEiEfHiEiEfEfHfEiE-41666+9174-2222E","mapping_code":"3_114_80_183848625","state":1},{"key":"LEFT","name":"LEFT","code":"+9214-4508+610-494+608-492E-490EfE-1622EgE-1624EfEiEiEiEiEfEiEf+606iEiEiEgEfEiEiEiEfEgEfEiEiEfJfEfJiE-41688+9172-2228E","mapping_code":"3_115_80_183881265","state":1},{"key":"DOWN","name":"DOWN","code":"+9198-4534+608-492C-490CdC-510C-1624CdCgCeCgCgCgCgCd+606gCdCgCgCdCdHdCgCgCgCdHdCgCgCgCdCdHdCgC-41728+9222-2212C","mapping_code":"3_113_80_183864945","state":1},{"key":"UP","name":"UP","code":"+9198-4516+608-492+606dCdEdC-1624CdC-1622C-490CfCfCgCgCdEfCdCfCdEdCdEdCfCfCfCdCgCfCfCfCdCdEdCfC-41722+9200-2214+610","mapping_code":"3_112_80_183832305","state":1},{"key":"0","name":"0","code":"+9222-4516+610-494+606-492+608fG-490G-1624GfGiEhGiGiGiG-1622GhGiGfGiGfEfGiGiGfGhGfGhGiGiGfGfEiGiGjGjG-41718+9200-2220G","mapping_code":"3_12_80_183840975","state":1},{"key":"1","name":"1","code":"+9250-4542+610-492+608-490EfEdE-1622EfE-1624EdEhEhEhEhEdEhEfEhEhEdEhEhEdEfEdEfEd+606hEdEdEhEhEhEhE-41652+9222-2224C","mapping_code":"3_13_80_183873615","state":1},{"key":"2","name":"2","code":"+9200-4568+610-502+608-490E-492EfE-1624EgEhEg+606hEhE-1622EhEgIhEfEhEgIhEhEhEgIgEgIgEhEgIgIgEhEhEhEhE-41662+9198-2218E","mapping_code":"3_14_80_183857295","state":1},{"key":"3","name":"3","code":"+9196-4534+608-492C-490CdCeC-1624CdC-1622Cd+606fCgCgCfCdHfCdCfCfCfCfCfCdCdHdCdHdCdHdCdHfCfCfCfC-41716+9200-2228C","mapping_code":"3_15_80_183889935","state":1},{"key":"4","name":"4","code":"+9210-4514+608-492C-490CdCeC-1624CeCfCdCfCfCfCfCd+606fCdGfCdCdGfCfCfCdCdGdCfCfCdCdGdCfCfCfC-41744+9222-2212C","mapping_code":"3_28_80_183843015","state":1},{"key":"5","name":"5","code":"+9198-4578+610-504+608-492Ef+606fE-1624EfE-1622E-490EhEhEhEhEjEhEfEiEhEfGhEiEhEfGfEfGfEhEfGfEfGhEhEhE-41656+9200-2222E","mapping_code":"3_29_80_183875655","state":1},{"key":"6","name":"6","code":"+9198-4514+608-490C-492Ce+606eC-1624CeCgCeCgCgCgCgCeCgCeCgCeCgCgCgCgCeCeCdC-1628+604eCeCeFeCgCgCgC-41696+9226-2230+610","mapping_code":"3_30_80_183859335","state":1},{"key":"7","name":"7","code":"+9240-4530+610-492+608dE-490EdE-1622EfE-1624EdEgEhEgEhEdEhEd+606hEhEhIhEhEhEdIdEdIdEdIdEdIdEhEhEhE-41646+9198-2250C","mapping_code":"3_31_80_183891975","state":1},{"key":"8","name":"8","code":"+9198-4514+608-490C-492CdCeC-1622CdC-1624CeCgCgCgCgCeCgCe+606gCeCeHgCeCeHeCeHeCgCgCeCfCgCgCgCgC-41724+9200-2224C","mapping_code":"3_4_80_183836895","state":1},{"key":"9","name":"9","code":"+9192-4516+608-490C-492CdCeC-1622CdC-1624CeCgCgCgCgCeCgCe+606gCgCdCgCeCdCeCdCeHeCgCeCgCgCgCgCgC-41708+9200-2226C","mapping_code":"3_5_80_183869535","state":1},{"key":"MUTE","name":"MUTE","code":"+9222-4512+608-490C-492CdCeC-1622Ce+606-1624CeChChCh+610-1636CdChCeChChChCeChCeGeCeGeCeGeChCeChChChChC-41704+9200-2224C","mapping_code":"3_11_80_183881775","state":1},{"key":"INPUT","name":"INPUT","code":"+9214-4508+610-494+608-490E-492EfE-1624E-512+606hEgEhEhEhEhEgEhEgJhEhEfEgEhEgJgEgJgEgJhEhEgEhEhEhEhE-41716+9200-2224E","mapping_code":"3_9_80_183865455","state":1},{"key":"EXIT","name":"EXIT","code":"+9198-4564+610-498+608-492+606fEfE-1622E-490E-1624EfEjEjEjEjEfEjEfGjEfEfGjEfEjEfGjEiEjEjEfEjEfGjEiEjE-41650+9200-2218E","mapping_code":"3_84_80_183839445","state":1},{"key":"LAST","name":"LAST","code":"+9222-4512+610-494+608-490E-492EfE-1624EgE-1622Eg+606hEhEhEhEgJhEgEhEgEhEgJhEhEgEgJgEhEgEhEgJgEhEhEhE-41716+9200-2220C","mapping_code":"3_26_80_183851175","state":1},{"key":"POWER","name":"POWER","code":"+9222-4564+610-502+608-490E-492EfE-1624EgEhEg+606hE-1622EhEhEgIhEgEhEhEhEhEgEhEgEfEgIgEgEfEhEgEhIhEhE-41658+9200-2220E","mapping_code":"3_23_80_183887895","state":1}],"_id":"26m0uK8B6hqMC8uv"}
