{"category":"TV","brand":"HISENSE","model":"587","type":1,"version":"1.0","create_date":1695183853504,"protocol":"HISENSE","map_code":[{"key":"0","name":"0","code":"+4642-4572+612-498+610-490+608fE-1622EfE-488EfGfEfGfEfGhEfEfGfEfGhEfEfGhEfEfGfEfGfEhEhEfGhEhEhEhE","mapping_code":"7_9_8_269521007","state":1},{"key":"1","name":"1","code":"+4640-4530+612-490+610-488Ed+608-1622EdEdGdEdGdEdGdEhEdEdGdGdEdGdEdGdGdGdEdGdGhEhEhEhEhEhEhEhE","mapping_code":"7_0_8_269484287","state":1},{"key":"2","name":"2","code":"+4642-4526+612-490+610d+608dE-1620EdFdEdFdEdFdEdF-1622EdEdFdEdFhEdEdFdFdEdFdFdFdEhEhEhEhEhEhEhE","mapping_code":"7_1_8_269516927","state":1},{"key":"3","name":"3","code":"+4642-4568+614-498+610-488E-490E-1620Eg+608gEgIgEgIgEgI-1622EgEgIgEgIgIjEgIgEgIgEgIgEjEgIjEjEjEjEjEjE","mapping_code":"7_2_8_269500607","state":1},{"key":"4","name":"4","code":"+4642-4568+614-498+610-490+608fE-1622EfGfEfGfEfGfEfGhEfEfGfEfGhEhEfEfGfEfGfEfGfEfGhEhEhEhEhEhE","mapping_code":"7_3_8_269533247","state":1},{"key":"5","name":"5","code":"+4644-4566+614-502+610-488E-490E-1620Eg+608gEgIgEgIgEgI-1622EgEgIgEgIgEgIjEgEgIgEgIgEjEjEgIjEhEjEjEjE","mapping_code":"7_4_8_269492447","state":1},{"key":"6","name":"6","code":"+4642-4522+614-490+610d+608dE-1622EdFdEdFdEdFdEdFgEdEdFdEdFgEdEgEdFdEdFdEdFdEgEdFgEgEgEgEgE","mapping_code":"7_5_8_269525087","state":1},{"key":"8","name":"8","code":"+4642-4554+612-500+608-490+610fE-1622GfGfEfGfEfGfEfG-1620GfEfGfC-486GhGhGhGfGfEfEfGfEfGfEfGhGhGhGhGhG","mapping_code":"7_7_8_269541407","state":1},{"key":"9","name":"9","code":"+4668-4546+612-490+610dE-488E-1622EdEfEdEfEdEfEdE-1620Ed+608dEdIdIdIdIdEgEdEfEdIdEgEgEgEdEgEgEgEgE","mapping_code":"7_8_8_269488367","state":1},{"key":"MUTE","name":"MUTE","code":"+4638-4508+614-490+610dE-488E-1622EdEd+608dEfEdEfEdHgEdEdHdHdEfEdHgEdHgEdEdHdEgEgEdHgEdEgEgEgE","mapping_code":"7_20_8_269494487","state":1},{"key":"INPUT","name":"INPUT","code":"+4634-4546+612-522C-506+610-492+608-1622F-490FjHjFjHjFjHjF-1620FjHjFjHjFiFiFiFiFjHjHjHjHjFjHjHjFiFiFiFiF","mapping_code":"7_15_8_269545487","state":1},{"key":"LAST","name":"LAST","code":"+4642-4524+610-490+608dCdE-1622CdCdEdCdEdCdEdCfCdEdCdEdCdEfCdCfCdEdEdEdEfCdEfCdEfCfCfCfC","mapping_code":"7_10_8_269504687","state":1},{"key":"POWER","name":"POWER","code":"+4642-4528+610-490Cd+608dC-1622CdEdCdEdCdEdCdEfCdEdEdCdEfCfCdEfCdEdEdE-494+604dCdEfCdEfCfCfCfC","mapping_code":"7_11_8_269537327","state":1},{"key":"MENU","name":"MENU","code":"+4642-4524+612-490+610d+608dF-1622EdEdFdEdFdEdFdFgEdFdEdFdEdFdFgEgEgEdFdEdFgEgEdFdFdFgEgEgE","mapping_code":"7_28_8_269498567","state":1},{"key":"UP","name":"UP","code":"+4666-4588+638-494+608-490+610fE-1622GfGfEfGfEfEfEfG-1620GfEfGfEfGhGfEfGfEhGfGfEfGfEhGhGhGfEhGhGhG","mapping_code":"7_17_8_269518967","state":1},{"key":"DOWN","name":"DOWN","code":"+4642-4516+612-492+608-490+610fE-1622G-488GfEfGfEfGfEfGhGfEfGfEfGfEfEfEfEhGfEfGfEhGhGhGhGfEhGhGhG","mapping_code":"7_16_8_269486327","state":1},{"key":"LEFT","name":"LEFT","code":"+4642-4528+610-490+608dCdE-1622CdCdEdCdEdEdEdEfCdEdEdEdEdCfCdCdEfCdCdEdCfCdEfCfCdEfCfCfC","mapping_code":"7_18_8_269502647","state":1},{"key":"RIGHT","name":"RIGHT","code":"+4634-4558+612-500+608-490+610fE-1622GfGfEfGfEfGfEfGhGfEfGfEfGhGhGfEfEhGfG-494+604fGfEfEhEhGfEhGhGhG","mapping_code":"7_19_8_269535287","state":1},{"key":"ENTER","name":"ENTER","code":"+4668-4530+612-490+610d+608dE-1622EdFdEdFdEdFdEdFgEdEdFdEdFdFgEgEdFdEdFdEdFgEdEdFgEgEgEgEgE","mapping_code":"7_6_8_269508767","state":1}],"_id":"dU317FAyMO14STBd"}
