{"category":"TV","brand":"HISENSE","model":"597","type":1,"version":"1.0","create_date":1695193083695,"protocol":"HISENSE","map_code":[{"key":"0","name":"0","code":"+9198-4512+610-494+608-1624Ef+606fEfEfEfEfEfE-492GhGhGhGhGhEhGhEfEhGhEfEhGhGhGfEhGfEfGhEfEfEfE-41218+9200-2232G","mapping_code":"3_18_254_2139113655","state":1},{"key":"1","name":"1","code":"+9250-4620+632-502+606-1624+608fEfEfGfG-1622GfGfG-492GiEiEiEiEiEiEfGiEfGiGiEiGiEiEiEfGiGfGfGfGfGfG-41190+9170-2234G","mapping_code":"3_5_254_2139136095","state":1},{"key":"3","name":"3","code":"+9198-4516+608-492+606-1624CfCfCfCfCfCfCfCdCdEdCdEdCdEdCfCfCfCdEdEdEdEdEdEdEdEfCfCfCfEfE-41210+9200-2220C","mapping_code":"3_7_254_2139152415","state":1},{"key":"4","name":"4","code":"+9196-4516+610-492+608-1624EfEfEfEfEfEf+606fEdGdGdGdGdEdGdGfEdGdGfEdGdGdGdGdGfEfE-494+604fGfGfEfE-41190A-2206E","mapping_code":"3_9_254_2139132015","state":1},{"key":"5","name":"5","code":"+9222-4514+610-494+608-1624EfEfEfEfEf+606fGfG-492GhGhGhGhGhEhGhEfEhGfEhEhGhEhGfGhEfEhGfGfEfEfE-41168+9172-2222E","mapping_code":"3_10_254_2139115695","state":1},{"key":"6","name":"6","code":"+9198-4516+608-492+606-1624CfCfEfCfCfCfCfCdCdEdCdEdEdEdEfCfCdEfCdEdEdCdEdEdEfEdCfCfCfCfE-41170+9172-2222C","mapping_code":"3_11_254_2139148335","state":1},{"key":"7","name":"7","code":"+9198-4514+608-492C-1624Ce+606eCeCeCeFeCeCdFdFdFdCdFdCdFeFdCeCeCdCdFdFdFdFeCdFdCeCeCeCeC-41166+9170-2230C","mapping_code":"3_13_254_2139140175","state":1},{"key":"8","name":"8","code":"+9196-4546+610-494+608-1624EfEfEfEfEfEfEfE-492+606gEgHgEgHgEgHgEfEfEfEgEgHgHgHfEgEgHgEfEfEfEfE-41168+9200-2218E","mapping_code":"3_14_254_2139123855","state":1},{"key":"9","name":"9","code":"+9198-4514+610-492+608-1624EfEfEfEfEfEfEfEd+606dGdGdGdGdGdEfEfEfEfGdGdGdEdGdGdGdGdGfGfEfEfE-41182+9174-2218E","mapping_code":"3_15_254_2139156495","state":1},{"key":"MUTE","name":"MUTE","code":"+9198-4514+608-492C-1624CeCeCeCeCe+606eFeFdFdFdCdFdFdFdFeCdFdFdFdCdFdCdFdCeCeCeCeFeFeFeC-41174+9174-2216C","mapping_code":"3_1_254_2139127935","state":1},{"key":"INPUT","name":"INPUT","code":"+9198-4548+610-498+608-1624EfEfEfEf+606fGfGfE-492GhEhGhEhGhEhGhEhGfGhEfEhGhGhGfGfGhGfEhEfEfEfE-41254+9222-2222E","mapping_code":"3_20_254_2139105495","state":1},{"key":"POWER","name":"POWER","code":"+9198-4516+608-494+606-1624CfEfCfCfCfCfCfE-492CgEgCgEgEgEgEgEgCfCgEgEgEgEgEfEfCgEfCfEfEfCfC-41206A-2216C","mapping_code":"3_4_254_2139103455","state":1},{"key":"MENU","name":"MENU","code":"+9198-4516+606-492+608-1624EfEfCfCfEfEfEfEdCdCdCdCdEdCdCdCfEdEfEfEdCdCdCfCdCfEdEdCfEfEfE-41156+9174-2216E","mapping_code":"3_26_254_2139117735","state":1},{"key":"UP","name":"UP","code":"+9200-4548+610-494+606-1624Ef+608fGfGfGfGfGfE-492EhEhEhEhEhEhEhEfEfGhEfGhGhEhGfGhEhGfGhEfEfGfE-41158+9174-2228C","mapping_code":"3_22_254_2139121815","state":1},{"key":"DOWN","name":"DOWN","code":"+9198-4516+608-492C-1624CeCe+606eCeCeCeCeCdFdFdFdCdFdFdFdFeCeFeCeCdFdFdFeCdFdFdFdFeCeFeC-41188+9196-2284C","mapping_code":"3_30_254_2139125895","state":1},{"key":"LEFT","name":"LEFT","code":"+9200-4514+608-492C-1624+610-1620CeCeCeCeCeCeCd+606dHdHdHdCdHdHeHdHdHeCeCdHdCdHdCeCeCdHdHeCeCeC-41202A-2228C","mapping_code":"3_25_254_2139134055","state":1},{"key":"RIGHT","name":"RIGHT","code":"+9196-4516+610-494+606-1624+608fGfGfGfGfGfGfE-492GhEhGhEhEhGhGfGfGhGfGfGhGhEhEhEhEfEhEhEfEfGfG-41168+9174-2216C","mapping_code":"3_27_254_2139150375","state":1},{"key":"ENTER","name":"ENTER","code":"+9198-4514+608-492C-1624CeCeCeCe+606eFeF-1626FdFdCdFdCdFdCdFdFeCeCdFdCdFdCdFeFdCdFeFeCeCeCeC-41172+9174-2222C","mapping_code":"3_6_254_2139119775","state":1}],"_id":"nvyHG1fDGs79C6un"}
