{"category":"TV","brand":"HISENSE","model":"7664","type":1,"version":"1.0","create_date":1695174322339,"protocol":"HISENSE","map_code":[{"key":"0","name":"0","code":"+3584-1716+476-360C-1198Cd+474eCdFeCdCeCdCe+478-358F-1200CeCdFiCdFeCiCeCeCdCdFdFeCdFiCdFdFeCdCdFdCeCdFdFdCeCdFiCdFdFeCdFdFiFdFeCeC","mapping_code":"5_4048063051_21850_93849083480651","state":1},{"key":"1","name":"1","code":"+3572-1734+478-362+474-1198+476-358GfG-360GfGiEfGiE-1200GiEfGfGiEfGiEjEjGfGfGiEiEiEfGiEfGiEiEfGiGiEiEiEfGfGfGiGiEfGiEiEfGiEiEjGfGi+480-354G","mapping_code":"5_4048056908_21850_93849083474508","state":1},{"key":"2","name":"2","code":"+3608-1730+478-360+476-1198Ed+474fEdGfEdEfEdGfEdEfEfEdEfEdGfE-1200GhEfEdGdEdGfEdGhGdEdGfEdGdGdGhEfEfEfEdGdGfEdGdGfEdGdGdEfEdGdE","mapping_code":"5_4048089668_21850_93849083507268","state":1},{"key":"3","name":"3","code":"+3634-1732+478-362+476-1198E-360+474fEgEfEgHfEgEfEgHfEfEgHfEgEfEfEfEfEgEgHgEfEgHfEgHgHfEgHgHgEgHgEgHgEfEgHfEgHgEfEgHgEgHgH-1200EfE","mapping_code":"5_4048030275_21850_93849083447875","state":1},{"key":"5","name":"5","code":"+3634-1746+478-360+474-1198+476-358GfGdGfGdEfGdGfGdEfGfGdEfGdGfGfGfGfGdG-362+472dE-1200GdEfGdGdEfGdGdEdEdEfGdEdEfGdEfGdEdEfGdGdEdEkGfGfG","mapping_code":"5_4048046663_21850_93849083464263","state":1},{"key":"6","name":"6","code":"+3608-1724+478-362+476-1198E-360+474fEgEfEgHfEgEfE-364+470fEfEgHfEgEfEfEfEfEgEgHgEfEgHfEgHgH-1200HgHgHgHfEfEgEgHfEgHfEgHgHfEgHgHfEfEfEkH","mapping_code":"5_4048079439_21850_93849083497039","state":1},{"key":"7","name":"7","code":"+3578-1732+478-362+476-1198E-360+474fEgEfEgHfEgHfEgEfEfEgH-1200HgHfEfEfEfEgHgHgHfEgEfEgHgHiEgHgEgHgEgHfEgHfEgHiHgHgHiEgHgHgHgEgHfE","mapping_code":"5_4048038465_21850_93849083456065","state":1},{"key":"8","name":"8","code":"+3608-1720+478-362+474-1198+476-360GfGhEfGhGfGhGfGhEfGfGhGfGhE-1200GfGiGfGhEhGhEfGhEfGhEhEfGhGhEhEiGhEfGhEfGhEfGhEhEfGhEhEiGhEhEiG","mapping_code":"5_4048071241_21850_93849083488841","state":1},{"key":"9","name":"9","code":"+3580-1732+478-362+474-1198+476-360GfGhEfGhEfGhEfGhEfGfGhGfGhEfGfGfGfGhEhGhEfGhGfGhEhGfGhEhEhEhEfGfGhGfGhEfGhEhEfGhE-364+470hEfGhEfG","mapping_code":"5_4048054853_21850_93849083472453","state":1},{"key":"MUTE","name":"MUTE","code":"+3660-1746+478-362+474-1198+476-360GfGhEfG-358GfGhGfGhEf+480-1196EhGfGhEfGfGfGfGhEhEhEfGhEfGhGhEfGhGhEhGfGfGfGhE-1200EhEhGhEfGhGhEhGhEhGfGfG","mapping_code":"5_4048087171_21850_93849083504771","state":1},{"key":"INPUT","name":"INPUT","code":"+3608-1726+478-364+476-1198E-360+474-1200EgHfEgEfEgHfEgEfEfEgEfEgHfEfEiEfEgHgHgHiEgHfEgHgHfEgEgHgEfEfEgHgEfEgHgHgHfEgHgHgHgHgHgHfE","mapping_code":"5_4048078977_21850_93849083496577","state":1},{"key":"REWIND","name":"REWIND","code":"+3596-1722+478-362+474-1198+476-360GfGhEfGhGfGhEfGhGfGfGhGfGhEfGfG-1200EiGhEhEhEfGhEiGhEhGfGhEhEhEhEhEhEfGhEhEhEhEhEfGhEhEfGhEhEhE","mapping_code":"5_4048031816_21850_93849083449416","state":1},{"key":"PLAY","name":"PLAY","code":"+3608-1722+478-362+474-1198+476-360GfGhEfGhGfGhEfGhEfGfGhGfGhEfGfG-1200GfGhEhGhEfGhEfGhEhEfGhEhEhEiEhEhEhEhEhEhEhEfGfGhEiGfGhEhGhE","mapping_code":"5_4048060632_21850_93849083478232","state":1},{"key":"FAST_FORWARD","name":"FAST FORWARD","code":"+3636-1746+478-362+474-1198+476-358GfG-360GfGiEfGiGfGiEfGfGiEfGiGfGfGfGfGiGiEiGfGiEfGiEiEfGiGiEiGfGfGfGiGiEiGiEiGiEfGiGiEiGfGfGfG","mapping_code":"5_4048085063_21850_93849083502663","state":1},{"key":"STOP","name":"STOP","code":"+3608-1722+478-362+476-1198E-360+474fEgHfEgHfEgHfEgEfEfEgEfEgEfEfEfEfEgHgHgHfEgHfEgEgHfEgHgEgHgEfEgHgHgHgHgEgH-1200HiEgHiEgHfEgHgH","mapping_code":"5_4048044244_21850_93849083461844","state":1},{"key":"EXIT","name":"EXIT","code":"+3632-1734+478-362+476-1198E-360EfEg+474fEgHfEgEfHgH-1200EfEgEfEgHiHiEfEfEgEgHgEfEgEfEgHgHfEgHgHgHfEgEfEgHfEiEfEfEiHgHgEgHgHgHgHgE","mapping_code":"5_4048072576_21850_93849083490176","state":1},{"key":"RED","name":"RED","code":"+3610-1718+478-362+474-1198+476-360GfGhEfGhGfGhGfGhEfGfGhGfGhE-1200EfGfGfGhEhGhEfGhGfGhEhEfGhEdEhEiEhEhEhEhEhEhC-1196GhEfGhGhEhGhEhGhE","mapping_code":"5_4048060736_21850_93849083478336","state":1},{"key":"GREEN","name":"GREEN","code":"+3608-1720+478-362+474-1198+476-360GfGhEfG-358GfGhGfGhEfGfGhGfGhE-1200GfGfGfGhEhEhGfGhEfGhEhEfGhGhEhGhEfGhGhEhGhEhEjGhEfGhGhEfGfGhEhE","mapping_code":"5_4048044364_21850_93849083461964","state":1},{"key":"BLUE","name":"BLUE","code":"+3580-1730+478-360+476-1198EdEfEd+474fEdEfEdGfEdEfEfEdEfEdGfEfEfEfEdGdEdGfEdEfEdGdGfEdEdGdGdGdGdGdGdGdGdGfEdG-1200EdGdGhGdGdGdG","mapping_code":"5_4048027976_21850_93849083445576","state":1},{"key":"YELLOW","name":"YELLOW","code":"+3608-1718+478-360+476-1198Ed+474-1200GdGfEdEfEdGfEdEfEfEdGfEdGfEfEfEfEdGdGdEfEdGfEdGdGhEdGdEdGfEfEdGdGdGdGdEfEdGfEdGdGdGfEdGdG","mapping_code":"5_4048077124_21850_93849083494724","state":1},{"key":"POWER","name":"POWER","code":"+3608-1720+478-362+474-1198+476-360GfGhEfGhEfGhGfGhEfGfGhGfGhE-1200EiGfGfGhEhEhEfGhEfGhEhEfGhGhEdEhEfGfGhEfGhEhEhEiEhEhGhEfGhEiGfG","mapping_code":"5_4048054411_21850_93849083472011","state":1},{"key":"MENU","name":"MENU","code":"+3608-1716+478-362+474-1198+476-360GfGhEfGhGfGhEfGhEfGfGhGfGhGfGfGfGfGhEhGhEfGhEfGhEhEfGhGhEhGhEhGfGhEhGhE-1200EiEiGhEhGhEhEiGhEhG","mapping_code":"5_4048036740_21850_93849083454340","state":1},{"key":"UP","name":"UP","code":"+3604-1708+478-360+476-1198EdEfEdEfEd+474fEdEfEdGfEfEdGfEdEfEfEfEfEdEdG-364+472fEdGfEdEdGfEdGdGdGfEfEfEdEfEdGfEdGfEdGdGdGdGdGdGfE","mapping_code":"5_4048087681_21850_93849083505281","state":1},{"key":"DOWN","name":"DOWN","code":"+3608-1716+478-360+476-1198EdEfEd+474fEdEfEdGfEdGfEfEdEfEdGfEfE-1200EfEdGdEdGfEdEfEdGdEfEdGdEdGdGdGdEdGdGhEdGdEfEdGdGdGdGdGdEfE","mapping_code":"5_4048028801_21850_93849083446401","state":1},{"key":"LEFT","name":"LEFT","code":"+3600-1720+478-360+476-1198EdEfEd+474-1204+470dEfEdGfEdEfEfEdEfEdGfEfEfE-1200EdGdGdGfEdGfEdGdEfEdGdE-376GfEfEfEdGjEdGfEfEfEdGdGdGdGdGdGdG","mapping_code":"5_4048087936_21850_93849083505536","state":1},{"key":"RIGHT","name":"RIGHT","code":"+3568-1728+478-360+476-1198Ed+474fEdEfEdEfEdGfEdEfEf+480-356GfEdGfEfEfEfEdGdGdEfEdG-1200GdGdGfEdGdGdGdGdGdGjGjEdGfEfEfEdGdGdGfEfEfEfE","mapping_code":"5_4048034703_21850_93849083452303","state":1},{"key":"ENTER","name":"ENTER","code":"+3608-1712+478-360+476-1198Ed+474fEdGfEdEfEdGfEdGfEfEdG-1200EdGfEfEhGhEdGdEdGfEdEfEdGdEfEdGdEdGdGfEdGdGfEdGfEdGfEdGdGdGhEdGfEfE","mapping_code":"5_4048046731_21850_93849083464331","state":1},{"key":"VOLUME_UP","name":"VOLUME UP","code":"+3608-1724+478-362+474-1198+476-358GfG-360GfGiEfGiGfGiEfG-1200GiEfGiGfGfGfGfGiGiEiGfGiEfGiGiEfGiGiEiGiEiGfGiEfGiEiEiC-1196GiEiEiGfGfGfGfG","mapping_code":"5_4048038031_21850_93849083455631","state":1},{"key":"VOLUME_DOWN","name":"VOLUME DOWN","code":"+3608-1720+478-362+474-1198+476-360GfGhGfGhEfGhGfGhEfGfGhEfGhEfGfGfGfGhEhEhGfGhEfGhGhEfGhGhEhGfGhEfGhEfGhEhEhE-1200EhEhEhEhGfEiGfG","mapping_code":"5_4048070791_21850_93849083488391","state":1},{"key":"CHANNEL_UP","name":"CHANNEL UP","code":"+3942-1748+478-364+476-1198E-360EfEg+474fEgEfEgHfEgEfEfEgE-1200HgHfEfEfEiEgHgEgHfEgEfEgHgHfEgHgHgHiHgHgHgHfEgHgHgHiEgHgEgHgHiEgHfE","mapping_code":"5_4048062597_21850_93849083480197","state":1},{"key":"CHANNEL_DOWN","name":"CHANNEL DOWN","code":"+3658-1726+478-360+476-1198Ed+474fEdEfEdGfEdGfEdEfEfEdGfEdGfEfEfEfEdGdGdGfEdEfEdGdG-1200EdGdC-358GdGhEdGdEfEdGdEdGfEdEdGdGfEdGdGfE","mapping_code":"5_4048046217_21850_93849083463817","state":1}],"_id":"gZZsulfZXnCkGyjm"}
