{"category":"TV","brand":"HISENSE","model":"92","type":1,"version":"1.0","create_date":1695097250502,"protocol":"HISENSE","map_code":[{"key":"POWER","name":"POWER","code":"+9186-4514+610-492+608-490EfEfEfEfEfEfE-1620EgC-1618ChChCgEfEhChCfEgChEfEfEfEfEfEgEfEfEgEgEgEgE-41806+9188-2228C","mapping_code":"3_13_48896_16625743","state":1},{"key":"MENU","name":"MENU","code":"+9178-4518+612-492+608-490EfEfEfEfEfEfE-1620+610-1618HiHiHiHiHfEiHfEfEiHfEgEfEfEfEiHgEfHiEfEgEgEgE-41760+9184-2214H","mapping_code":"3_20_48896_16591063","state":1},{"key":"UP","name":"UP","code":"+9188-4508+610-490+608dEdEdEdEdEdEdE-1618CfC-1620EgCfCfCdEgEdEfCfCdEfCdEdEdEgEdEdEgEdEfCfCgE-41744A-2226+612","mapping_code":"3_22_48896_16607383","state":1},{"key":"DOWN","name":"DOWN","code":"+9186-4526+612-492+608-490EfEfEfEfE-506EfE-1618+610hI-1620EjEjEjEfEhIjEjEjEfEhIfEfEfEfEfEfEhIfEjEjEjI-41794+9190-2216I","mapping_code":"3_23_48896_16640023","state":1},{"key":"LEFT","name":"LEFT","code":"+9176-4508+612-490+608dEdEdEdEdEdEdE-1618+610fGfGfG-1620EhEdEfGfGdEdEhEhEdEdEdEdEhEhEdEdEhEhGfG-41726+9242-2234+616","mapping_code":"3_25_48896_16619623","state":1},{"key":"RIGHT","name":"RIGHT","code":"+9186-4508+610-490+608dEdEdEdEdEdEdE-1620EfEfEfC-1618CgCdEfEdEdEdEgCfEdEdEdEfEfEfCdEdEgCgCfE-41736+9184-2202+612","mapping_code":"3_24_48896_16586983","state":1},{"key":"ENTER","name":"ENTER","code":"+9186-4508+612-494+608-490EfEfEfEfEfEfE-1618+610gH-1620EiEiEiEfEiEiEfEgHfEiHfEfEfEfEiHfEiEfEiEiHgH-41772A-2212H","mapping_code":"3_21_48896_16623703","state":1},{"key":"VOLUME_UP","name":"VOLUME UP","code":"+9188-4512+610-490+608dEdEdEdEdEdEdE-1620C-1618CgCgCgCfEdEgCdEdEgCdEdEdEfEdEfEfEdEfCgCfEdEfC-41726+9186-2210+612","mapping_code":"3_68_48896_16589533","state":1},{"key":"VOLUME_DOWN","name":"VOLUME DOWN","code":"+9188-4512+612-492+608-490EfEfEfEfEfEfE-1618+610gH-1620EiEiEiEfEiEiEiEfEfEfEfEiEfEfEfEgH-1622+606iEiEfEgH-41728+9162-2222H","mapping_code":"3_67_48896_16630333","state":1},{"key":"CHANNEL_UP","name":"CHANNEL UP","code":"+9178-4508+612-496+608-490EfEfEfEfEfEfE-1620EgEgEg+610-1618HiHfEgEfEgEfEiHfEfEiHfEgEfEgEfEgHiHfEgE-41794+9212-2218C","mapping_code":"3_74_48896_16601773","state":1},{"key":"CHANNEL_DOWN","name":"CHANNEL DOWN","code":"+9198-4522+612-492+610-488+608-490GhGhGhGhGhG-1620GiE-1618EjEjEjEhGiEjEjEhGiGhGhGiGhGhGhGiGhGiGiEhGiG-41744+9188-2220C","mapping_code":"3_75_48896_16634413","state":1},{"key":"MUTE","name":"MUTE","code":"+9186-4506+610-490+608dEdEdEdEdEdEdE-1618C-1620EgEgEgCfCdEgEdEfCfCgEdEdEdEdEgEdEdEdEgEgCfCfC-41806A-2230+612","mapping_code":"3_14_48896_16609423","state":1},{"key":"INPUT","name":"INPUT","code":"+9184-4502+612-492+608-490EfEfEfEfEfEfE-1630E-1620EhEhEh+610-1618IfEhEfEjIfEfEjIfEfEfEhEfEjIhEfEjIjIhE-41806+9186-2234I","mapping_code":"3_18_48896_16599223","state":1},{"key":"PLAY","name":"PLAY","code":"+9176-4504+612-492+608-490EfEfEfEfEfEfE-1618+610gHgHgHgH-1620EfEgHfEiEiHgHfEfEgHfEgEfEfEfEiEiEfEiE-41756+9186-2212H","mapping_code":"3_78_48896_16609933","state":1},{"key":"INFO","name":"INFO","code":"+9162-4526+608-490CdCdCdCdCdCdCdC-1620Ce+610-1618FgFgFeCdCgFgFdCeCdCeCdCdCeCdCgFdCeCdCeCeCdC-41722A-2212+612","mapping_code":"3_149_48896_16623958","state":1}],"_id":"nCCCdyfUlZDKmLET"}
