{"category":"FAN","brand":"MITSUBISHI","model":"4696","type":1,"version":"1.0","create_date":1692610872657,"protocol":"MITSUBISHI","map_code":[{"key":"POWER","name":"POWER","code":"+3322-1512+436-1110+434-1108E-402Eg+432gEfEgHgEfEfEgEfE-400EgHfEfEiEfEfEiEfEgHgEgHgEgHfEgEgEiEfEgEiEgHgEgHgEgHgEfEfEgEiEfEgEgHgEfEfEgHgEgHgEgHgEgHgEgHgEiEfEgEgHfE","mapping_code":"-1_0_0_1347677566","state":1},{"key":"SWING","name":"SWING","code":"+3302-1530+434-1110C-1108C-446C-402+432gCeCgHgCeCeCgCeC-400CgCeCeCgHeCeCgCeCgCiCgCiCgCeCiCgCiCeCgCgHgCiCgHgCgCiCeCeCgCiCeCgCgHgCeCeCeCgCiCgCiCgCiCgCiCgCiCeCeCgCeC","mapping_code":"-1_0_0_4166552534","state":1},{"key":"SPEED","name":"SPEED","code":"+3310-1512+436-1110+434-1108E-400E-402+432hEfEhIhEfEfEhEfEhIhEfEfEhIdEfEhIfEhEhIhEhIhEfEhIhEhIfEhEhIhEhIhEhIhEhIfEfEgEhEfEgEhEgEfEhEfEhIhEhC-398EhIhEgEhEhIhEgEfEhEfE","mapping_code":"-1_0_0_1151021632","state":1},{"key":"TIMER","name":"TIMER","code":"+3322-1512+436-1110+434-1108E-402+432gEgHfE-400EgHfEfEiEfEgEiEfEfEgEfEfEgEfEiEgEiEgHgHfEgEgHgEfEgHgEiEgEgHgHgEgEfEfEgHgEfEgHgEgHfEgEgHfEgEgHgEgHgEgHgEgHgEiEgHdEfE","mapping_code":"-1_0_0_422656730","state":1}],"_id":"S8pfwfMLy5QNI38z"}
