{"category":"FAN","brand":"MITSUBISHI","model":"COMMON","type":1,"version":"1.0","create_date":1692609790077,"protocol":"MITSUBISHI","map_code":[{"key":"TIMER","name":"UNDEFINED","code":"+3244-1608+410-1198+406-1214+408e+384eE-404GdIiG-402GdEfGgHfCi+382-412I-1216GdEiG-1200JmCeH-1218CiEeHgEiGiK-1222CjGeHgEmGgHeGjGeKcIiGiEeHmCdIeGiGdEiGiEgHmCiKlJmGeHgIiGiEgHeGiGeKcIiGiEdEmK","mapping_code":"-1_0_0_422656730","state":1},{"key":"SPEED","name":"SPEED","code":"+3244-1610+408-1198+404-1216+406c+382cGeCdEgGeGdEfCg+384fCg+402-390EfCdGcEdJfCgI-1218CeGgIcGeCgEdCeGgHcEfGcHgGeCg+380-412EgCeGgIfC-1200JgGeGdGeCeGcHfCgM-1222CeGgHcEeCeGcHcGeCgHnEgCfIcEfG","mapping_code":"-1_0_0_1151021632","state":1},{"key":"POWER","name":"POWER","code":"+3254-1608+410-1196+406-1214+408e+384eG-402Cd+404jGiG-1198EfGeHfCj+382-412JfGdEiG-1216HfCjHnCiEeHeEiCjL-1220GjEeHgEfGeHeGiGjLmJjGjEeHnC-1200IjGjGkEjGiGeHnCkJjGiGeHgJjGjEgHeEjGjHcJfGeHgEnL","mapping_code":"-1_0_0_1347677566","state":1},{"key":"SWING","name":"SWING","code":"+3258-1608+410-1198+404-1216+408-406+384hHeGdEhG-402GdHfGgI-1214Ch+380-412EfGdGeGdJfGhI-1218CeHhIgHeGeL-1222GeGhIgHfHgIhGeGh+382cEhGeHgIfCdEhGeHdHeGeHgPnGdEfGcLgHeGhHgIhGeGhPcEhGfIfChLoG","mapping_code":"-1_0_0_4166552534","state":1}],"_id":"EcSpiTxVkVsMv9z6"}
