{"category":"TV","brand":"PHILIPS","model":"2657","type":1,"version":"1.0","create_date":1695199515984,"protocol":"PHILIPS","map_code":[{"key":"0","name":"0","code":"+9190-4564+602-500+600-1630E-498Ed+598gEgE-1634HgEgEgEgHdEgEgEfE-1632EgEgEgEgEgEgEgEgEfEjEjEjHjEjEfEjE-41694+9192-2254C","mapping_code":"3_0_49218_1107493119","state":1},{"key":"1","name":"1","code":"+9186-4536+600-500C-1630Cd+598dFdFdF-1632C-498ChChChChChChCgFgCgChChFdFdFdFdFdFdFgCgCgFgCgCgFgC-41704+9190-2294+602","mapping_code":"3_1_49218_1107525759","state":1},{"key":"2","name":"2","code":"+9240-4598+602-510+600-1630E-500+598-498EiEiE-1632EiEiHgEiEiEiEiHjEjEiEjHgHgHgHgHgHgHjEgHjEfEjEjHjEjE-41708+9192-2256C","mapping_code":"3_2_49218_1107509439","state":1},{"key":"3","name":"3","code":"+9190-4558+602-500+598-1632+600dE-498GhGhGfGhGhGhGhGhEdEdG-1630GfGfGiGdEdEdEhGhGdEhGhGfGiGfGfGiGfG-41686A-2304+620","mapping_code":"3_3_49218_1107542079","state":1},{"key":"4","name":"4","code":"+9190-4556+602-500+598-1632+600-498GhGhGhG-1630GdEdEdEdEdEdEdEfGfEdEdEfGdEdEdEdEdEfGiGdEfEfGiGfGfE-41704+9188-2264C","mapping_code":"3_4_49218_1107501279","state":1},{"key":"5","name":"5","code":"+9190-4578+624-502+598-1632+600-498GhGhGhG-1630GhE-500EjEjEjEjEjEfGfGiGjEfGhGhGhGhGhGhGfGhEfGfGiGfGfG-41694+9214-2278+602","mapping_code":"3_5_49218_1107533919","state":1},{"key":"6","name":"6","code":"+9190-4534+600-502+598-1632C-498CgCgCgC-1630C-500EiEiEiEiEiEiEfCfCgEfCfCgCgCgCgCgChCiEiEfCfChCfCfE-41700+9192-2248+602","mapping_code":"3_6_49218_1107517599","state":1},{"key":"7","name":"7","code":"+9190-4532+602-510+600-1632E-498EgEgEgE-1630E-500+598iJiJiJiJiJiJfEhEfEfEhEiJiJiJiJiJiJiJiJfEhEfEfEhE-41706+9192-2304C","mapping_code":"3_7_49218_1107550239","state":1},{"key":"8","name":"8","code":"+9186-4532+600-504C-1632C-498CfCfCfC-1630C-500+598hIhIhIhIhIhIeCeIhIhIhIeChIfCfCfCeCgCeChIeCgCeCeI-41700+9192-2288+602","mapping_code":"3_8_49218_1107497199","state":1},{"key":"9","name":"9","code":"+9188-4532+602-500+600-1630E-498EgEgEgEfEgEgEgEgEgEgEg+598-1632EiEfEgEgEfEdHdHdHgEgEfEiEgEiHiEiHiE-41700+9192-2252E","mapping_code":"3_9_49218_1107529839","state":1},{"key":"POWER","name":"POWER","code":"+9186-4524+602-500+600-1632E-498Eg+598dHdHfEgEgEgEgEgHdHdHfE-1630EdHfEgHdHfEgEgEgEiEgEfEiEgEfHfEfH-41724+9216-2236C","mapping_code":"3_18_49218_1107511479","state":1},{"key":"MENU","name":"MENU","code":"+9186-4536+602-512+598-1632+600-498GhGhGhGfGhE-500EiEiEiEiEiEfG-1654G-1630GiEfGhGkGiEiC-496EiEfGhGfGhEfGfGfG-41714+9244-2312C","mapping_code":"3_21_49218_1107535959","state":1},{"key":"VOLUME_UP","name":"VOLUME UP","code":"+9216-4608+602-510+600-1632E-498EgEgEgE-1630E-500+598gEiJgEiJiJgEfEhEgJfEfEgEhEiJiJiJfEgEgEfEgJfEfEhE-41702+9192-2298E","mapping_code":"3_22_49218_1107519639","state":1},{"key":"VOLUME_DOWN","name":"VOLUME DOWN","code":"+9188-4530+602-500+598-1632+600-498GhGhGhG-1630GhGhEdGhGhEdEdEfGfGiGfGfGhEfGdEdEdEhGdEdEfGhGiGfGfG-41712+9240-2250C","mapping_code":"3_23_49218_1107552279","state":1},{"key":"CHANNEL_UP","name":"CHANNEL UP","code":"+9190-4554+600-500C-1632C-498CfCfCfC-1630Cd+598dHdHdHdHd+602-506CeCgCeCgCfCgCeCfCfCfCfCfCgCdHdHeCeCgC-41688+9188-2290+624","mapping_code":"3_27_49218_1107548199","state":1},{"key":"CHANNEL_DOWN","name":"CHANNEL DOWN","code":"+9190-4534+602-500+598-1632+600-498GhGhGhG-1630GdEdEdEdEdEdEdEfGfGiGfGfEfGfGhGhGhGhGhGhGhGhGiGfGfG-41694+9192-2260C","mapping_code":"3_31_49218_1107556359","state":1},{"key":"MUTE","name":"MUTE","code":"+9190-4542+602-500+600-1632E-498EgEgEgE-1630Ed+598dIdIdIdIdIdIfEhEhEfEgEgEhEdIdIdIdIdIfEhEgIfEfEhE-41714+9214-2232C","mapping_code":"3_19_49218_1107544119","state":1},{"key":"INPUT","name":"INPUT","code":"+9182-4524+600-502+598-1632C-498CgCgCgC-1630CgE-500EiEiEiEiEiEfCfChCfCgCgChCiEfCgCgCgCfChCiEfCgChC-41700+9190-2278+652","mapping_code":"3_83_49218_1107544629","state":1},{"key":"LAST","name":"LAST","code":"+9192-4532+602-500+600-1630E-498EgEgEgE-1632EgEgEgEgEgEgEgEfEhEh+598dIdEfEhEgEfEdIdIhEhEgEgEfEdIhE-41688+9238-2264C","mapping_code":"3_89_49218_1107532389","state":1}],"_id":"aMeiMYic0CAF4UnW"}
