{"category":"TV","brand":"SANYO","model":"3057","type":1,"version":"1.0","create_date":1695279002222,"protocol":"SANYO","map_code":[{"key":"0","name":"0","code":"+9204-4594+608-506+604-498EfE-1634EgEgEfEfEgEgEgEfEf+602-500HgEgEfHfEfEfEfEfEfEfEgEgEgEgEgEgEgEgE-41812+9236-2260+606","mapping_code":"3_0_56_484638975","state":1},{"key":"1","name":"1","code":"+9206-4546+606-500+604-498EfE-1634EgEgEf+602fEgEgEgEfEfEfEgEgEgEfEfEfEfEfEfEfEfEgEgEgEgEgEgEgE-41846A-2266C","mapping_code":"3_1_56_484671615","state":1},{"key":"2","name":"2","code":"+9206-4546+606-500+604-498EfE-1634EgEgEfEfEgEgEgEfEfEfEgEgEfEgEd+602fEfEfEfEfEgEdHgEgEgEgEgEgE-41840+9208-2244+608","mapping_code":"3_2_56_484655295","state":1},{"key":"3","name":"3","code":"+9206-4576+608-508+604-498EfE-1634EgEgEfEfEgEgEgEfEfEfEgEgEgEgEfEfEfEfEf+602-500HfEfEgEgEgEgEgEgE-41836+9230-2234+606","mapping_code":"3_3_56_484687935","state":1},{"key":"4","name":"4","code":"+9232-4564+606-500+604-498EfE-1634EgEgEfEfEgEgEgEfEfEfEgEgEf+602dHgEfEfEfEfHfEgEgEdHgEgEgEgEgE-41814+9258-2254C","mapping_code":"3_4_56_484647135","state":1},{"key":"5","name":"5","code":"+9206-4550+606-500+604-498EfE-1634EgEgEfEfEgEgEgEf+602fEfEgEgEgEfEgEf+608-502EfEfEfEfEgEfEgEgEgEgEgE-41836+9208-2244C","mapping_code":"3_5_56_484679775","state":1},{"key":"6","name":"6","code":"+9206-4554+606-500+604-498EfE-1634EgEgEfEfEgEgEgEf+602dHfEgEgEfEgEgEfEfEfEfEfEgEfEfEgEgEgEgEgE-41836A-2258C","mapping_code":"3_6_56_484663455","state":1},{"key":"7","name":"7","code":"+9206-4546+606-500+604-498EfE-1634EgEgEfEfEgEgEgEfEfEfEgEgEgEgEgEfEf+602dHfEfEfEfEfEgEgEgEgEgE-41822+9208-2238C","mapping_code":"3_7_56_484696095","state":1},{"key":"8","name":"8","code":"+9206-4550+606-500+604-498EfE-1634EgEgEfEfEgEgEgEf+602dHfEgEgE-524EfHfEgEfEfEfEfHgEgEgEfEgEgEgEgE-41834+9232-2244C","mapping_code":"3_8_56_484643055","state":1},{"key":"9","name":"9","code":"+9206-4546+606-500+604-498EfE-1634EgEgEfEfEgEgEgEfEfEfEgEgEgEfEfEgEfEfE-510Ef+602dIgEgEfEgEgEgEgE-41834+9208-2248+608","mapping_code":"3_9_56_484675695","state":1},{"key":"POWER","name":"POWER","code":"+9206-4546+606-500+604-498EfE-1634EgEgEfEfEgEgEgEfEfEfEgEgEfEgEfEfEgEfEfEfEgEfEgEgEfEgEgEgE-41832+9230-2244C","mapping_code":"3_18_56_484657335","state":1},{"key":"MENU","name":"MENU","code":"+9206-4550+606-500+604-498EfE-1634EgEgEfEfEgEgEgEfEfEf+602gEgEgEgEgEfEgEfHfEfEfEfEfEgEfEgEgEgE-41836+9232-2236C","mapping_code":"3_23_56_484698135","state":1},{"key":"VOLUME_UP","name":"VOLUME UP","code":"+9206-4550+606-500+604-498EfE-1634EgC-1632EfEfEgEgEgEfEfEfEgEgEfEgEgEgEfEfEfEfEgEfEfEfEgEgEgEgE-41818+9208-2244C","mapping_code":"3_14_56_484667535","state":1},{"key":"VOLUME_DOWN","name":"VOLUME DOWN","code":"+9206-4546+606-500+604-498EfE-1634EgEgEfEfEgEgEgEfEfEf+602gEgEgEgEgEgEfEfEfEfEfEfEfEfEgEgEgEgE-41836A-2250C","mapping_code":"3_15_56_484700175","state":1},{"key":"CHANNEL_UP","name":"CHANNEL UP","code":"+9206-4548+606-500+604-514E-498E-1634EhEhEg+602gEhEhEhEgEgEgEhEhEgIhEgEhEgEgEgEgEhEgEhEgEhEhEhEhE-41842+9232-2268C","mapping_code":"3_10_56_484659375","state":1},{"key":"CHANNEL_DOWN","name":"CHANNEL DOWN","code":"+9254-4598+608-502+604-498EfE-1634EgEgEfEfEgEgEgEfEfEf+602gEgEgEgEfEgEfEfEfH-500HfEfEgEfEgEgEgEgE-41810+9208-2248+606","mapping_code":"3_11_56_484692015","state":1},{"key":"MUTE","name":"MUTE","code":"+9206-4550+606-500+604-498EfE-1634EgEgEfEfEgEgEgEfEfEfEgEgEf+602fEfEgEgEfEfEfEgEgEgEfHfEgEgEgE-41830A-2250C","mapping_code":"3_24_56_484645095","state":1},{"key":"INPUT","name":"INPUT","code":"+9206-4550+606-500+604-498EfE-1634EgEgEfEfEgEgEgEfEfEf+602gEgEgEgEfEfEgEfEfEfEfEfEgEgEfEgEgEgE-41846A-2256C","mapping_code":"3_19_56_484689975","state":1},{"key":"INFO","name":"INFO","code":"+9206-4546+606-500+604-498EfE-1634EgEgEfEfEgEgEgEfEfEf+602gEgEfEfEgEgEfEfEfEfEgEgEfEfEgEgEgEgE-41840+9208-2246C","mapping_code":"3_12_56_484651215","state":1},{"key":"SLEEP","name":"SLEEP","code":"+9206-4560+608-506+604-498+602fE-1634EhEhEfEfEhEhEhEfEfEfEhEhEhEfEhEhEfEfEfEfEfEhEfEfEhEhEhEhE-41866+9234-2238+606","mapping_code":"3_13_56_484683855","state":1},{"key":"EXIT","name":"EXIT","code":"+9210-4558+606-500+604-498EfE-1634EgEgEfEfEgEgEgEfEfEfEgEgEgEgEfEfEgEfEgEfEfEfEgEgEd+602gEfEgE-41866+9232-2286C","mapping_code":"3_83_56_484690485","state":1},{"key":"ZOOM","name":"ZOOM","code":"+9206-4550+606-500+604-498EfE-1634EgEgEfEfEgEgEgEfEfEfEgEgEgE-1636+602gEfEgEfEgEfIfEfEfEgEfEgEfEgE-41838+9208-2244C","mapping_code":"3_87_56_484698645","state":1}],"_id":"wbjXC98zgWhULQBC"}
