{"category":"TV","brand":"ASANZO","model":"2000247","type":1,"version":"1.0","create_date":1695090704747,"protocol":"ASANZO","map_code":[{"key":"1","name":"1","code":"+9028-4416+556-440+554-438EdE-1646E-544EhEhEd+552-1648C-1644EgEhEgEgEgEjIjEdIgEhEgEhEhEgEdIgEhEgEdIjEgEdE-39738+9000-2234C","mapping_code":"3_149_8_284141910","state":1},{"key":"0","name":"0","code":"+9028-4414+556-440+554-438EdE-1646EdEfEdE-544EgE-1648EgEh+552i+658gEgEgEiEfEdEgEgEdJiEgEdEgEgEdEhEgJdJdE","mapping_code":"3_217_8_284138340","state":1},{"key":"2","name":"2","code":"+9028-4410+554-440Cd+552-544C-1646CdCdC-438CdE-1648CgCgCdCgCgCgCiCgCdChCgCgChCfEiCdCgCgCdEfCgEiCdC-39710A-2236+556","mapping_code":"3_153_8_284137830","state":1},{"key":"3","name":"3","code":"+9028-4410+556-442+554-544EfE-1646E-440Eh+552hEfEgEgEgEhEgEgE-1648EgEgEhEgEgEgEfIfEgEfEgEfEfIhEgEgEfI-39758+9000-2234C","mapping_code":"3_157_8_284145990","state":1},{"key":"4","name":"4","code":"+9026-4456+556-454+552-440+554-544G-1646GfEfGfG-438GiGiG-1648GhEkGiGi+658iGfGiGiGhGiGfGiGiGiGhGfEkEfEiGfGhG-39680+9028-2250C","mapping_code":"3_214_8_284126100","state":1},{"key":"5","name":"5","code":"+9026-4482+556-454+552-544+554fG-1646G-440EiGiG-438GhG-1648GhGfEkGhGhGhGfGhGi+658hGhGfGhEkGhGfEkGiGfGhEfGiE-39694+9002-2214C","mapping_code":"3_218_8_284122020","state":1},{"key":"6","name":"6","code":"+104-20524+9032-4408+554-544EfEfE-1648+552fEfEfEfE-1646EiEiE-442HiEiEgEiE-440H-1650HiEiEiEkEiEl+550gHkEkEfHf+446gEkEfH-39768+9028-2218E","mapping_code":"-1_0_0_670146986","state":1},{"key":"7","name":"7","code":"+9046-4412+556-442+552-440+554fG-1646GfE-544GfG-438GhG-1648GhGiEkEkGhGhGfGhGhGfGhGfEf+658hGkEfEiGhGfEkEkGiE-39742+9000-2230C","mapping_code":"3_150_8_284125590","state":1},{"key":"8","name":"8","code":"+9028-4410+554-544Cd+552-440C-1646CfCfEfCfE-1648CgCgC-442+656gCgCgCgC-438CgCkCgCgCfEfEhEhCd+550-1650EfEfEhEhCfC-39758A-2212C","mapping_code":"3_154_8_284121510","state":1},{"key":"MUTE","name":"MUTE","code":"+9028-4410+558-442+556-438Ef+554-1644E-436EfEiEfEhEhEhEiEhEhEhEhEhEhEhEhEhEfEhEhEfEfGfEfGiEhEfEfG-39740+9030-2214C","mapping_code":"3_223_8_284162820","state":1},{"key":"POWER","name":"POWER","code":"+9018-4418+558-438+556-436EdE-1644EdEfEdEd+554gEgEgEdEgEgEgEgEgEgEgEdEgEdHgEg+662dHdEdHgEdHgEfEdE-39710+9004-2220C","mapping_code":"3_215_8_284158740","state":1},{"key":"MENU","name":"MENU","code":"+9028-4426+558-440+556-438E-436E-1644EfEf+554-542EfEhEhEhEfEhEhEhEhEfIfEhEfEhEfIhEhEhEhEfEhEfEhEfIfI-39732+9004-2232+560","mapping_code":"3_212_8_284109780","state":1},{"key":"UP","name":"UP","code":"+9000-4422+558-448+660-438+556-436E-1644GfGfGhGfGiGiGiGfGiGiGiGiG-542GiGfGfGiGf+554fGiGiGhGiGiGjGiGiGfG-39720+9004-2212C","mapping_code":"3_146_8_284117430","state":1},{"key":"DOWN","name":"DOWN","code":"+9002-4412+558-440+556-438E-436E-1644+662fEgEgEf+554hEhEhEfEhEhEhEhEgEfEfJhEhEfJhEhEhEhEhEfEfJhEfJfE-39698+9004-2208C","mapping_code":"3_216_8_284105700","state":1},{"key":"LEFT","name":"LEFT","code":"+9000-4418+662-436+556-438EdE-1644EdEfEdEfEgEgEgEdEgEgEgCgEgEgEgEf+660gE-542EfEgEf+554fEfJgEiEgEgEfJ-39704+9004-2234+558","mapping_code":"3_151_8_284158230","state":1},{"key":"RIGHT","name":"RIGHT","code":"+9026-4396+558-438+556dE-436E-1644EfEdEfEdEgEgEgEdEgEgEgEg+662gEgEgEgEgEd+554dEgEdEdIdEdEfEgEgEdI-39752+9030-2212+664","mapping_code":"3_159_8_284162310","state":1},{"key":"ENTER","name":"ENTER","code":"+8998-4422+558-544+556-438EfE-1644E-436EfEf+554fEgEgEgEhEgEgEgEgEgEgEfEgEgEfIfEgEfIfEgEfEfIgEgEf+660-39720+9004-2230C","mapping_code":"3_155_8_284154150","state":1},{"key":"VOLUME_UP","name":"VOLUME UP","code":"+9164-4466+558-448+556-438EfE-1644E-542EhEf+554fEgEgEgEfIgEgEgEgEgEgEfIfEfIfEfIgEfIfEgEgEgEgEgEfI-39700+9030-2214+560","mapping_code":"3_131_8_284148030","state":1},{"key":"VOLUME_DOWN","name":"VOLUME DOWN","code":"+9028-4414+558-542+556-436E-438E-1644Eg+554dEgEg+660hEhEhEgIh+662hEhEhEgJhEhEgEgEdEgE-1646IhEgEgIhEhEhEhEgE-39716+9004-2212E","mapping_code":"3_134_8_284123550","state":1},{"key":"CHANNEL_UP","name":"CHANNEL UP","code":"+9000-4418+556-542C-436C-438C-1644+662f+554fCfCdCgCgCgCfIgCgCgCgCfCfIfIfIfIf+660fJgCgCgCgCgCgCgCgCfC-39744+9002-2232+558","mapping_code":"3_128_8_284099070","state":1},{"key":"CHANNEL_DOWN","name":"CHANNEL DOWN","code":"+8998-4418+556-438CdC-436C-1644CdCd+554dCdC-1646GfCfCdCfCfChGfCdGfCfCfCdGdC-542GfCfCdCdGdCfCfCfCdC-39762+9030-2210+558","mapping_code":"3_142_8_284127630","state":1},{"key":"9","name":"9","code":"+228-17972+234-3290+186-11074+160-3116+206-7918+154-11722+158-8372+114-32794+80-4148+116-17902+232-9262+82-5228C-2502+108-890+178-38166+86-15400+78","mapping_code":"-1_0_0_1111226421","state":1}],"_id":"2UgdmwYPcVggRZK4"}
