{"category":"TV","brand":"SAMSUNG","model":"1007","type":1,"version":"1.0","create_date":1689044883689,"protocol":"SAMSUNG","map_code":[{"key":"POWER","name":"POWER","code":"+9150-4584+562-538+536cEcE-1696E-1694Eg+534-564EcHfHfEfEcHiEiHfHfHiEcHfHfHfH-566Hj+532jKfH-1698KiHjKjK-1720+510-1700K-1722N-41304+9144-2334+560","mapping_code":"3_28_56_484653255","state":1},{"key":"MENU","name":"MENU","code":"+9122-4596+562-538+534-564EfE-1696+536gEgEfEfEgE-1700+532gEfEfEfJ-1698JkJiJfE-588+510lMkJ-566+530-568O-590+508qR-1722JkJiRqR-1724RsJiM-41302+9118-2360J","mapping_code":"3_17_56_484673655","state":1},{"key":"VOLUME_UP","name":"VOLUME UP","code":"+9150-4616+568-538+534-564+536-562G-1696G-1694EiGfGhGjGiEiGhGhEfEiGiEfE-1698EiGfEiEfEfGfEiEfGhGiE-566+532kM-1700+530kE-41264+9148-2302G","mapping_code":"3_22_56_484665495","state":1},{"key":"VOLUME_DOWN","name":"VOLUME DOWN","code":"+9124-4654+566-546+536-564E-562+534-1696E-1694EjEfHfHiH-1698HiEfHgEfHiEiHiHiHiEfHiHfHfE-594EfHfHfHiEgEiHiHiH-41274+9180-2282+560","mapping_code":"3_23_56_484698135","state":1},{"key":"CHANNEL_UP","name":"CHANNEL UP","code":"+9124-4590+564-538+536-562EfE-1694E-1696EgEfEf+534hIhIhIcIcIfIhEgEcIcIhIhIcIcIcIfEhIhIfEfEgEhEh+558-1672I-41232A-2288F","mapping_code":"3_12_56_484651215","state":1},{"key":"CHANNEL_DOWN","name":"CHANNEL DOWN","code":"+9154-4566+564-538+534c+536-562E-1696E-1694FhFcEcEhEhE-1698EcEcEcEh+540-1692+532jM-566M-1700MjMn+530-588+510nMqR-568P-1722Rq+508qR-1702P-1720RwRtU-41292+9176-2366E","mapping_code":"3_13_56_484683855","state":1},{"key":"ENTER","name":"ENTER","code":"+9102-4610+564-538+536-562+534cE-1696E-1694EiEfEcGhEhEiEfEfEfEhGhEhEhG-1698GhEhGhGhGhGfG-566+532cGcGkLcGcGkL-41274+9148-2340+558","mapping_code":"3_255_56_484704000","state":1},{"key":"0","name":"0","code":"+9176-4578+562-540+536c+534-564F-1698+532-1696FjF-566FgFhIhFhIkIkIkIhFhI-588+510gFkI-590MlMl+508-568+530nO-1722Or+526-1706OrO-1724Ou+506uVuV-41314+9142-2326Q","mapping_code":"3_0_56_484638975","state":1},{"key":"1","name":"1","code":"+9152-4604+568-536+534-562DfD-1694DgE-1698EfDfD-1696DgDiEfE-564EjEiEh+532hEjE-566KlKjEjElKlElKhEhK-1700K-1720+510m+530mK-1722O-41292+9124-2342E","mapping_code":"3_1_56_484671615","state":1},{"key":"2","name":"2","code":"+9126-4648+570-540+536-562E-564E-1696+534hIhIf+560dIhIhIhEfIgEfIhI-1694EgIhEfIfEfIgEfIfEhI-566IhIhEkEkEhEhI-41270+9150-2338F","mapping_code":"3_2_56_484655295","state":1},{"key":"3","name":"3","code":"+9178-4628+562-540+536cE-564+534-1696G-1694EhGcEcEhEiEiEfGfGfGhEiGhEiEcEcEfGfGfGfGfGcEiEhEhGhGhEiE-41248+9154-2282C","mapping_code":"3_3_56_484687935","state":1},{"key":"4","name":"4","code":"+9158-4602+596-516+536-564E-562+534-1694E-1696EiEfHgHjHj+558-1672HgE-532FfEjHjEgEgEiEfHfEgHgEgEjHjHgEjEjEiEjHiE-41276+9156-2318G","mapping_code":"3_4_56_484647135","state":1},{"key":"5","name":"5","code":"+9158-4592+566-536D-562De+534-1696FgD-1694DeDeDgFgFgDeF-564FiDgFhDhDiDgFeDiDeFiDeFeFgDe+540-1690DgFhDhDgD-41266+9184-2322C","mapping_code":"3_5_56_484679775","state":1},{"key":"6","name":"6","code":"+9156-4598+562-538+534-564+536cE-1696G-1714EhGcGcGhG-1694GhEcGcEfGjGhGcGhGhEfGcGfEfEcGhEfEcEhEhEhEhE-1698E-41268+9150-2288C","mapping_code":"3_6_56_484663455","state":1},{"key":"7","name":"7","code":"+9152-4606+564-538+534-562D-560+536-1696E-1694HiHfHfEiEiEiEcHfEcHiEjHjHjHiEcEfHcEcHfEcHfHcEiEjE-1698EjHiH-41268+9154-2266C","mapping_code":"3_7_56_484696095","state":1},{"key":"8","name":"8","code":"+9150-4588+564-538+534-562Ec+536-1696EhGh+532cEcEhEhEhEfGfGf+560hEhGcEcEcE-1694GfEcEfGfGhEhGkGfGkGkGkDkG-41278+9154-2292F","mapping_code":"3_8_56_484643055","state":1},{"key":"9","name":"9","code":"+9120-4594+564-538+534cEcE-1696E-1698Ef+536-562EcEfHfEfEcEcEcEg+532gJgJ-566JkJ-1700J-588+510-568+530kJmNm+508-1722NgP-590QrQrQrQ-1724Q-41304+9148-2356E","mapping_code":"3_9_56_484675695","state":1},{"key":"MUTE","name":"MUTE","code":"+9238-4554+566-534+536-562EfD-1694EgEgEfEfD-1696EhEh+560-538EfEfDhDhDhEfEhEfEh+532-564EfEfEfEgEfEgElDhEgDhE-41218+9152-2298L","mapping_code":"3_21_56_484681815","state":1},{"key":"INPUT","name":"INPUT","code":"+9156-4576+562-538+536-564+534fG-1696+532-1698GhEfGfGhE-1694GhGfGfEcGhGhEfGfGhG-566GhGfIfGfGhGhGfGjGfGhGjIjG-41266+9148-2324+558","mapping_code":"3_20_56_484649175","state":1},{"key":"LAST","name":"LAST","code":"+9102-4604+566-534D-564DeD-1696+536fDfDeDeDfDfGfDeDeG-562DfG-1694GeGhDeGhDfDhGeDhGfDfDfGiHgGfGfDfD-41266+9154-2306H","mapping_code":"3_16_56_484641015","state":1}],"_id":"xovwb5igUcAC2vor"}
