{"category":"TV","brand":"SAMSUNG","model":"1037","type":1,"version":"1.0","create_date":1689046698821,"protocol":"SAMSUNG","map_code":[{"key":"POWER","name":"POWER","code":"+9126-4616+568-538+534-564EfEf+536fE-562EfGhG-1696EiEiE-1698EfEj+532iEiEfEiK-566KfEfKlK-588+510lK-1700KlKo+530jK-1722+508qNq+514-1716N-41464+9122-2314E","mapping_code":"3_2_61184_16203967","state":1},{"key":"MENU","name":"MENU","code":"+9152-4628+564-536Dc+534cEcEcD-562+560-538DfE-1696D-1694DjDjDcEiEiEiE-566EiEcEcE-1698EcEcEcEiDcDl+532lMcMlElElM-41488+9146-2306+556","mapping_code":"3_18_61184_16206007","state":1},{"key":"VOLUME_UP","name":"VOLUME UP","code":"+9184-4596+572-530+534-564+536-562GhGfGh+532-490+610h+538-1694G-1696GnEmL-556+540nGnLmEd+570hGmLmGhGhG-1670+558fEnGnEhGhE-1676+554nGhGmG-41388+9156-2310H","mapping_code":"3_76_61184_16200397","state":1},{"key":"VOLUME_DOWN","name":"VOLUME DOWN","code":"+9160-4586+566-536D-562De+534eDeD-564FeDeF-1696FhD-1694DiDeDhDhFiDgFiE-1668DhFgFeDeDeDhFeDeFeFi+538-1698FiFhD-41402+9124-2290G","mapping_code":"3_14_61184_16216207","state":1},{"key":"CHANNEL_UP","name":"CHANNEL UP","code":"+9152-4580+562-540+534c+536-560F-564EcEhEhEhE-1696EiEiFiEhEiEiFiEiEcFiEiFcFcFhEhDgE-1698EhEhEiEiFiEiE-41404+9154-2272C","mapping_code":"3_13_61184_16232527","state":1},{"key":"CHANNEL_DOWN","name":"CHANNEL DOWN","code":"+9124-4586+564-538+536-562+534fEfEcGcGfGcG-1696EhE-1694EiEfEhGhEiGcGfEhEhEfGcEfEc+532-1698JhGcG-566JkGhJkGkJ-41390+9150-2274+560","mapping_code":"3_12_61184_16199887","state":1},{"key":"ENTER","name":"ENTER","code":"+9178-4598+590-512+534-564E-562+536fEgHgHgHgH-1694+540-1690H-1696ElEgHiHlElHgHlElHlEgEfE-1698EfEl+532-566EfHfEmEmNoNlE-41374+9122-2286+558","mapping_code":"3_78_61184_16216717","state":1},{"key":"0","name":"0","code":"+9122-4592+566-536D-562De+534-564DgFg+532cDeD-1696FiFiD-1694DgFiDiFiFgFiFcFiDeDeDiFgFiDeDjDeDiDjDeDj+560-41398+9156-2294G","mapping_code":"3_74_61184_16208557","state":1},{"key":"1","name":"1","code":"+9126-4704+538-596+534-564EfEf+536-562GhEfGhE-1696EiEiGiEhGiEiEiEfGhG-1694GfEfEhGjGfEiGiEhGiEiGiEfEi+532-41362+9100-2294+560","mapping_code":"3_68_61184_16196317","state":1},{"key":"2","name":"2","code":"+9190-4542+564-536Dc+534-562DfEfD-552+546fD-560I-1672E-1696EkD-1694DfDlDlDlDlDi+538lDfDfDfEkDfDcEkEfDlMlEkEfDkD-41404+9152-2310F","mapping_code":"3_69_61184_16228957","state":1},{"key":"3","name":"3","code":"+9120-4650+566-554+536-562EfE-564+534gHfHgHgH-1698HiH-1696Hj+538-560HiHiHjHgHjHjHgHgHgHiHc+532iHgHcMiMi+530iHcM-1720+510-41414+9148-2286H","mapping_code":"3_70_61184_16212637","state":1},{"key":"4","name":"4","code":"+9150-4608+564-538+536-562+534cGcGcGcGcGcG-1696GhGhGhGcD-1694GhEhGhGhGhG-566+532cKjK-1698KjK-588+510j+554jNlK-1720NpNm+508-1722N-41418+9122-2298G","mapping_code":"3_71_61184_16245277","state":1},{"key":"5","name":"5","code":"+9154-4584+566-544+534-564+536-562EfEhGfGhGfE-1696EiEiEiEfEiEiEiEfEc+532fE-1700JcJfJcJfE-1698JkJlJcJkJkJ-1722+508m+510-41432+9172-2338E","mapping_code":"3_8_61184_16191727","state":1},{"key":"6","name":"6","code":"+9182-4590+590-512+536-562Ef+534-564GhEfEfEhG-1696E-1694EjEiEfEjEjGiGiEhGhGiGhGhGhGhGfEiGiGhG-1698GjEk+532kL-41362+9122-2276+560","mapping_code":"3_9_61184_16224367","state":1},{"key":"7","name":"7","code":"+9260-4646+566-550+534-564E-562+536fEfEfEfEfE-1696H-1694HiEjHfEiHiEiEgHiH-560+538iEgHfHgHgEiEgHiHgEiEiEiHiE-41414+9154-2290G","mapping_code":"3_10_61184_16208047","state":1},{"key":"8","name":"8","code":"+9124-4592+564-538+536-562Ec+534fEfG-566GfEfE-1696EiGiE-1694EfEiGiGiEjEiGcGiGcEfGcEcGcGcEiGcGiGiGiEiG-41436+9152-2272F","mapping_code":"3_11_61184_16240687","state":1},{"key":"9","name":"9","code":"+9148-4580+566-534D-564+536-562FgFgFgDeFgF-1696F-1694FhFhDeFiDhFiFeDeFgDhFgFeDiDeFhFhFhDeDhDhFgDhF-41398+9152-2266G","mapping_code":"3_72_61184_16192237","state":1},{"key":"MUTE","name":"MUTE","code":"+9106-4606+562-540+534-564EfEc+536cGcGcEfE-1696G-1694GhEhEfEhEhEhEhEfE-566+532jE-588+510cEfEjKj+530-1698KoEoKoK-1700NoKoE-41420+9118-2306+546","mapping_code":"3_1_61184_16220287","state":1},{"key":"INPUT","name":"INPUT","code":"+9150-4576+572-534D-564+536-560+538eD-562DiHiDeF-1694FjF-1696FkDeDkFjDkFkFjDjHjDkDkFk+596-1644FgFiFeFiFiDiFeFi+540-41400+9126-2320I","mapping_code":"3_255_61184_16252672","state":1},{"key":"LAST","name":"LAST","code":"+9152-4622+570-534+536-562E-564DfEgDgEfDgE-1696E-1694EhEiEfEhD-1698DhDhDiEfEhDfEfEhDgEgDfDhEgEiEiDgDhE-41398+9156-2312F","mapping_code":"3_75_61184_16241197","state":1}],"_id":"fivLM52KnpaptXEY"}
