{"category":"TV","brand":"SAMSUNG","model":"1102","type":1,"version":"1.0","create_date":1689059224392,"protocol":"SAMSUNG","map_code":[{"key":"POWER","name":"POWER","code":"+4568-4608+568-552+536-564Ef+534-562E-566+532fGfE-560EfEhGk+538hGhEf+558-540GfGfE-1696GoEfJfGfEhEfG-1694EfGfG-1698GoGoGoEoG","mapping_code":"7_6_0_24735","state":1},{"key":"MENU","name":"MENU","code":"+4572-4594+566-546+526c+536-562FgF-564Fg+534-560+538gFgFgFgIhFgKjFgFgFhI-1696FlIgFgFlIgFgF-1694FgGfIlFlIhFlFmF","mapping_code":"7_38_0_25755","state":1},{"key":"VOLUME_UP","name":"VOLUME UP","code":"+4568-4610+538-592+536-562E-560E-564EfEfEfEfEh+534fEfIfEfE-504+594fIhEhE-1694I-1696EfImEfEfEfEm+510-588EfImEgEmImE-1692E","mapping_code":"7_22_0_26775","state":1},{"key":"VOLUME_DOWN","name":"VOLUME DOWN","code":"+5206-4628+568-542+536-564+534fG-562EhEhE-522+578-554DhEfEhEhE-560+538hGfGfGlM-1696EfGnEhGhMhGfGnElEnEfGnE-1680+550-1694EnG","mapping_code":"7_10_0_20655","state":1},{"key":"CHANNEL_UP","name":"CHANNEL UP","code":"+4564-4586+560-540+534-564E-562+536fEfEfEgEfHfEgHgEfHfEfEfHgEfEfEfHgE-1696Hf+532-566EgEiHiEiEiEgEi+558-1672LmE","mapping_code":"7_16_0_2295","state":1},{"key":"CHANNEL_DOWN","name":"CHANNEL DOWN","code":"+4570-4598+618-432+626-426+598-582+562i+536-564JiJiJi+534kJiJkJkLiJiJ-540+556kJkL-1648+584iJiJ-1696JiLkLkJqJiJ-1694JqJiL-1698LqLqL","mapping_code":"7_18_0_18615","state":1},{"key":"ENTER","name":"ENTER","code":"+4544-4604+564-538+534-566+532c+536cEcE-562D-560HiEcEcEiEiHcEcEiHcE-1696E-1698GkGlEl+556-1674+558nElEcEcG-568+530fGfGfG-588Gf+508","mapping_code":"7_255_0_65280","state":1},{"key":"0","name":"0","code":"+4602-4588+566-536D-564+534-562DgFeDgFgDgDgDgDgDeFgDgFgDgD-1694DgDgDh+538gDgDgDgDgDhIhDgF-1696DhDhDhD","mapping_code":"7_9_0_36975","state":1},{"key":"1","name":"1","code":"+4564-4586+564-538+536cE-562+534fEcG-560EcEfEfGc+532-566GcGfGcGcGfE-1698I-1696GlGcGcIjGcEcGc+590-554IcGlGkIkGlGkG","mapping_code":"7_7_0_57375","state":1},{"key":"2","name":"2","code":"+4566-4970+562-554+534-566+532-564EhEhEhE-588+508fEhEi+510f+530fGf+556hJ-590JiKnJnJ-1722KiJnJnGfJnJoJoJnJoJ-1724+506pJpQp+504","mapping_code":"7_4_0_8415","state":1},{"key":"3","name":"3","code":"+4566-4580+560-538D-562+536eF-564+534gHgHgFgHeFeFeFeHgFgFcCdFgFeHeH-1698+532-1696HgHeFgJkF-1700JkHgHgH-1694FkHkF","mapping_code":"7_24_0_6375","state":1},{"key":"4","name":"4","code":"+4566-4628+566-552+534-564+536-562GfEfEc+532hEfEfEfEfEhGfEhGhEfE-1698EfEhGhEfEfEfEfEcEjE-1696EkEjEkEkEjI","mapping_code":"7_1_0_32895","state":1},{"key":"5","name":"5","code":"+4592-4584+562-538+536-564+534cEfEcEcGfEcG-566GcEcEcEcEfGfGfGcEcG-1694E-1696EcEfGfGfGjGiEfGfGjEiEjGjG","mapping_code":"7_12_0_12495","state":1},{"key":"6","name":"6","code":"+4570-4580+566-538+536-562Ef+534fE-564EfEfE-560EfEhEfGfGhEfEhGhEfG-1696EjEjGhGhGfGh+532-1698GhGhGhGjG-1694EjGjG","mapping_code":"7_14_0_28815","state":1},{"key":"7","name":"7","code":"+4536-4632+568-540+536-562Ef+534-564EfEhGfEfGhEfGhEfGhEhEfGfGhG-1696GhEfEfGhGhGhGiEhGiGiEiGiG-1698GiG","mapping_code":"7_2_0_16575","state":1},{"key":"8","name":"8","code":"+4564-4602+566-534+536-564E-562EgDgD-568+532gEgDfEgEgDg+538gDgEfEg+512-586EgDfD-1696EgEgEfDfE-1694EnEmDfDmDmEmEmE","mapping_code":"7_8_0_4335","state":1},{"key":"9","name":"9","code":"+4564-4598+590-562+534d+536dF-564EdFdEgFdFdFdEgFdEgEdEgFdF-1694E-1696FhEiEgFgEdFdFdFgEgFdFiFhFiFhF","mapping_code":"7_15_0_61455","state":1},{"key":"MUTE","name":"MUTE","code":"+4566-4622+564-550+536c+534cEcFcFcFcFcFcF-566+532cHcFcHgHgHgH-1698HgHiHgH-1700H-588+510k+508-590MnMj+530kL-1722MnMpMpMpM","mapping_code":"7_21_0_43095","state":1},{"key":"INPUT","name":"INPUT","code":"+4566-4584+538-562+536d+534-564Fg+532dEdEgFdE-560EgFdEdEdFdEgEgH-1696+514-586E-1694EjEdFdCdEdIcEm+512lEiEjEmEmEjE","mapping_code":"7_13_0_45135","state":1},{"key":"LAST","name":"LAST","code":"+4572-4582+566-538+536-562EfEf+532-564DfEfEh+534fEhEfEhIhIh+558-540EfE-1694IlE-1696EhEmEfElEhIhEfIhImIhEmIfEmI","mapping_code":"7_87_0_59925","state":1}],"_id":"p9IKZUmtXqRvoCTX"}
