{"category":"TV","brand":"SAMSUNG","model":"3540","type":1,"version":"1.0","create_date":1689041672016,"protocol":"SAMSUNG","map_code":[{"key":"POWER","name":"POWER","code":"+4566-4582+536-1714+532-1692+534fG-562EhE-564GhGhGfEfGfGhEiEhGhG-560CjCfGhGhGhCjGhGhGfGhEfGfGfGfEfGfE-48450+4560aJ-540G","mapping_code":"7_2_7_3772793023","state":1},{"key":"MENU","name":"MENU","code":"+4564-4560+560-1668+536-1692+534fG-562+532hGhGhGcG-1694G-1690GfEhGhEhG-564IhGhGfGhIfGfGhEcEhGkGhGfGhGlGfGfGfG-48476+4562-4620L-556G","mapping_code":"7_26_7_3772799143","state":1},{"key":"VOLUME_UP","name":"VOLUME UP","code":"+4534-4622+560-1668+536-1692+534fGcG-562GhGcEcE-1690G-1694+532iEcGhGhGhGhEiKfGfGhGcGhGhGhGhGhGhGfGfGfGfGiG-48480+4558-4570C-538G","mapping_code":"7_7_7_3772833823","state":1},{"key":"VOLUME_DOWN","name":"VOLUME DOWN","code":"+4568-4644+536-1722+532-1694+534-1692G-562E-564Gi+530jGiG-1690+560-1666GhGiGiGmCiGiGhEhEjGlCiEiGjEiCiGiGhGjEhGhGhGlG-48516+4592-4530+582gC","mapping_code":"7_11_7_3772829743","state":1},{"key":"CHANNEL_UP","name":"CHANNEL UP","code":"+4568-4582+588-1670+534-1690E-1692E-562EhE-560Eh+536h+532gEgEfEhE-564KhEhElKhEgEhKlKgKlKlKlK-1694KlKm+530mKlKmKgKmK-48490+4612-4590+556-542N","mapping_code":"7_18_7_3772795063","state":1},{"key":"CHANNEL_DOWN","name":"CHANNEL DOWN","code":"+4588-4550+574-1672+532-1692E-1694+534-562HiH-564HiHiHfH-1690HfHiEjHiHiHiHiHiHiH-560HfEjHiHiHfHfHfHkHiHfEfHf+536-48486A-4592L-540E","mapping_code":"7_16_7_3772778743","state":1},{"key":"UP","name":"UP","code":"+4564-4592+568-1678+534-1692E-1690E-562EhE-560E-564EhEgEf+536f+532hEhEhEiEhEfLfEfEhLfEjLhEhLjEjLjL-1694+530jLmL-1696NmL-48486+4556-4580+558-542L","mapping_code":"7_23_7_3772835863","state":1},{"key":"DOWN","name":"DOWN","code":"+4568-4572+572-1718+532-1694Ef+534-562GhG-560GhGhG-1690G-1692GkGh+536hGhGiGhGkEfGhGkEkGhGhGhG-564EhGkEmEhEkGkEkE-48488+4564-4570+558-540G","mapping_code":"7_27_7_3772831783","state":1},{"key":"LEFT","name":"LEFT","code":"+4560-4902+564-1684+532-1692+536-1690G-562+534iGiJiJiJfJhJfJiEiJiJiJcEcJiE-1694+530kE-1696LcLc+538-558EmLkE-566LcE-588+508-1718RsRsR-48480+5870-4590GpR","mapping_code":"7_28_7_3772790983","state":1},{"key":"RIGHT","name":"RIGHT","code":"+4566-4588+568-1676+534-1692E-1690E-562EhEhEh+538-558EgEfEfEhEhEhEhEh+532fEhEfEf+540-1686EhEhEhKhEfEhEhEhEgEfEfE-48502B-4558+560iE","mapping_code":"7_29_7_3772823623","state":1},{"key":"ENTER","name":"ENTER","code":"+4536-4626+570-1668+534-1692E-1690E-564+532-562EjE-560EkEfEfIfEhIj+536jIhEjEfIjEjIfEgEjEjEjEjEfEfEhIjEfE-1694IfI-48490+4558-4564K-542I","mapping_code":"7_25_7_3772815463","state":1},{"key":"0","name":"0","code":"+4564-4592+562-1694+534-1692E-1690E-560+536cEcEcEhEgIgEdEhE-564+532jKjKcEfEjKcEcEfEcEjKcEcEfKfEgEjKfKfEfE-48472+4562-4556C-538E","mapping_code":"7_17_7_3772811383","state":1},{"key":"1","name":"1","code":"+4564-4826+562-1700+532-1692+534fGcGcG-560G-564GcG-1690G-1694Gj+536cG-506+590cGcLcGcGcGkEcGcGcGcGcGfGfGcGfGfEkGjGfG-48482+4566-4656+622-582G","mapping_code":"7_4_7_3772784863","state":1},{"key":"2","name":"2","code":"+4590-4596+562-1664+534-1690E-1692EcEcE-564+532-560+536cEfEfE-1694EcEcKcIcEcEgEjEgKcEcEcIhIcEhEgEcEfKgIgElIgI-48510+4582-4554J-540E","mapping_code":"7_5_7_3772817503","state":1},{"key":"3","name":"3","code":"+4566-4574+564-1674+534-1692E-1690E-562+558-538+536hEhEc+532fEfEfEhEcLcE-560EhEhLfEfEhEhEhEcLhE-1694Lc+530-568+528-1696OnLfEnOnL-48542+4584t+556-544O","mapping_code":"7_6_7_3772801183","state":1},{"key":"4","name":"4","code":"+4570-4578+538-1712+534-1692EfE-562E-560CgEgEgE-1690EfEfEgEgEgEgEgEg+536g+532-564EfKg+508-588EgEgKfEfKfEgEfEiEfEfE-48480+4564-4568LjE","mapping_code":"7_8_7_3772780783","state":1},{"key":"5","name":"5","code":"+4564-4558+560-1668+534-1690E-1694+532-564H-562EjEcHi+536-1692ElElEjEjHi+566-582EjEfEjEjElEjEjEjHiHiEfElEjEgHlElHlE-48508+4586bC-572E","mapping_code":"7_9_7_3772813423","state":1},{"key":"6","name":"6","code":"+4564-4592+570-1676+534-1692EfE-560+532-564E-562EjEj+536fHfHfEjEgKjEjEjEjEfEi+530-1694HjEjEjEiHfEjEfHjEmHfHfEmH-48454+4562aG-550H","mapping_code":"7_10_7_3772797103","state":1},{"key":"7","name":"7","code":"+4672-4614+562-1666+532-1692+534fGcGcGcG-560Gc+536-1690EfGfGcGcGhIcIcEcGc+558dGfGcE-564GcIcGfGfGcEcGfGfGfGfE-48468+4558-4572K-544+530","mapping_code":"7_12_7_3772788943","state":1},{"key":"8","name":"8","code":"+4566-4648+570-1664+534-1690E-1692E-560E-562E-564+532iEiEfEfEgEiEh+536iEiEiEgEiEfLgEjKiEiEiKiEgEiEiEgKgEgEgK-48478A-4546H-538E","mapping_code":"7_13_7_3772821583","state":1},{"key":"9","name":"9","code":"+4564-4590+560-1694+534-1692E-1690+536-562+532-564EkJiEiEfEfJdEiEiEiEk+530kJkJfEfJdJkLkJ-566LkJdJkJkLmL-1698+528dLnO-1718+508-48484+4556-4566+556mQ","mapping_code":"7_14_7_3772805263","state":1},{"key":"MUTE","name":"MUTE","code":"+4568-4580+606-1636+536-1690+534-1692G-564G-562GjGj+532jGhGhGhGjGjGjG-560EjGfEhGhGhGjGjGjGjKjGjGjGiKhKhGhGhK-48480+4560-4554L-542K","mapping_code":"7_15_7_3772837903","state":1},{"key":"INPUT","name":"INPUT","code":"+4564-4580+568-1670+534-1692+532fE-562Eh+536-560E-564EhE-1690EfElEhEhEjEhEhEfGkEhGkEhEhEhEjEhElGfE-1694ElEfEfGfE-48536+4620-4574KiE","mapping_code":"7_1_7_3772809343","state":1},{"key":"LAST","name":"LAST","code":"+4560-4580+592-1638+534-1690+560-1668EgE-564EgEi+532iE-1692EfE-1694E-562E-570+526iJiEmEkEkEmEmEfEmEmEmEm+536mEkEkEmPfEkEkJ-48488+4586-4602IeE","mapping_code":"7_19_7_3772827703","state":1},{"key":"DISPLAY","name":"DISPLAY","code":"+4592-4540+596-1642+536-1742+534-1692G-562GiGiGiGiGhGh+532hGiGiG-560EiGiG-1690EhGhGhGhJiGiGiGiGkGiGiGiGhGlGhG-48530+4590-4550K-538G","mapping_code":"7_31_7_3772839943","state":1}],"_id":"j7NckLFuyRfRbTQo"}
