{"category":"TV","brand":"SAMSUNG","model":"997","type":1,"version":"1.0","create_date":1689045101170,"protocol":"SAMSUNG","map_code":[{"key":"POWER","name":"POWER","code":"+4594-4598+566-1668+536-1696+534-1694E-562G-564GiEiEjGfEfEfEiGiEjGiEiEfGhEf+538-1692GjGjGjEiEiEiGjGj+532-1698GnMnGfG-48582+4564-4592+560-546G","mapping_code":"7_15_7_3772837903","state":1},{"key":"MENU","name":"MENU","code":"+4582-4562+566-1668+536-1694E-1696+534-564+538-560E-562ElElEgHgHgEl+512-588HlEi+532-522+580lHiHiHgEiH-1698Hp+576iHfEfEgHlEfElEfEfE-48610+4600-4608IjE","mapping_code":"7_40_7_3772781803","state":1},{"key":"VOLUME_UP","name":"VOLUME UP","code":"+4604-4578+568-1666+536-1694E-1696+534-564HiH-562HiEjEfEgHgHjEiEjHj+532-566HiHjEjEjEjEgHiEjEgK-1698HgEgHgEiHgEgH-48602+4568bJ-538E","mapping_code":"7_32_7_3772777723","state":1},{"key":"VOLUME_DOWN","name":"VOLUME DOWN","code":"+4608-4590+566-1670+534-1696Ef+536-562GhGhG-564GhEfGfGfGhEiGiEiEiGhGiG-1694Gh+558-538GjGiGiEfEfHlEfEfEiEfGfG-48608+4578-4614IlG","mapping_code":"7_36_7_3772785883","state":1},{"key":"CHANNEL_UP","name":"CHANNEL UP","code":"+4566-4586+564-1670+536-1692E-1696Ec+534c+532c+512-586EcHgE-1694HgHcHcE-562EmEmEgEmEmHmEcHgHcHcHmHgEgHgHlEcHgHgH-48576+4594-4592M-540H","mapping_code":"7_33_7_3772810363","state":1},{"key":"CHANNEL_DOWN","name":"CHANNEL DOWN","code":"+4598-4586+560-1672+536-1696E-1694E-562Eh+534-564IjEhIfIgEfEjIjIhIjIjIfI-566+532fIjIk+530-1698LkLkIjI-1720+510-588+508-1700LsM-590R-1702+528-1728+504-48630+4540-4610+534-566+510","mapping_code":"7_37_7_3772818523","state":1},{"key":"UP","name":"UP","code":"+4574a+604-1640+536-1694De+534-564D-562FhFgDg+532-1696FjDeDhFgDhDgFhDgFhDgFhDjFjDhFhDjDeDeDe+538-560DhD-1698F-1692K-48606+4650-4614H-540F","mapping_code":"7_48_7_3772779763","state":1},{"key":"0","name":"0","code":"+4564-4574+560-1634+572-1696+534fG-562G-564+536hJhGiJfG-1694JkGiJiGiGhJiGfGhJiGfGfGiGi+532iGiGfG-1698LiL-566+538kLmGmL-48628+4592-4572+556-568+508","mapping_code":"7_25_7_3772815463","state":1},{"key":"1","name":"1","code":"+4594-4580+564-1670+534-1696+536-1698E-560GcE-566+532cG-562EfGfGfGlGlEcGlGcEcElGlGlEfGlEcEcEfEfEfEhEcEhEfEfE-48566+4568-4562I-542E","mapping_code":"7_16_7_3772778743","state":1},{"key":"2","name":"2","code":"+4594-4582+728-1666+532-1696+536fG-564EhG-562GhGh+534-1694GfJk+538iGiJhL-560GiGfJiL-558GiG-1698JiGiJiJ-566GkGkJfGiGfJfJkL-48574+4572-4552IlJ","mapping_code":"7_17_7_3772811383","state":1},{"key":"3","name":"3","code":"+4996-4590+564-1670+538-1694+534-1696+536cG-562GjIcIjIfGhG-1698GjIcIjGcIjJiGkGcGcIhGjI-560IlEfG-566GhGhIjIhGhGhG-48588+4544-4670I-592G","mapping_code":"7_18_7_3772795063","state":1},{"key":"4","name":"4","code":"+4596-4600+566-1682+534-1694+536-1696E-564G-562G-560GiEiEhGhEfGjEiEiEjGjK-1670GhGjGjGhEiGjGjGjGjGfGhGjGfK-1672GfG-48590A-4554J-538P","mapping_code":"7_19_7_3772827703","state":1},{"key":"5","name":"5","code":"+4566-4580+564-1670+534-1696EfEc+536-562GhEcEhGfGfEfEhGcEcEcEhGcGcEfEcEfGcE-566+532cEfE-1698JiEkJi+530kJkEkJ-48550+4564-4612+558i+508","mapping_code":"7_20_7_3772786903","state":1},{"key":"6","name":"6","code":"+4568-4644+560-1706+534-1694+536fG-564EhGcG-562GiGfGfE-1696EiGiGiGhEhEjEhEjEhEjEiEhEiGhE-1698GiEj+532-566EkEkLjE-48574+4564-4572Ch+508","mapping_code":"7_21_7_3772819543","state":1},{"key":"7","name":"7","code":"+4602-4556+540-1694+536-1696EfE-562Eg+534-564HiEgHfHfEdEgHiHgEgEiEgHdEdEiHfHiHiHiHfHgEgEfHiEfHfHfH-48578+4566-4572G-542E","mapping_code":"7_22_7_3772803223","state":1},{"key":"8","name":"8","code":"+4568-4578+572-1666+536-1694+534-1696G-562IeE-564EiGjEhGhGhGjGiEiGjEiEf+538fEfEiEfEjGjEjGiEiEiGhGiEfEfI-1670E-48646+4596nIkE","mapping_code":"7_23_7_3772835863","state":1},{"key":"9","name":"9","code":"+4598-4570+562-1670+536-1694EfEcE-564+534gHcEcE-1696H-1698HiHcHgEcEcEcEgHgEgHiHjHgHgHgHfEiHjHgHg+532jHiHj+558-48592+4564-4632+560-568K","mapping_code":"7_24_7_3772782823","state":1},{"key":"MUTE","name":"MUTE","code":"+4940-4590+598-1638+534-1696EfE-564+536-562EiEgEiHfEfHfHiHg+538-560EgEiEfEfE-1698EiEgHfHiEgEgHiEgEfEfHiHfEfE-48610+4620-4608K-540E","mapping_code":"7_39_7_3772834843","state":1},{"key":"INPUT","name":"INPUT","code":"+4624-4602+564-1672+534-1696Ef+536-562GhGcEcGhEfGfG-1694GhEcGhGcEhEcGcEfEfE-566EhGhGhGiGf+560gGhEfC-1686EfGfG-48614+4620nH-538G","mapping_code":"7_12_7_3772788943","state":1},{"key":"LAST","name":"LAST","code":"+4570-4604+568-1682+536-1694+534-1696G-564EiGiG-562EjGhEhGhGiGiGjGiEiGhGhGjEiGhGhGiEjEjEiGfEfEjEjEfEhE-48556A-4558+560-540E","mapping_code":"7_51_7_3772828723","state":1}],"_id":"AkhvdSxA9xC6NVD8"}
