{"category":"FAN","brand":"MITSUBISHI","model":"4695","type":1,"version":"1.0","create_date":1692610757643,"protocol":"MITSUBISHI","map_code":[{"key":"POWER","name":"POWER","code":"+3322-1516+434-1108CdC-402C-400Ce+432dCeCeCdCdCeGdCeCeGdCdCfCdCdCeCdCeCfCeGeCeGdCeCeGeCdCeGeCeGeCeCfCeGeCdCdCeCeGdCeCeGeCdCdCeGeCeGeCeGeCeGeCeGeCeGdCfCeGdC","mapping_code":"-1_0_0_1347677566","state":1},{"key":"SWING","name":"SWING","code":"+3316-1512+436-1110+434-1108E-402+432gEgHfEgEgHfEfE-400EfEgH-406+430fEfEgEfEfEgHfEgEgHgEgHgHdEgEiEgEfEiEgEgHgEiEgEiEgHfEfEgHgEfEgHgEgHfEfEfEiEgEiEgHgEgHgEgHgEgHfEfEgHfE","mapping_code":"-1_0_0_4166552534","state":1},{"key":"SPEED","name":"SPEED","code":"+3290-1532+436-1110+434-1108E-402E-400EgEfEg+432gEfEfEgIfEgEgIfEfEgIfEfEgEfEgIgEgIgEgIfEgEgIgEfEgI-404+430gEgIgIgEgIgEfEfEgIgEfEgEhEgEfEgIfEgEgIgEhEgEhEgEhEgEhEgEfEgIfE","mapping_code":"-1_0_0_1151021632","state":1},{"key":"TIMER","name":"TIMER","code":"+3324-1512+436-1110+434-1108E-402Eg+432gEfEgE-400EfEfEgEfEgHgEfEfEgEfEfEgHfEgEgHgEgHgEfEgHgEgHfEgEgHgEgHgEgHgEgHfEfEgEgHfEgHgEgHfEgEgHfEgEgHgEgHgEgHgEgHgEgHgEfEdH","mapping_code":"-1_0_0_422656730","state":1}],"_id":"IVc1FIkE9MEudwOK"}
