{"category":"FAN","brand":"MITSUBISHI","model":"4728","type":1,"version":"1.0","create_date":1692610832895,"protocol":"MITSUBISHI","map_code":[{"key":"POWER","name":"POWER","code":"+9128-4580+568-1668+566-534EfEfEfEfEfEfEfE-1666CgEgEgEgCgEgEgEgCfEfEfEfEfEfEfEfEgEgCgEgEgEgEgEgEfEfEfEfEfEfEfEfEgCgEgEgEgCgE-14920+9170-2712+570","mapping_code":"87_0_0_8437952","state":1},{"key":"SWING","name":"SWING","code":"+9136-4576+566-1666+596-546C-534CgCgCgCgCgCgCdCdCd+568dCdCdCdCdCdCdCgCgCgCgCgCgCgCgCdCdCdCdCdCdCdH-1664HgCgCgCgCgCgCgCgCiHiHdCdCdC-14978+9166-2254H","mapping_code":"87_0_0_8446176","state":1}],"_id":"zuB93m1M9EkTuRuQ"}
