{"category":"FAN","brand":"DIAMOND","model":"11612","type":1,"version":"1.0","create_date":1689670261492,"protocol":"DIAMOND","map_code":[{"key":"POWER","name":"POWER","code":"+9162-4562+592-542+570-526+572-524EfEfEfEfE-1636Ci+590iJ-1638JiJiJ-1634CiJhEiJfEfEfEfGhGhEfGfElCiCiJiCiJiJlC-41648+9166-2306J","mapping_code":"3_1_128_33456255","state":1},{"key":"SPIN","name":"SPIN","code":"+9160-4530+590-530+570-526+574-522+568-528Ij+572-524KfE-1638C-1636CnCnC-1656EmCnCnClEnCn+592fEfIjEfEfEfEfEjEnPoEnCmCnPn+594-41674+9194-2254P","mapping_code":"3_3_128_33472575","state":1},{"key":"SPEED","name":"UNDEFINED","code":"+9166-4532+590-530+570-526EfEfEfEfEfE-1638C-1636+592hIhChChChIhCfEgCfEhC-506C-504IkIkIkIkIhCkIhChI-1634IhChC-41686A-2256I","mapping_code":"3_5_128_33464415","state":1},{"key":"1","name":"1","code":"+9160-4542+590-530+570-526EfEfEf+568fEf+572-1634Ci+592-1636JiJkCkCkJkC-504JkJkC-1638ClJlJlJlJlJlJlJlCmCkCkJkCkC-41684+9194-2264J","mapping_code":"3_7_128_33480735","state":1},{"key":"2","name":"2","code":"+9164-4524+590-528+570-526EfEfEfEf+572-524G-1636C-1638C-1656Ei+592iLiCiCiCfGiCf+568fEiLhEfEfEfE-506+588iL-1634L-504LiLiCiLpL-41692+9192-2242C","mapping_code":"3_9_128_33460335","state":1}],"_id":"CXFU4QRjJh7q1YRo"}
