{"category":"TV","brand":"SAMSUNG","model":"1012","type":1,"version":"1.0","create_date":1689043866228,"protocol":"SAMSUNG","map_code":[{"key":"POWER","name":"POWER","code":"+4570-4584+570-536+534-1696D-1694EfE-564DhE-562DiDiE-1698EfDgDiDiDiEhDiDhEfEfDiDhEiDhEgDfDiEhDfDg+588fEfE-48574+4572-4588H-1670D","mapping_code":"7_12_14_1886400719","state":1},{"key":"MENU","name":"MENU","code":"+4574-4582+566-536D-1694D-1696Df+534cG-554+544-562G-564+538-582GfDfDeDkGkGjDjGfDkGkDjDfGkDjGkGkGfDfG-1700+528kG-1698GfGp+532-48612+4568-4592+560-1678Q","mapping_code":"7_17_14_1886423159","state":1},{"key":"VOLUME_UP","name":"VOLUME UP","code":"+4598-4594+562-540+534-1696EfEf+536cGcG-564EcGcG-1694EfEfEhEhGh+532-566JhEhEfEhEfEh+558dJkJ-1698JmEkJmJkJmJmJmJ-48614+4588-4646Gm+508","mapping_code":"7_20_14_1886398679","state":1},{"key":"VOLUME_DOWN","name":"VOLUME DOWN","code":"+4638-4614+566-536+534-1696EfDfE-564+560-538EgD-562DjI-1694EfE-1698EjDjDgDjDkDjDkDjDfEjEgDgEjDkDjH-1672DjDfEfEfD-48584+4566-4580G-1670D","mapping_code":"7_21_14_1886431319","state":1},{"key":"CHANNEL_UP","name":"CHANNEL UP","code":"+4572-4570+562-538+536-1696+534fE-1694EcEcEc+560dGcEfG-1698EfGcEcG-564GkGkGfGkG-566+532jGkMlMlM-1700M-588+510jMjGlM-1720P-1722+508rP-48656+4568-4636G-1710P","mapping_code":"7_18_14_1886406839","state":1},{"key":"CHANNEL_DOWN","name":"CHANNEL DOWN","code":"+4596-4558+566-538+534-1694E-1698E-1696E-564E-562DjEiEiEh+536hKfKjKiEiKiEfKhEiEiEhKiEiEjKjKiKhEhKjEhKhKhE-48602+4602aC-1668K","mapping_code":"7_19_14_1886439479","state":1},{"key":"ENTER","name":"ENTER","code":"+4576-4566+566-536D-1696+534eDeF-564FgF-562DgFgD-1694Fe+560-1672DhFgFgFgFeDeFeFeDeFeDeFeFhDgFhDhFgFgFgFgF-48674+4620-4602J-1674D","mapping_code":"7_255_14_1886453504","state":1},{"key":"0","name":"0","code":"+4572-4582+568-538+536-1696+534fEfE-562G-564Ed+560iGh+572-1672GfE-1694EiEiGhDhGhGiEhEhEiGiGiGhEmEfEfGfGfEmEfGfG-48612+4570-4590I-1670E","mapping_code":"7_0_14_1886388479","state":1},{"key":"1","name":"1","code":"+4570a+564-500+572-1696+534e+536e+560-540F-562GjGjGjGeFeGeFbGjFbFbG-1694FbGbGh+538jGjGbFjFbGeF-1698FkGkGeFeGeF-48596+4626-4600H-1674G","mapping_code":"7_1_14_1886421119","state":1},{"key":"2","name":"2","code":"+4594-4546+588-514+534-1696EfEfE-564+536-562HiHiEgHfEfEfHiHiHgEiHiH-1694HgEiHiHgEgEgEfEiHfEfEfEfEfEf+560-48594+4564-4648G-1688+532","mapping_code":"7_2_14_1886404799","state":1},{"key":"3","name":"3","code":"+4594-4572+568-546+536-1694EfE-1696+534-562E-564EiHjHjHgEgEgHiEiEiHi+538fHgEiEjHiKiE-588+558kEiEiHgHgHfEgHgEgH-48600+4596-4562J-1670E","mapping_code":"7_3_14_1886437439","state":1},{"key":"4","name":"4","code":"+4592-4590+570-536+534-1696EfD-1694D-562D-564EhEiEhDfEfEfEiEhDhDhDhDhDfDhDhDh+538hEhDgDfDhDgEfEfEfDfD-48596+4626-4598JfE","mapping_code":"7_4_14_1886396639","state":1},{"key":"5","name":"5","code":"+4570-4572+564-536+534-1698D-1694D-1696EcDcE-562+560-538DiDgDhDhEcIdDiEcDhDcEhDiEcDiDiDiDiDhEcEhEhEhEhDgD-48584+4594-4596I-1672E","mapping_code":"7_5_14_1886429279","state":1},{"key":"6","name":"6","code":"+4572-4570+564-538+534-1698E-1696E-1694+536-562IcIjIjIcIhIgIgI-560IjIcEcIcEgIgIjIjIcIjIcEgEjIc+532fEgEfEgEgE-48616+4564-4608C-1680E","mapping_code":"7_6_14_1886412959","state":1},{"key":"7","name":"7","code":"+4598-4574+572-560+562-1670+534-1696Gh+536eIeG-564GjGjGhIhIh+532jIeGjIjI-1694GhGhGjGjGjIeIeIeIeGeIhGhG-1698GlGhG-48618A-4564JfI","mapping_code":"7_7_14_1886445599","state":1},{"key":"8","name":"8","code":"+4570-4582+568-544+534-1696EfEfE-564Eg+536-562HiEgHfEfEfHiHiEiHgEiHiHiE-1728EgHiEgHiHfHfH-1694HiHfHfEfHkH-48618+4624-4596I-1672E","mapping_code":"7_8_14_1886392559","state":1},{"key":"9","name":"9","code":"+4596-4546+562-538+536-1696Ef+558-1672Ec+534-564EjIjIjIfEfIfIcEjIjIjIfEcIjE-1694EcIjIjI-566IcIfIfIjEf+532-1698GhInM-48612+4594-4566G-1676+556","mapping_code":"7_9_14_1886425199","state":1},{"key":"MUTE","name":"MUTE","code":"+4540-4618+566-536+534-1644+586-1696EhE-564EiEiE-562DiEhD-1694E-1698EjEiEj+538jDhEjDhDhEiEjEiDjDj+560-1670DjDjDhEhDhEhE-48576A-4596MhD","mapping_code":"7_13_14_1886433359","state":1},{"key":"INPUT","name":"INPUT","code":"+4542-4612+564-536+534-1696E-1668+562f+510-588EhEhDhDcDfEfDfEhH-538DhD-546+552-1642JfEfEfKhEhD-502+622o+570cEcDhDcEfE-1694DfDrD-48614+4626-4598H-1672D","mapping_code":"7_15_14_1886449679","state":1}],"_id":"kpXZBzA6I8UIUS27"}
