{"category":"TV","brand":"SAMSUNG","model":"1092","type":1,"version":"1.0","create_date":1689046914371,"protocol":"SAMSUNG","map_code":[{"key":"POWER","name":"POWER","code":"+4566-4572+564-536D-1696+560-538+534eDfDcDcHcDfG-1694HcD-1698H-562DkDkDkDiHeHkDcDiDfDkDkDkDkDiDeDkDeDeHiD","mapping_code":"7_19_10_1347471415","state":1},{"key":"MENU","name":"MENU","code":"+4596-4546+560-540+562-1670+534eG-1696+536eIeI-564GeIjGhGjG-1694IjGjGjG-568+530hGjGjG-566+532hGjGnOnOjG-1698OpOpOnOpO-1700O-1722+508","mapping_code":"7_17_10_1347455095","state":1},{"key":"VOLUME_UP","name":"VOLUME UP","code":"+4566-4604+562-540+534-1696E-566E-1694+536cIcIcI-564EjEfEjIfEcEjIcEjEfEcE-1698EfEj+532gEgLjE-568+530kLgLg+556-1676N-1722+510q+508-1700N","mapping_code":"7_13_10_1347465295","state":1},{"key":"VOLUME_DOWN","name":"VOLUME DOWN","code":"+4600-4552+572-534+536-1692E-564E-1694DgDgDgDgD-562EhEiEhEiEiEgEiEiEhE-1696EhEiEiEgDgDjDgEiEiEjDjEjEhD","mapping_code":"7_14_10_1347448975","state":1},{"key":"CHANNEL_UP","name":"CHANNEL UP","code":"+4570-4628+648-550+670-1720+568-542+536-1694I-562+534-564I-560+538kIkO-1692IkL-1696ImLmIkLkIqLqIjIqLkLmImLmLmLmLmIkIqLqLqL-1698L","mapping_code":"7_15_10_1347481615","state":1},{"key":"CHANNEL_DOWN","name":"CHANNEL DOWN","code":"+4594-4572+566-552+536-1696+534-562E-1694EhE-568+530-564EhEhEfGhEfEhEhEhEhGlEhElGhEfGlElEhGfG-1698GfGfGlGfGfGfE","mapping_code":"7_16_10_1347422455","state":1},{"key":"UP","name":"UP","code":"+4564-4586+562-538+536-1694EcDfE-560+512-586EgEcE-564EfEcDfEcEc+534cEcE-1696KlElKfEfElKlEfEjKcEjKcEcEcEcEcE","mapping_code":"7_255_10_1347485440","state":1},{"key":"0","name":"0","code":"+4572-4570+564-538+534-1696+536-562EfGcEhGcEhGhGfGcEfEhGcGhGhEcEhGhGhGhGcGhGhEfGfGfGfEfEfG-1694GfE","mapping_code":"7_0_10_1347420415","state":1},{"key":"1","name":"1","code":"+4588-4612+562-538+536-1694E-564+534-1696HcHcEcEcEcEiHcEiHgEcEcEcHiEcHcEcEcEgEcHgHcHiEiHiHiHiHiH-1698+532","mapping_code":"7_1_10_1347453055","state":1},{"key":"2","name":"2","code":"+4572-4598+566-574+536-1696+534-562GfEhEhEhEhG-564GfEiGfGiGiGc+532iGiGfGcJcJcJiGcJcJ-1698JcG-1700J-1720+510l+530mNmNlO","mapping_code":"7_2_10_1347436735","state":1},{"key":"3","name":"3","code":"+4538-4612+564-536D-1696D-562+534eGfDcD-560DfDfD-1694Gf+538-1692JfDfDfDfDeGeDcDfDfGcGfGcGcDfGeGeGeGeDeDiD","mapping_code":"7_3_10_1347469375","state":1}],"_id":"DfCKpLXWFLd0tJKV"}
