{"category":"TV","brand":"HAIER","model":"1477","type":1,"version":"1.0","create_date":1695268822631,"protocol":"HAIER","map_code":[{"key":"0","name":"0","code":"+9176-4546+600-500+598-498E-1628EfEfEfEfEfEgEgEfEgEgEgEgEgEfEfEfEfEgEfEfEfEgEgEgEgEfEgEgEgE-41584+9150-2254+602","mapping_code":"3_16_4_551487735","state":1},{"key":"1","name":"1","code":"+9146-4540+600-500+598-498E-1628EfEfEfEfEfEgEgEfEgEgEgEgEgEgEfEfEfEgEfEfEfEfEgEgEgEfEgEgEgE-41600+9200-2268C","mapping_code":"3_17_4_551520375","state":1},{"key":"2","name":"2","code":"+9146-4542+600-500+598-498E-1628EfEfEfEfEfEgEgEfEgEgEgEgEgEfEgEd+596fEgEfEfEfEgEfEgEgEfEgEgEgE-41614+9174-2224C","mapping_code":"3_18_4_551504055","state":1},{"key":"3","name":"3","code":"+9148-4572+576-558+600-528E-1630+598-498HiHiHiHiH-1628EjHiHjHjHjHjHjHjHgHiHiHjHiHiHiHiHiHjHjHiHg+596jHjH-41614+9172-2248+602","mapping_code":"3_19_4_551536695","state":1},{"key":"4","name":"4","code":"+9176-4542+600-500+598-498E-1628EfEfEfEfEfEgEgEfEgEgEgEgEgEfEfEgEfEgEfEfEfEgEgEfEgEfEgEgEgE-41612+9148-2278+624","mapping_code":"3_20_4_551495895","state":1},{"key":"5","name":"5","code":"+9146-4544+600-500+598-498E-1628EfEfEfEf+626dEgEgEfEgEgEgEgEgEgEfEgEfEgEfEfEfEfEgEfEgEfEgEgE-1632+596-41616+9174-2236C","mapping_code":"3_21_4_551528535","state":1},{"key":"6","name":"6","code":"+9148-4534+600-500+598-498E-1628EfEfEfEfEfEgEgEfEgEgEgEgEgEfEgEgEfEgEfEfEfEgEfEfEgEfEgEgEgE-41616+9230-2294C","mapping_code":"3_22_4_551512215","state":1},{"key":"7","name":"7","code":"+9146-4546+600-500+598-498E-1628EfEfEfEfEfEgEgEfEgEgEgEgEgEgEgEgEfEgEfEfEfEfEfEfEgEfEgEgEgE-41614+9178-2242C","mapping_code":"3_23_4_551544855","state":1},{"key":"8","name":"8","code":"+9146-4534+602-498+598dE-1628EdEdEdEdEdEfEfEdEfEfEfEfE-1632+594dEdEdEfEfEdEdEdEfEfEfEdEdEfEfEfE-41624+9178-2230+600","mapping_code":"3_24_4_551491815","state":1},{"key":"9","name":"9","code":"+9146-4540+600-500+598-498E-1628EfEfEfEfEfEgEgEfEgEgEgEgEgEgEfEfEgEgEfEfEfEfEgEgEfEfEgEgEgE-41614+9176-2224C","mapping_code":"3_25_4_551524455","state":1},{"key":"POWER","name":"POWER","code":"+9148-4540+600-500+598-498E-1628EfEfEfEfEfEgEgEfEgEgEgEgEgEfEfEfEgEfEfEfEfEgEgEgEfEgEgEgEgE-41672+9178-2236C","mapping_code":"3_8_4_551489775","state":1},{"key":"MENU","name":"MENU","code":"+9172-4522+600-500+598-498E-1628EfEfEfEfEfEgEgC-496EgEgEgEgEgEgEgEfEfEfEfEgEfEfEfEgEgEgEgEfE-1630E-41602+9174-2232+602","mapping_code":"3_67_4_551535165","state":1},{"key":"VOLUME_UP","name":"VOLUME UP","code":"+9146-4546+600-504+598-498E-1628EfEfEfEfEfEgEgEfEgEgEgEgEgEfEgEfEfEfEfEfEfEgEfEgEgEgEgEgEgE-41600A-2238C","mapping_code":"3_2_4_551502015","state":1},{"key":"VOLUME_DOWN","name":"VOLUME DOWN","code":"+9146-4544+600-500+598-498E-1628EfEfEfEfEfEgEgEfEgEgEgEgEgEgEgEfEfEfEfEfEfEfEfEgEgEgEgEgEgE-41622+9148-2252C","mapping_code":"3_3_4_551534655","state":1},{"key":"CHANNEL_UP","name":"CHANNEL UP","code":"+9146-4534+600-500+598-498E-1628EfEfEfEfEfEgEgC-496EgEgEgEgEgEfEfEfEfEfEfEfEfEgEgEgEgEgEgEgEgE-41614+9174-2232C","mapping_code":"3_0_4_551485695","state":1},{"key":"CHANNEL_DOWN","name":"CHANNEL DOWN","code":"+9148-4540+600-500+598-498E-1628EfEfEfEfEfEgEgEfEgEgE-1660EgEgEgEfEfEfEfEfEf+596fEfEgEgEgEgEgEgEgE-41638+9176-2242C","mapping_code":"3_1_4_551518335","state":1},{"key":"MUTE","name":"MUTE","code":"+9148-4562+600-506+598-498E-1628EfEfEfEfEfEgEgEfEgEgEgEgEgEgEfEfEgEfEfEfEfEfEgEgEfEgEgEgEgE-41604+9174-2226C","mapping_code":"3_9_4_551522415","state":1},{"key":"INPUT","name":"INPUT","code":"+9172-4554+600-522+598-498E-1628EfEfEfEfEfEgEgEfEgEgEgEgEgEgEgEfEgEfEfEfEfEfEfEgEfEgEgEgEgE-41576+9152-2258C","mapping_code":"3_11_4_551538735","state":1},{"key":"INFO","name":"INFO","code":"+9252-4564+600-500+598-498E-1628EfEfEfEfEfEgEgEfEgE-1630EgEgEgEgEgEfEhEgEfEfEfEfEfEgEfEfEgEgEgE-41600+9174-2222C","mapping_code":"3_27_4_551540775","state":1},{"key":"SLEEP","name":"SLEEP","code":"+9146-4540+600-500+598-498E-1628EfEfEfEfEfEgEgEfEgEgEgEgEgEfEgEgEgEfEfEfEfE-1630EfEfEfEgEgE-1632+594gE-41638+9178-2256C","mapping_code":"3_14_4_551514255","state":1},{"key":"EXIT","name":"EXIT","code":"+9176-4552+600-500+598-498E-1628EfEfEfEfEfEgEgEfEgEgEgEgEgEgEgEfEgEgEfEgEfEfEfEgEfEfEgEfEgE-41616+9178-2238C","mapping_code":"3_91_4_551541285","state":1},{"key":"RED","name":"RED","code":"+9146-4540+600-500+598-498E-1628EfEfEfEfEfEgEgEfEgEgEgEgEgEfEgEfEfEgEgEgEfEgEfEgEgEfEfEfEgE-41614+9226-2258C","mapping_code":"3_114_4_551505585","state":1},{"key":"GREEN","name":"GREEN","code":"+9174-4518+600-500+598-498E-1628EfEfEfEfEfEgEgEfEgE-1630EgEgEgEgEfEfEfEgEgEgEfEfEgEgEgEfEd+596fEgE-41612A-2228C","mapping_code":"3_113_4_551521905","state":1},{"key":"BLUE","name":"BLUE","code":"+9148-4540+600-500+598-498E-1628EfE-502+594fEfEfEgEgEfEgEgEgEgEgEgEfEf+596dEfEgEgEfEfEgEgEgEgEfEfEgE-41614+9178-2242C","mapping_code":"3_97_4_551519865","state":1},{"key":"YELLOW","name":"YELLOW","code":"+9178-4550+600-500+598-498E-1628EfEfEfEfEfEgEgEfEgEgEgEgEgEgEgEfEfEfEgEg+602-494EfEfEgEgEgEfEfEgE-41618A-2268C","mapping_code":"3_99_4_551536185","state":1},{"key":"PICTURE_MODE","name":"PICTURE MODE","code":"+9172-4512+600-500+598-498E-1628EfEfEfEfEfEgEgEfEgEg+602-1626EgEgEgEfEgEgEfEfEgEfEfEgEfEfEgEgEfEgE-41632+9176-2232C","mapping_code":"3_77_4_551531085","state":1},{"key":"SOUND_MODE","name":"SOUND MODE","code":"+9146-4534+600-500+598-498E-1628EfEfEfEfEfEgEgEfEgEgEgEgEgEfEgEfEfEgEfEgEfEgEfEgEgEfEgEfEgE-41600+9176-2232C","mapping_code":"3_82_4_551504565","state":1}],"_id":"VSval9VN80buB29E"}
