{"category":"TV","brand":"TCL","model":"1092","type":1,"version":"1.0","create_date":1688984823616,"protocol":"TCL","map_code":[{"key":"POWER","name":"POWER","code":"+4580-4566+568-534D-1696D-564+536eD-562GhGhDfDhGeDhGeDhGhGhGhGe+560-1670DhGhGeDhGhDfDhDfG-1694GeDfDkGeDeG","mapping_code":"7_19_10_1347471415","state":1},{"key":"VOLUME_UP","name":"VOLUME UP","code":"+4566-5222+578-538+536-1696E-564+534fH-562H-526+570gHgHiI-1670HiEfHiEiEiEg+560lEgHfHfHgHiHiEiEiHfEiHgHfHfE-1694HfH","mapping_code":"7_13_10_1347465295","state":1},{"key":"VOLUME_DOWN","name":"VOLUME DOWN","code":"+4596-4572+596-520+558-1672+536-562G-1696+534hG-564JkGhGhGiJhGiJhGhGhGkJhJiGiJiJkJhJkGhJiGhJkGhGiJiJiJiG","mapping_code":"7_14_10_1347448975","state":1},{"key":"CHANNEL_UP","name":"CHANNEL UP","code":"+4606-4594+570-532+536-1696E-562+534fEgEgE-564HgEiHfHiHfHgHiHiHg+560-1670EfHfE-1698HgHiHgEiHiEgHgEgEfEfE-1694EmH","mapping_code":"7_15_10_1347481615","state":1},{"key":"CHANNEL_DOWN","name":"CHANNEL DOWN","code":"+4594-4608+566-544+536-1696+534-562+538-1674+554-564GhEhGlEhEfGhEfGhElGl+598-532GlGlElGhEfGlGlEhEfGfEfGfEhGfG-1694EfG","mapping_code":"7_16_10_1347422455","state":1},{"key":"ENTER","name":"ENTER","code":"+4606-4538+566-534+536-1696E-562E-1694EgEgDgE-564+538-560EfDgEfDiDiDiDiDfEfK-1672DfEfEfDfEfEgDiDiEiDgDiDiEgD","mapping_code":"7_255_10_1347485440","state":1},{"key":"0","name":"0","code":"+4856-4618+562-540+534-1696+536-564EfEhGcGcGcEhEfEhEfEcGcGc+560-538GhEhEhGhEhEcGcGcGf+532-1698EfEfEfElEfEfE","mapping_code":"7_0_10_1347420415","state":1},{"key":"1","name":"1","code":"+4606-4544+570-530+536-1694E-564+534-1696EgH-562EgEjHgHiEjEiEjHjEjEjHiEjHjEgHjEgEjHgHjEiHiHiEiHiHiEiH","mapping_code":"7_1_10_1347453055","state":1},{"key":"2","name":"2","code":"+4568-4586+568-534D-1696+536-562DeD-564FhDgFgFgDeFgDeFgFgDg+538gDhDeFgFgDgFgD-566DgFeFgDeDeDeD-1698DeFeD","mapping_code":"7_2_10_1347436735","state":1},{"key":"3","name":"3","code":"+4604-4650+574-540+536-1696E-562E-1636+594gEgEgE-564Eg+534fEjKfEjKgKjKjKfKfEgEgEjKjKjEgEjKjKfEfEfK-1698KfEfK","mapping_code":"7_3_10_1347469375","state":1},{"key":"4","name":"4","code":"+4668-4612+570-530+536-1694+534-564E-1696GhG-562EjGhEjEiGjEiGhEhGjGjEjEhGiGhGhGhGhGjEiGiEjEiGiGfEi+558-1672E","mapping_code":"7_4_10_1347428575","state":1},{"key":"5","name":"5","code":"+4602-4540+568-532+536-1694E-564EfEg+534-562EgHgHiE-1696Ei+558-1672HgHgHiEiHjEiEfEiEiEgHiEiEiHjEgHjHjHjEjEjH","mapping_code":"7_5_10_1347461215","state":1},{"key":"6","name":"6","code":"+4570-4582+566-542+534-1696E-562+536fHgHgH-564EiEgHfEgEfHiHgEgEiEiEfEfEiHgEiHgEiH-1694HiEcEfE-1698EfEkEfE","mapping_code":"7_6_10_1347444895","state":1},{"key":"7","name":"7","code":"+4594-4596+606-504+536-1694E-562EfEgEg+534-564EgHgE-1696EgEfEgHiHg+540-558EfEjHjHgEiHiHiHiEgEgEgEjEfHjEfEjE","mapping_code":"7_7_10_1347477535","state":1},{"key":"8","name":"8","code":"+4566-4604+570-532+536-1694E-562E-1696+560eE-564+534jKgEgKhEgEfEgEjKjKjKjKjEgKhKjKgKjKjKhKh+558-1672KjEhKhKhKhK","mapping_code":"7_8_10_1347424495","state":1},{"key":"9","name":"9","code":"+4572-4598+572-538+536-1696E-562E-1694Eg+534-564EgEgEgEhIjEfIj+560dEjIjIfIjIgEhEjIjEgIjEgEfIfEgIfI-1698IfEfI","mapping_code":"7_9_10_1347457135","state":1},{"key":"MUTE","name":"MUTE","code":"+4598-4540+568-536+534-1696E-564EfEgE-562E-566EhDgEfEgDfDhEhDhDhEfDfDhEfE-596DhDhEgDhEgEfEgEfDfEfEfE","mapping_code":"7_11_10_1347473455","state":1},{"key":"INPUT","name":"INPUT","code":"+5292-4718+578-548+588-1644+536-562G-1694G-538+560-564+534hGlMhG-1696MhGi+554-546GhGhGhGnMhGnMlGnGlMhGhGhGnMlMnGhGnMnMnM","mapping_code":"7_21_10_1347463255","state":1},{"key":"LAST","name":"LAST","code":"+4598-4540+566-534+536-1696E-564DfDgD-562DgDhEhEfDhEfDgDgDgDgDgDgDfEfDhEhEhEhDfDfDgDgE-1694DfDfDfD","mapping_code":"7_12_10_1347432655","state":1},{"key":"DISPLAY","name":"DISPLAY","code":"+4572-4580+598-504+536-1652+578-564+534-1696IhIhI-562EkEh+538-1692EkEjIhIhIhIkEkEhIkE-1694EjEhIhIhIjEjIjIhEkEnEjEnE","mapping_code":"7_24_10_1347426535","state":1}],"_id":"GCJdn2hjUeYBPQfb"}
