{"category":"TV","brand":"TCL","model":"1567","type":1,"version":"1.0","create_date":1689753520584,"protocol":"TCL","map_code":[{"key":"POWER","name":"POWER","code":"+4540-4608+576-526+536-562+560-1672Gh+538fGiIg+558-542JiIfF-1670E-1694EfIgIfIfEmE-1696EmImIfEfGiEfE-564Ef+534oEfEnPnEnEnE","mapping_code":"7_15_12_808513551","state":1},{"key":"MENU","name":"MENU","code":"+4566-4580+572-530+560-538+562-1670Gh+536gGiI-564GiIgIgE-1672+558kIgIgIgIgEfIgIjEfF-1694IjEfIgI-1696EhFmJ-1666FgInEkInI","mapping_code":"7_16_12_808454391","state":1},{"key":"0","name":"0","code":"+4604-4566+576-534+562-536E-1670+560-1672+538eFeEjH-540FhEfJ-1694E-1668JeHkFeHjHj+564dHjHjFeFeF-460+640eFl+558-1674FlJlFlHgJlF-1696J","mapping_code":"7_0_12_808452351","state":1},{"key":"1","name":"1","code":"+4548-4598+538-560Cd+536-1694+562-1670GeCgDcDcDcEgE-1696D-1672EgEgCgDcEiDcE-564EgEk+534kLkEkLkLiLiL-1698LiLiLiEiL","mapping_code":"7_1_12_808484991","state":1},{"key":"2","name":"2","code":"+4566-4584+538-560+564-486+588-1694ChCdCdCdC-562CdIc+536hC-1692DcCdCdIcIcD-1670CiIjDcJiCdCiChCd+558-1674JhD-1672DlJhJhC","mapping_code":"7_2_12_808468671","state":1},{"key":"3","name":"3","code":"+4566-4582+574-528+560-538F-1694+562-1668Ef+548-550Fh+536hLhFhH-1670EmHfE-540EfEf+558-1674LgLhLhFhFhLhLhLhEfLgFgE-1672EqEqEqO","mapping_code":"7_3_12_808501311","state":1},{"key":"4","name":"4","code":"+4520-4628+572-530+560-538F-1694E-1672+536-562EfE-540+534-564+558kLmI-1696LoImIjImLmLmLmLoIjIjIjIjImIoL-1698LmLoLpLoLoLoI","mapping_code":"7_4_12_808460511","state":1},{"key":"5","name":"5","code":"+4520-4628+574-528+538-562+560-1672+534-1696+536fKfK-564IlK-566+532lKjKjIlKfImKlIjKlIjIlIlIlIlImIlKjIlIjKjKjKjKjI","mapping_code":"7_5_12_808493151","state":1},{"key":"6","name":"6","code":"+4520-4632+562-538+552-546+536-1694Gh+558-542GcCgG-560DkDcGhK-1672GcDcGcDcKdC-1670KlGcG-564GcGcGcKlKdGcKlKlGhKlIlK","mapping_code":"7_6_12_808476831","state":1},{"key":"7","name":"7","code":"+4602-4562+606-496+538-562F-1670+536-1696+560eH-564JhHf+516-584+710-390JgJ-1672HfHfHfHfH-1694HqEq+534kJeJ-540HkJeHfHkHfHiHiHiHiJpH","mapping_code":"7_7_12_808509471","state":1},{"key":"8","name":"8","code":"+4564-4596+574-534+560-538E-1670+540-1692EfEhEfF-562+536jEfK-1696DlEfFj+564kKjKjKmEh+558-1672KjEfNfMkK-1694KpKpKjKlDlKpEoD","mapping_code":"7_8_12_808456431","state":1},{"key":"9","name":"9","code":"+4704-4638+580-522+538-560E-1694EgEfFeEf+540f+534-564+558h+536gL-1696FhL-562LnFhLmIjLnLmIjInLjInLnLmI-1698IjLmIm+532oImL","mapping_code":"7_9_12_808489071","state":1},{"key":"VOLUME_UP","name":"VOLUME UP","code":"+4664-4612+606-498+538-562+536-1694F-1670Gf+560eJ-542+556gG-564GjG-1696JiEfJeEfGfGhEfJeGfGhGfGfGfGfGh+540-1692GhEfGnGhJ-1672J","mapping_code":"7_17_12_808487031","state":1},{"key":"VOLUME_DOWN","name":"VOLUME DOWN","code":"+4540-4894+572-532+534-562+560-1672+536-1694G-538IfFiFkI-564IfIjF-1670GkIfIlIfIfI-1696IfKgIjGkIfIfGhIlEnGhIlInInEnE","mapping_code":"7_18_12_808470711","state":1},{"key":"CHANNEL_UP","name":"CHANNEL UP","code":"+4520-4628+608-498+536-560+562-1672FhEgEgEgEgF-538E-564E-1696+542-1690+556-540Ig+558o+534jEkEkFiQkEgEjFiE-566PiEjQkEjQ-1698QkPhE-1694E","mapping_code":"7_11_12_808505391","state":1},{"key":"CHANNEL_DOWN","name":"CHANNEL DOWN","code":"+4564-4586+606-502+562-536+560-1672E-1670F-564+534e+558-540FeFjFeGh+538-1694GmKjFeFjLmGmF-1696L-1674FeGmKjKjFpFpFeGnKp+578iKpLqK","mapping_code":"7_12_12_808464591","state":1},{"key":"ENTER","name":"ENTER","code":"+4564-4584+572-530+536-562+560-1672E-1694Fe+538gFeG-540GjE-564+534iEiEfElEfEfE-1696JiEnEiGhEiGhEiEl+558kMfJfEfEfGjEfE","mapping_code":"7_255_12_808517376","state":1},{"key":"MUTE","name":"MUTE","code":"+4562-4592+574-532+536-562F-1670+538-1694H-560JhEfEfJhEfE-1696J-1672JhEfJ-540EfEkJl+534fJmEkJhE-564+558mNoEfEkN-1698JhJlEkNkE","mapping_code":"7_19_12_808503351","state":1},{"key":"INPUT","name":"INPUT","code":"+4564-4582+596-508+558-538+562-1670+560-1672+536gFgGfKgIfIf+564-1668K-1696IfKgFiKgKg+534nK-1694FnE-540KgIfIqIhIqKgKgIjK-1700+554jKnQ","mapping_code":"7_14_12_808480911","state":1},{"key":"LAST","name":"LAST","code":"+4566-4582+572-530+536-564E-1696+558-1672H-540+560-538LkL-562EmEfEgHiHjHjEfEmEm+534fN-1698KlEmH-1674EmEmEgEgH-542HiEgLkEgEgE","mapping_code":"7_36_12_808461531","state":1},{"key":"DISPLAY","name":"DISPLAY","code":"+4548-4760+574-528+560-538F-1694+536gE-540H-562FeFeHjJfE-1672HgH-564+558iEiHjH-1696E-1670HnEiHgJfHjHlJhHjMiHgHlHn+534nHnM","mapping_code":"7_23_12_808511511","state":1}],"_id":"f1fvZnVAVEJDEvBP"}
