{"category":"TV","brand":"TCL","model":"3248","type":1,"version":"1.0","create_date":1688983042083,"protocol":"TCL","map_code":[{"key":"POWER","name":"POWER","code":"+336-1654+306-1658+332-1632C-710+308-708+334-684CdHgEk+310-1656Cg+330-688HgCgHgC-712C-28538HmHdHdCgCgHgHdCgHiHdCpCgCpCpCgCgN","mapping_code":"12_0_0_57920","state":1},{"key":"MENU","name":"MENU","code":"+334-1660+306-1658CdC-710CeC-712+304bCe+308dHeCdCb+332-1632CdCfCeC-24800+362-1650CbCdCfGfC-714GdCfCdCeGb+328-1638GbCdCn+302nG","mapping_code":"12_0_0_58044","state":1},{"key":"VOLUME_UP","name":"VOLUME UP","code":"+336-1656+306-1658+308dC-710CfEfCdC-712Cg+304-1660HgCgCfCdCgCgC-27600+334-1648CdCdCgHgCgCiHgCgHiHgCgH-714HiCgCm+302","mapping_code":"12_0_0_57924","state":1},{"key":"VOLUME_DOWN","name":"VOLUME DOWN","code":"+332-1656+306-1658+308d+304-712CgC-710C-1660ChCgCdChCiFgCiChCgC-26726+358-1666+302dCdCgFgFhCiFgChCiCgFdEgCdChCgF","mapping_code":"12_0_0_57940","state":1},{"key":"CHANNEL_UP","name":"CHANNEL UP","code":"+336-1654+312b+308-1658D-708D-710Dg+306eHfDgHeHfD-1656DgDgHg+304-712+332-27626+364-1648L-1634HeHgDfHgDeHkHgHiDkH-1660HgHgDgHkH","mapping_code":"12_0_0_57936","state":1},{"key":"CHANNEL_DOWN","name":"CHANNEL DOWN","code":"+336-1596+368-1628A-1658+306-700+318-708+308-662+356eF-710JiJeFm+332-686N-1616+324-712+304rF-656+360-27628+338-1644F-1660FeFrFmFiJeFrSmJeFrSmJeFrSmFmF","mapping_code":"12_0_0_57928","state":1},{"key":"UP","name":"UP","code":"+330-1660+306bC-1658C-712C-710CeCdCfCdCdCd+308fCeCdCfCeC-25742C-1694CdCdCeG-708CfCbCjGdCbCdCfCeCdCf+304-714K","mapping_code":"12_0_0_58084","state":1},{"key":"DOWN","name":"DOWN","code":"+342-1652+330-1634+306-1658E-710EgE-712E-1660+304hEfEiE-1656+310k+308gCdEhEhJ-24762A-1642EfCdEgEhJhEiEhJiJfEiJfEhCdJhJhM","mapping_code":"12_0_0_58100","state":1},{"key":"LEFT","name":"LEFT","code":"+338-1656+306-1658CdC-712C-710Cf+308-1660+304fGeCfIhCdCdGdCfGfG-25690IhCdCdCeCfCfGdCfCeCfCdCdCdChCf+330-686C","mapping_code":"12_0_0_57916","state":1},{"key":"RIGHT","name":"RIGHT","code":"+342-1652+304-1662C-1660+306-712F-710FgF-1658FhFh+332-686Fi+308hJ-1632LiFgFhF-26700+360-1646FeCiFgF-724FgCeFhFgFgJmLhFdCiFgC-714C","mapping_code":"12_0_0_57900","state":1},{"key":"0","name":"0","code":"+342-1652+306-1658CdC-712C-710+308fCdCfG-1656GfCfGdGfCfGfGfC-27604+338hGdC-1660+304fCfCfCkCfCkLeLeCkLeCfCeLeC","mapping_code":"12_0_0_58000","state":1},{"key":"1","name":"1","code":"+340-1652+304-1660+306-1658E-712EgCgEfEgEgEgE-710CgEhEhEh+308hC-29538+366-1642EfEdEhIhEhEfEhEhEgEhIhEgEhIhIhE","mapping_code":"12_0_0_57856","state":1},{"key":"2","name":"2","code":"+338-1658+304b+306bD-710C-712DeD-1660DfDeDf+308eD-1656HeDeDeHeD-28606+360-1652Db+284-1682DeHeDfDiHeDfDeDeDbDeHeDfDeD","mapping_code":"12_0_0_57872","state":1},{"key":"3","name":"3","code":"+332-1658+306bCb+308-708D-710CfDbC-712+304fCgCfCgCbDgHgCfC-28594+360-1654CbCbCgCgCfCb+334-692CgCgCfCgC-1660HfDfCgC","mapping_code":"12_0_0_57864","state":1},{"key":"4","name":"4","code":"+336-1658+308b+306bC-710DeC-708CbDeCfD-712DgDbDbDg+304eDeD-27652D-1696DbD-1660DeDgHgDkDeD-736DgDeDbDbDeDeCgH","mapping_code":"12_0_0_57880","state":1},{"key":"5","name":"5","code":"+346-1648+308-1658C-1656C-708C-710+306gHeCgCgHgHgH-712HgHeCgCgH-28614+366-1646HdHdHiHiHgCdHiHgHgCgHi+304gCdHiHfC","mapping_code":"12_0_0_57860","state":1},{"key":"6","name":"6","code":"+368-1628+306-1660C-1656+308-710C-712+304gC-1658FgChCgChCjCgCdIhCgF-27616+332eIdCjC-708FgFgCjFgChCgChCjCgCjCgCgF","mapping_code":"12_0_0_57876","state":1},{"key":"7","name":"7","code":"+338-1656+306-1662+304-1658C-710+308-714E-708HfCgCgHgCgHjHfCfHjHgC-27648+390-1620CfHbHjHgHgHbHgCgHgCgHgCfCfC-712CgH","mapping_code":"12_0_0_57868","state":1},{"key":"8","name":"8","code":"+340-1654+306-1658C-1662+302-710+308gHgCdCgCgHgH-708HdHdC-1656HiHgC-26696+364-1648+334-1632CdHgCgHgCdCgH-712CgCgCdC-1660+304dCpCpC","mapping_code":"12_0_0_57884","state":1},{"key":"9","name":"9","code":"+336-1658+308b+306bC-710DeDeC-1656CeCbDeDeDeD-712DgDeDeD-28580+334bDbD-1660DgDeDeDjDg+304bDeCeDeDeDgDgDeD","mapping_code":"12_0_0_57984","state":1},{"key":"MUTE","name":"MUTE","code":"+360-1630+306-1658C-1660C-708+308-710GhG-1656C-712ChCdCj+304jGdCiCjCjC-26654+334-1644CeCeKjChGjCdChCjKdCjKjKeKdCjCjK","mapping_code":"12_0_0_57932","state":1},{"key":"INPUT","name":"INPUT","code":"+342-1652+306-1658+308dC-710EfC-708E-1656EfEgEhEfCdEhEdC-712CfE-25688EdCdEdCiEfCfEhEfCfEhEfCdEdCdCfCiC","mapping_code":"12_0_0_57948","state":1},{"key":"LAST","name":"LAST","code":"+342-1652+306-1658C-1656+308-710FgCgFeFgCeFgCgFeCdFg+330-686FgC-26726+362-1654FdCdFgCgFgCdC-712CeFgCgCdCdCmCmCgC","mapping_code":"12_0_0_58008","state":1},{"key":"DISPLAY","name":"DISPLAY","code":"+334-1658+308b+306bC-708C-710DfD-1656C-712+304-1660IbDhDjIbDfDhDfD-25762+360-1662DjIbCfD-734+282hDbD-714IbDbDhIbDbDhIhIhD","mapping_code":"12_0_0_58072","state":1}],"_id":"0lqLgElGUOUI2rUx"}
