{"category":"TV","brand":"TCL","model":"4107","type":1,"version":"1.0","create_date":1688984003287,"protocol":"TCL","map_code":[{"key":"MENU","name":"MENU","code":"+912-892+1790-880+872-898+876-902+874-900EhEh+870-1792+1738-926Ec+1764","mapping_code":"1_18_0_18","state":1},{"key":"POWER","name":"POWER","code":"+910-892+872-902+1740-924+874-904+870dG-900CdGjG-1792Id+1762jG","mapping_code":"1_12_0_2060","state":1},{"key":"VOLUME_UP","name":"VOLUME UP","code":"+908-894+1760-902+874-900+872dGd+878-898+870dEfG-1792Gf+1762dG","mapping_code":"1_12_0_12","state":1},{"key":"VOLUME_DOWN","name":"VOLUME DOWN","code":"+930-874+872-902+1762-900BdCdCdCdC-1790+1764dCdCdC","mapping_code":"1_16_0_2064","state":1},{"key":"CHANNEL_UP","name":"CHANNEL UP","code":"+936-868+1766-898+874-902+872fE-900GfGfG-1792+1738-924H-876G-1790G","mapping_code":"1_17_0_17","state":1},{"key":"CHANNEL_DOWN","name":"CHANNEL DOWN","code":"+904-898+872-902+1764dCdCdC-900CdC-1790E-1788+876f+1760","mapping_code":"1_22_0_2070","state":1},{"key":"ENTER","name":"ENTER","code":"+910-894+872-902+1740-924CdC-900G-874H-1790HgHdCgCdCgH","mapping_code":"1_63_0_2111","state":1},{"key":"0","name":"0","code":"+914-890+1740-922+874-900+872-902G-904Gf+876-898Jf+870iLhLhEhE","mapping_code":"1_0_0_0","state":1},{"key":"1","name":"1","code":"+906-896+874-904+1758d+872-902FgCgFg+870dHgFgC-900CgF","mapping_code":"1_0_0_2048","state":1},{"key":"2","name":"2","code":"+902-896+874a+1738-924+872aFaF-900FaFgF-904FgF-1792+1788","mapping_code":"1_2_0_2050","state":1},{"key":"3","name":"3","code":"+932-870+874-900+1762-902+872dCfGfGfGfGfGfC-1790GdG","mapping_code":"1_3_0_2051","state":1},{"key":"4","name":"4","code":"+908-896+1762-902+872dEd+874-900FdF-898FgEgF-1790+1764dE","mapping_code":"1_4_0_4","state":1},{"key":"5","name":"5","code":"+908-896+874-900+1740-924+872-902GhGdGhChGhG-1790E-926G","mapping_code":"1_4_0_2052","state":1},{"key":"6","name":"6","code":"+904-896+872-900+1764dC-902CfCd+874dCfCfC-1792+870a+1762","mapping_code":"1_6_0_2054","state":1},{"key":"7","name":"7","code":"+906-898+1740-924+872-902EfE-900+874gHfEfEgE-1792Eg+1764","mapping_code":"1_6_0_6","state":1},{"key":"8","name":"8","code":"+904-896+1736-926+874-898EaE-900+872a+870gHaI-1792+1740-924HgH","mapping_code":"1_8_0_8","state":1},{"key":"9","name":"9","code":"+906-898+872-900+1740-924C-902+874dCgHg+870gC-1790+1762gCgC","mapping_code":"1_8_0_2056","state":1}],"_id":"iiwdBCR0IITOOln7"}
